[INFO] Scanning for projects...
[INFO] 
[INFO] --------------------< org.example:vehicles_rental >---------------------
[INFO] Building vehicles_rental 0.0.1-SNAPSHOT
[INFO]   from pom.xml
[INFO] --------------------------------[ jar ]---------------------------------
[INFO] 
[INFO] >>> spring-boot:4.1.0:run (default-cli) > test-compile @ vehicles_rental >>>
[INFO] 
[INFO] --- resources:3.5.0:resources (default-resources) @ vehicles_rental ---
[INFO] Copying 1 resource from src\main\resources to target\classes
[INFO] Copying 1 resource from src\main\resources to target\classes
[INFO] 
[INFO] --- compiler:3.15.0:compile (default-compile) @ vehicles_rental ---
[INFO] Nothing to compile - all classes are up to date.
[INFO] 
[INFO] --- resources:3.5.0:testResources (default-testResources) @ vehicles_rental ---
[INFO] skip non existing resourceDirectory D:\JavaSpringBoots_ETEC\SpringBoot\Final-Project\vehicle_rental\src\test\resources
[INFO] 
[INFO] --- compiler:3.15.0:testCompile (default-testCompile) @ vehicles_rental ---
[INFO] Nothing to compile - all classes are up to date.
[INFO] 
[INFO] <<< spring-boot:4.1.0:run (default-cli) < test-compile @ vehicles_rental <<<
[INFO] 
[INFO] 
[INFO] --- spring-boot:4.1.0:run (default-cli) @ vehicles_rental ---
[INFO] Attaching agents: []

  .   ____          _            __ _ _
 /\\ / ___'_ __ _ _(_)_ __  __ _ \ \ \ \
( ( )\___ | '_ | '_| | '_ \/ _` | \ \ \ \
 \\/  ___)| |_)| | | | | || (_| |  ) ) ) )
  '  |____| .__|_| |_|_| |_\__, | / / / /
 =========|_|==============|___/=/_/_/_/

 :: Spring Boot ::                (v4.1.0)

2026-09-15T11:55:58.986+07:00  INFO 21060 --- [vehicles_rental] [           main] o.e.v.VehiclesRentalApplication          : Starting VehiclesRentalApplication using Java 21.0.9 with PID 21060 (D:\JavaSpringBoots_ETEC\SpringBoot\Final-Project\vehicle_rental\target\classes started by Rachana in D:\JavaSpringBoots_ETEC\SpringBoot\Final-Project\vehicle_rental)
2026-09-15T11:55:58.994+07:00  INFO 21060 --- [vehicles_rental] [           main] o.e.v.VehiclesRentalApplication          : No active profile set, falling back to 1 default profile: "default"
2026-09-15T11:55:58.994+07:00 DEBUG 21060 --- [vehicles_rental] [           main] o.s.boot.SpringApplication               : Loading source class org.example.vehicles_rental.VehiclesRentalApplication
2026-09-15T11:55:59.070+07:00 DEBUG 21060 --- [vehicles_rental] [           main] ConfigServletWebServerApplicationContext : Refreshing org.springframework.boot.web.server.servlet.context.AnnotationConfigServletWebServerApplicationContext@1c481ff2
2026-09-15T11:56:00.132+07:00  INFO 21060 --- [vehicles_rental] [           main] .s.d.r.c.RepositoryConfigurationDelegate : Bootstrapping Spring Data JPA repositories in DEFAULT mode.
2026-09-15T11:56:00.157+07:00 DEBUG 21060 --- [vehicles_rental] [           main] o.s.b.a.AutoConfigurationPackages        : @EnableAutoConfiguration was declared on a class in the package 'org.example.vehicles_rental'. Automatic @Repository and @Entity scanning is enabled.
2026-09-15T11:56:00.297+07:00  INFO 21060 --- [vehicles_rental] [           main] .s.d.r.c.RepositoryConfigurationDelegate : Finished Spring Data repository scanning in 153 ms. Found 23 JPA repository interfaces.
2026-09-15T11:56:09.116+07:00 DEBUG 21060 --- [vehicles_rental] [           main] o.s.b.t.s.TomcatServletWebServerFactory  : Code archive: C:\Users\CodexSandboxOffline\.m2\repository\org\springframework\boot\spring-boot-web-server\4.1.0\spring-boot-web-server-4.1.0.jar
2026-09-15T11:56:09.117+07:00 DEBUG 21060 --- [vehicles_rental] [           main] o.s.b.t.s.TomcatServletWebServerFactory  : Code archive: C:\Users\CodexSandboxOffline\.m2\repository\org\springframework\boot\spring-boot-web-server\4.1.0\spring-boot-web-server-4.1.0.jar
2026-09-15T11:56:09.117+07:00 DEBUG 21060 --- [vehicles_rental] [           main] o.s.b.t.s.TomcatServletWebServerFactory  : None of the document roots [src/main/webapp, public, static] point to a directory and will be ignored.
2026-09-15T11:56:09.147+07:00  INFO 21060 --- [vehicles_rental] [           main] o.s.boot.tomcat.TomcatWebServer          : Tomcat initialized with port 8080 (http)
2026-09-15T11:56:09.165+07:00  INFO 21060 --- [vehicles_rental] [           main] o.apache.catalina.core.StandardService   : Starting service [Tomcat]
2026-09-15T11:56:09.165+07:00  INFO 21060 --- [vehicles_rental] [           main] o.apache.catalina.core.StandardEngine    : Starting Servlet engine: [Apache Tomcat/11.0.22]
2026-09-15T11:56:09.257+07:00 DEBUG 21060 --- [vehicles_rental] [           main] b.w.c.s.WebApplicationContextInitializer : Published root WebApplicationContext as ServletContext attribute with name [org.springframework.web.context.WebApplicationContext.ROOT]
2026-09-15T11:56:09.259+07:00  INFO 21060 --- [vehicles_rental] [           main] b.w.c.s.WebApplicationContextInitializer : Root WebApplicationContext: initialization completed in 10188 ms
2026-09-15T11:56:09.492+07:00  INFO 21060 --- [vehicles_rental] [           main] org.hibernate.orm.jpa                    : HHH008540: Processing PersistenceUnitInfo [name: default]
2026-09-15T11:56:09.587+07:00  INFO 21060 --- [vehicles_rental] [           main] org.hibernate.orm.core                   : HHH000001: Hibernate ORM core version 7.4.1.Final
2026-09-15T11:56:10.155+07:00  INFO 21060 --- [vehicles_rental] [           main] o.s.o.j.p.SpringPersistenceUnitInfo      : No LoadTimeWeaver setup: ignoring JPA class transformer
2026-09-15T11:56:10.200+07:00  INFO 21060 --- [vehicles_rental] [           main] com.zaxxer.hikari.HikariDataSource       : HikariPool-1 - Starting...
2026-09-15T11:56:10.484+07:00  INFO 21060 --- [vehicles_rental] [           main] com.zaxxer.hikari.pool.HikariPool        : HikariPool-1 - Added connection org.postgresql.jdbc.PgConnection@3265995e
2026-09-15T11:56:10.486+07:00  INFO 21060 --- [vehicles_rental] [           main] com.zaxxer.hikari.HikariDataSource       : HikariPool-1 - Start completed.
2026-09-15T11:56:10.532+07:00  WARN 21060 --- [vehicles_rental] [           main] org.hibernate.orm.deprecation            : HHH90000025: PostgreSQLDialect does not need to be specified explicitly using 'hibernate.dialect' (remove the property setting and it will be selected by default)
2026-09-15T11:56:10.564+07:00  INFO 21060 --- [vehicles_rental] [           main] org.hibernate.orm.connections.pooling    : HHH10001005: Database info:
	Database JDBC URL [jdbc:postgresql://localhost:5432/vehicles_rental]
	Database driver: PostgreSQL JDBC Driver
	Database dialect: PostgreSQLDialect
	Database version: 17.6
	Default catalog/schema: vehicles_rental/public
	Autocommit mode: undefined/unknown
	Isolation level: READ_COMMITTED [default READ_COMMITTED]
	JDBC fetch size: none
	Pool: DataSourceConnectionProvider
	Minimum pool size: undefined/unknown
	Maximum pool size: undefined/unknown
2026-09-15T11:56:12.774+07:00  INFO 21060 --- [vehicles_rental] [           main] org.hibernate.orm.core                   : HHH000489: No JTA platform available (set 'hibernate.transaction.jta.platform' to enable JTA platform integration)
2026-09-15T11:56:12.935+07:00  INFO 21060 --- [vehicles_rental] [           main] j.LocalContainerEntityManagerFactoryBean : Initialized JPA EntityManagerFactory for persistence unit 'default'
2026-09-15T11:56:13.014+07:00  INFO 21060 --- [vehicles_rental] [           main] o.s.d.j.r.query.QueryEnhancerFactories   : Hibernate is in classpath; If applicable, HQL parser will be used.
2026-09-15T11:56:13.236+07:00 DEBUG 21060 --- [vehicles_rental] [           main] o.s.b.w.s.ServletContextInitializerBeans : Mapping filters: springSecurityFilterChain urls=[/*] order=-100, characterEncodingFilter urls=[/*] order=-2147483648, formContentFilter urls=[/*] order=-9900, requestContextFilter urls=[/*] order=-105, jwtAuthenticationFilter urls=[/*] order=2147483647
2026-09-15T11:56:13.237+07:00 DEBUG 21060 --- [vehicles_rental] [           main] o.s.b.w.s.ServletContextInitializerBeans : Mapping servlets: dispatcherServlet urls=[/]
2026-09-15T11:56:13.266+07:00 DEBUG 21060 --- [vehicles_rental] [           main] o.s.b.s.f.OrderedRequestContextFilter    : Filter 'requestContextFilter' configured for use
2026-09-15T11:56:13.268+07:00 DEBUG 21060 --- [vehicles_rental] [           main] o.s.b.s.f.OrderedCharacterEncodingFilter : Filter 'characterEncodingFilter' configured for use
2026-09-15T11:56:13.269+07:00 DEBUG 21060 --- [vehicles_rental] [           main] .DelegatingFilterProxyRegistrationBean$1 : Filter 'springSecurityFilterChain' configured for use
2026-09-15T11:56:13.269+07:00 DEBUG 21060 --- [vehicles_rental] [           main] o.s.b.s.filter.OrderedFormContentFilter  : Filter 'formContentFilter' configured for use
2026-09-15T11:56:15.561+07:00  WARN 21060 --- [vehicles_rental] [           main] JpaBaseConfiguration$JpaWebConfiguration : spring.jpa.open-in-view is enabled by default. Therefore, database queries may be performed during view rendering. Explicitly configure spring.jpa.open-in-view to disable this warning
2026-09-15T11:56:15.655+07:00  WARN 21060 --- [vehicles_rental] [           main] r$InitializeUserDetailsManagerConfigurer : Found 2 UserDetailsService beans, with names [profileService, profileServie]. Global Authentication Manager will not use a UserDetailsService for username/password login. Consider publishing a single UserDetailsService bean.
2026-09-15T11:56:15.959+07:00 DEBUG 21060 --- [vehicles_rental] [           main] s.w.s.m.m.a.RequestMappingHandlerMapping : 79 mappings in 'requestMappingHandlerMapping'
2026-09-15T11:56:15.980+07:00 DEBUG 21060 --- [vehicles_rental] [           main] o.s.w.s.handler.SimpleUrlHandlerMapping  : Patterns [/webjars/**, /**, /profileImage/**, /upload/**] in 'resourceHandlerMapping'
2026-09-15T11:56:16.077+07:00 DEBUG 21060 --- [vehicles_rental] [           main] s.w.s.m.m.a.RequestMappingHandlerAdapter : ControllerAdvice beans: 0 @ModelAttribute, 0 @InitBinder, 2 RequestBodyAdvice, 1 ResponseBodyAdvice
2026-09-15T11:56:16.124+07:00 DEBUG 21060 --- [vehicles_rental] [           main] .m.m.a.ExceptionHandlerExceptionResolver : ControllerAdvice beans: 1 @ExceptionHandler, 1 ResponseBodyAdvice
2026-09-15T11:56:16.241+07:00  INFO 21060 --- [vehicles_rental] [           main] o.s.boot.tomcat.TomcatWebServer          : Tomcat started on port 8080 (http) with context path '/'
2026-09-15T11:56:16.248+07:00 DEBUG 21060 --- [vehicles_rental] [           main] .s.b.a.l.ConditionEvaluationReportLogger : 


============================
CONDITIONS EVALUATION REPORT
============================


Positive matches:
-----------------

   AopAutoConfiguration matched:
      - @ConditionalOnBooleanProperty (spring.aop.auto=true) matched (OnPropertyCondition)

   AopAutoConfiguration.AspectJAutoProxyingConfiguration matched:
      - @ConditionalOnClass found required class 'org.aspectj.weaver.Advice' (OnClassCondition)

   AopAutoConfiguration.AspectJAutoProxyingConfiguration.CglibAutoProxyConfiguration matched:
      - @ConditionalOnBooleanProperty (spring.aop.proxy-target-class=true) matched (OnPropertyCondition)

   ApplicationAvailabilityAutoConfiguration#applicationAvailability matched:
      - @ConditionalOnMissingBean (types: org.springframework.boot.availability.ApplicationAvailability; SearchStrategy: all) did not find any beans (OnBeanCondition)

   DataJpaRepositoriesAutoConfiguration matched:
      - @ConditionalOnClass found required class 'org.springframework.data.jpa.repository.JpaRepository' (OnClassCondition)
      - @ConditionalOnBooleanProperty (spring.data.jpa.repositories.enabled=true) matched (OnPropertyCondition)
      - @ConditionalOnBean (types: javax.sql.DataSource; SearchStrategy: all) found bean 'dataSource'; @ConditionalOnMissingBean (types: org.springframework.data.jpa.repository.support.JpaRepositoryFactoryBean,org.springframework.data.jpa.repository.config.JpaRepositoryConfigExtension; SearchStrategy: all) did not find any beans (OnBeanCondition)

   DataSourceAutoConfiguration matched:
      - @ConditionalOnClass found required classes 'javax.sql.DataSource', 'org.springframework.jdbc.datasource.embedded.EmbeddedDatabaseType' (OnClassCondition)
      - @ConditionalOnMissingBean (types: io.r2dbc.spi.ConnectionFactory; SearchStrategy: all) did not find any beans (OnBeanCondition)

   DataSourceAutoConfiguration.PooledDataSourceConfiguration matched:
      - AnyNestedCondition 1 matched 1 did not; NestedCondition on DataSourceAutoConfiguration.PooledDataSourceCondition.PooledDataSourceAvailable PooledDataSource found supported DataSource; NestedCondition on DataSourceAutoConfiguration.PooledDataSourceCondition.ExplicitType @ConditionalOnProperty (spring.datasource.type) did not find property 'spring.datasource.type' (DataSourceAutoConfiguration.PooledDataSourceCondition)
      - @ConditionalOnMissingBean (types: javax.sql.DataSource,javax.sql.XADataSource; SearchStrategy: all) did not find any beans (OnBeanCondition)

   DataSourceAutoConfiguration.PooledDataSourceConfiguration#jdbcConnectionDetails matched:
      - @ConditionalOnMissingBean (types: org.springframework.boot.jdbc.autoconfigure.JdbcConnectionDetails; SearchStrategy: all) did not find any beans (OnBeanCondition)

   DataSourceConfiguration.Hikari matched:
      - @ConditionalOnClass found required class 'com.zaxxer.hikari.HikariDataSource' (OnClassCondition)
      - @ConditionalOnProperty (spring.datasource.type=com.zaxxer.hikari.HikariDataSource) matched (OnPropertyCondition)
      - @ConditionalOnMissingBean (types: javax.sql.DataSource; SearchStrategy: all) did not find any beans (OnBeanCondition)

   DataSourceInitializationAutoConfiguration matched:
      - @ConditionalOnClass found required class 'org.springframework.jdbc.datasource.init.DatabasePopulator' (OnClassCondition)
      - SQL InitializationDatabase Initialization default value is EMBEDDED (OnSqlInitializationCondition)
      - @ConditionalOnSingleCandidate (types: javax.sql.DataSource; SearchStrategy: all) found a single bean 'dataSource'; @ConditionalOnMissingBean (types: org.springframework.boot.sql.autoconfigure.init.ApplicationScriptDatabaseInitializer; SearchStrategy: all) did not find any beans (OnBeanCondition)

   DataSourcePoolMetadataProvidersConfiguration.HikariPoolDataSourceMetadataProviderConfiguration matched:
      - @ConditionalOnClass found required class 'com.zaxxer.hikari.HikariDataSource' (OnClassCondition)

   DataSourceTransactionManagerAutoConfiguration matched:
      - @ConditionalOnClass found required classes 'javax.sql.DataSource', 'org.springframework.jdbc.core.JdbcTemplate', 'org.springframework.transaction.TransactionManager' (OnClassCondition)

   DataSourceTransactionManagerAutoConfiguration.JdbcTransactionManagerConfiguration matched:
      - @ConditionalOnSingleCandidate (types: javax.sql.DataSource; SearchStrategy: all) found a single bean 'dataSource' (OnBeanCondition)

   DataWebAutoConfiguration matched:
      - @ConditionalOnClass found required classes 'org.springframework.data.web.PageableHandlerMethodArgumentResolver', 'org.springframework.web.servlet.config.annotation.WebMvcConfigurer' (OnClassCondition)
      - found 'session' scope (OnWebApplicationCondition)
      - @ConditionalOnMissingBean (types: org.springframework.data.web.PageableHandlerMethodArgumentResolver; SearchStrategy: all) did not find any beans (OnBeanCondition)

   DataWebAutoConfiguration#pageableCustomizer matched:
      - @ConditionalOnMissingBean (types: org.springframework.data.web.config.PageableHandlerMethodArgumentResolverCustomizer; SearchStrategy: all) did not find any beans (OnBeanCondition)

   DataWebAutoConfiguration#sortCustomizer matched:
      - @ConditionalOnMissingBean (types: org.springframework.data.web.config.SortHandlerMethodArgumentResolverCustomizer; SearchStrategy: all) did not find any beans (OnBeanCondition)

   DataWebAutoConfiguration#springDataWebSettings matched:
      - @ConditionalOnMissingBean (types: org.springframework.data.web.config.SpringDataWebSettings; SearchStrategy: all) did not find any beans (OnBeanCondition)

   DispatcherServletAutoConfiguration matched:
      - @ConditionalOnClass found required class 'org.springframework.web.servlet.DispatcherServlet' (OnClassCondition)
      - found 'session' scope (OnWebApplicationCondition)

   DispatcherServletAutoConfiguration.DispatcherServletConfiguration matched:
      - @ConditionalOnClass found required class 'jakarta.servlet.ServletRegistration' (OnClassCondition)
      - Default DispatcherServlet did not find dispatcher servlet beans (DispatcherServletAutoConfiguration.DefaultDispatcherServletCondition)

   DispatcherServletAutoConfiguration.DispatcherServletRegistrationConfiguration matched:
      - @ConditionalOnClass found required class 'jakarta.servlet.ServletRegistration' (OnClassCondition)
      - DispatcherServlet Registration did not find servlet registration bean (DispatcherServletAutoConfiguration.DispatcherServletRegistrationCondition)

   DispatcherServletAutoConfiguration.DispatcherServletRegistrationConfiguration#dispatcherServletRegistration matched:
      - @ConditionalOnBean (names: dispatcherServlet types: org.springframework.web.servlet.DispatcherServlet; SearchStrategy: all) found bean 'dispatcherServlet' (OnBeanCondition)

   ErrorMvcAutoConfiguration matched:
      - @ConditionalOnClass found required classes 'jakarta.servlet.Servlet', 'org.springframework.web.servlet.DispatcherServlet' (OnClassCondition)
      - found 'session' scope (OnWebApplicationCondition)

   ErrorMvcAutoConfiguration#basicErrorController matched:
      - @ConditionalOnMissingBean (types: org.springframework.boot.webmvc.error.ErrorController; SearchStrategy: current) did not find any beans (OnBeanCondition)

   ErrorMvcAutoConfiguration#errorAttributes matched:
      - @ConditionalOnMissingBean (types: org.springframework.boot.webmvc.error.ErrorAttributes; SearchStrategy: current) did not find any beans (OnBeanCondition)

   ErrorMvcAutoConfiguration.DefaultErrorViewResolverConfiguration#conventionErrorViewResolver matched:
      - @ConditionalOnBean (types: org.springframework.web.servlet.DispatcherServlet; SearchStrategy: all) found bean 'dispatcherServlet'; @ConditionalOnMissingBean (types: org.springframework.boot.webmvc.autoconfigure.error.ErrorViewResolver; SearchStrategy: all) did not find any beans (OnBeanCondition)

   ErrorMvcAutoConfiguration.WhitelabelErrorViewConfiguration matched:
      - @ConditionalOnBooleanProperty (spring.web.error.whitelabel.enabled=true) matched (OnPropertyCondition)
      - ErrorTemplate Missing did not find error template view (ErrorMvcAutoConfiguration.ErrorTemplateMissingCondition)

   ErrorMvcAutoConfiguration.WhitelabelErrorViewConfiguration#beanNameViewResolver matched:
      - @ConditionalOnMissingBean (types: org.springframework.web.servlet.view.BeanNameViewResolver; SearchStrategy: all) did not find any beans (OnBeanCondition)

   ErrorMvcAutoConfiguration.WhitelabelErrorViewConfiguration#defaultErrorView matched:
      - @ConditionalOnMissingBean (names: error; SearchStrategy: all) did not find any beans (OnBeanCondition)

   GsonHttpMessageConvertersConfiguration matched:
      - @ConditionalOnClass found required class 'com.google.gson.Gson' (OnClassCondition)

   HibernateJpaAutoConfiguration matched:
      - @ConditionalOnClass found required classes 'org.springframework.orm.jpa.LocalContainerEntityManagerFactoryBean', 'jakarta.persistence.EntityManager', 'org.hibernate.engine.spi.SessionImplementor' (OnClassCondition)

   HibernateJpaConfiguration matched:
      - @ConditionalOnSingleCandidate (types: javax.sql.DataSource; SearchStrategy: all) found a single bean 'dataSource' (OnBeanCondition)

   HttpEncodingAutoConfiguration matched:
      - @ConditionalOnClass found required class 'org.springframework.web.filter.CharacterEncodingFilter' (OnClassCondition)
      - found 'session' scope (OnWebApplicationCondition)
      - @ConditionalOnBooleanProperty (spring.servlet.encoding.enabled=true) matched (OnPropertyCondition)

   HttpEncodingAutoConfiguration#characterEncodingFilter matched:
      - @ConditionalOnMissingBean (types: org.springframework.web.filter.CharacterEncodingFilter; SearchStrategy: all) did not find any beans (OnBeanCondition)

   HttpMessageConvertersAutoConfiguration matched:
      - @ConditionalOnClass found required class 'org.springframework.http.converter.HttpMessageConverter' (OnClassCondition)
      - NoneNestedConditions 0 matched 1 did not; NestedCondition on HttpMessageConvertersAutoConfiguration.NotReactiveWebApplicationCondition.ReactiveWebApplication did not find reactive web application classes (HttpMessageConvertersAutoConfiguration.NotReactiveWebApplicationCondition)

   HttpMessageConvertersAutoConfiguration.StringHttpMessageConverterConfiguration#stringHttpMessageConvertersCustomizer matched:
      - @ConditionalOnMissingBean (types: org.springframework.http.converter.StringHttpMessageConverter; SearchStrategy: all) did not find any beans (OnBeanCondition)

   JacksonAutoConfiguration matched:
      - @ConditionalOnClass found required class 'tools.jackson.databind.json.JsonMapper' (OnClassCondition)

   JacksonAutoConfiguration#jacksonJsonMapper matched:
      - @ConditionalOnMissingBean (types: tools.jackson.databind.json.JsonMapper; SearchStrategy: all) did not find any beans (OnBeanCondition)

   JacksonAutoConfiguration#jsonFactory matched:
      - @ConditionalOnMissingBean (types: tools.jackson.core.json.JsonFactory; SearchStrategy: all) did not find any beans (OnBeanCondition)

   JacksonAutoConfiguration#jsonMapperBuilder matched:
      - @ConditionalOnMissingBean (types: tools.jackson.databind.json.JsonMapper$Builder; SearchStrategy: all) did not find any beans (OnBeanCondition)

   JacksonAutoConfiguration.JsonProblemDetailsConfiguration matched:
      - @ConditionalOnClass found required class 'org.springframework.http.ProblemDetail' (OnClassCondition)

   JacksonHttpMessageConvertersConfiguration.JacksonJsonHttpMessageConverterConfiguration matched:
      - @ConditionalOnClass found required class 'tools.jackson.databind.json.JsonMapper' (OnClassCondition)
      - @ConditionalOnProperty (spring.http.converters.preferred-json-mapper=jackson) matched (OnPropertyCondition)
      - @ConditionalOnBean (types: tools.jackson.databind.json.JsonMapper; SearchStrategy: all) found bean 'jacksonJsonMapper' (OnBeanCondition)

   JacksonHttpMessageConvertersConfiguration.JacksonJsonHttpMessageConverterConfiguration#jacksonJsonHttpMessageConvertersCustomizer matched:
      - @ConditionalOnMissingBean (types: org.springframework.http.converter.json.JacksonJsonHttpMessageConverter ignored: org.springframework.hateoas.server.mvc.TypeConstrainedJacksonJsonHttpMessageConverter,org.springframework.data.rest.webmvc.alps.AlpsJacksonJsonHttpMessageConverter; SearchStrategy: all) did not find any beans (OnBeanCondition)

   JdbcClientAutoConfiguration matched:
      - @ConditionalOnSingleCandidate (types: org.springframework.jdbc.core.namedparam.NamedParameterJdbcTemplate; SearchStrategy: all) found a single bean 'namedParameterJdbcTemplate'; @ConditionalOnMissingBean (types: org.springframework.jdbc.core.simple.JdbcClient; SearchStrategy: all) did not find any beans (OnBeanCondition)

   JdbcTemplateAutoConfiguration matched:
      - @ConditionalOnClass found required classes 'javax.sql.DataSource', 'org.springframework.jdbc.core.JdbcTemplate' (OnClassCondition)
      - @ConditionalOnSingleCandidate (types: javax.sql.DataSource; SearchStrategy: all) found a single bean 'dataSource' (OnBeanCondition)

   JdbcTemplateConfiguration matched:
      - @ConditionalOnMissingBean (types: org.springframework.jdbc.core.JdbcOperations; SearchStrategy: all) did not find any beans (OnBeanCondition)

   JpaBaseConfiguration#entityManagerFactory matched:
      - @ConditionalOnMissingBean (types: org.springframework.orm.jpa.LocalContainerEntityManagerFactoryBean,jakarta.persistence.EntityManagerFactory; SearchStrategy: all) did not find any beans (OnBeanCondition)

   JpaBaseConfiguration#entityManagerFactoryBuilder matched:
      - @ConditionalOnMissingBean (types: org.springframework.boot.jpa.EntityManagerFactoryBuilder; SearchStrategy: all) did not find any beans (OnBeanCondition)

   JpaBaseConfiguration#jpaVendorAdapter matched:
      - @ConditionalOnMissingBean (types: org.springframework.orm.jpa.JpaVendorAdapter; SearchStrategy: all) did not find any beans (OnBeanCondition)

   JpaBaseConfiguration#transactionManager matched:
      - @ConditionalOnMissingBean (types: org.springframework.transaction.TransactionManager; SearchStrategy: all) did not find any beans (OnBeanCondition)

   JpaBaseConfiguration.JpaWebConfiguration matched:
      - @ConditionalOnClass found required class 'org.springframework.web.servlet.config.annotation.WebMvcConfigurer' (OnClassCondition)
      - found 'session' scope (OnWebApplicationCondition)
      - @ConditionalOnBooleanProperty (spring.jpa.open-in-view=true) matched (OnPropertyCondition)
      - @ConditionalOnMissingBean (types: org.springframework.orm.jpa.support.OpenEntityManagerInViewInterceptor,org.springframework.orm.jpa.support.OpenEntityManagerInViewFilter; SearchStrategy: all) did not find any beans (OnBeanCondition)

   JpaBaseConfiguration.PersistenceManagedTypesConfiguration matched:
      - @ConditionalOnMissingBean (types: org.springframework.orm.jpa.LocalContainerEntityManagerFactoryBean,jakarta.persistence.EntityManagerFactory; SearchStrategy: all) did not find any beans (OnBeanCondition)

   JpaBaseConfiguration.PersistenceManagedTypesConfiguration#persistenceManagedTypes matched:
      - @ConditionalOnMissingBean (types: org.springframework.orm.jpa.persistenceunit.PersistenceManagedTypes; SearchStrategy: all) did not find any beans (OnBeanCondition)

   JtaAutoConfiguration matched:
      - @ConditionalOnClass found required class 'jakarta.transaction.Transaction' (OnClassCondition)
      - @ConditionalOnBooleanProperty (spring.jta.enabled=true) matched (OnPropertyCondition)

   LifecycleAutoConfiguration#defaultLifecycleProcessor matched:
      - @ConditionalOnMissingBean (names: lifecycleProcessor; SearchStrategy: current) did not find any beans (OnBeanCondition)

   MailSenderAutoConfiguration matched:
      - @ConditionalOnClass found required classes 'jakarta.mail.internet.MimeMessage', 'jakarta.activation.MimeType', 'org.springframework.mail.MailSender' (OnClassCondition)
      - AnyNestedCondition 1 matched 1 did not; NestedCondition on MailSenderAutoConfiguration.MailSenderCondition.JndiNameProperty @ConditionalOnProperty (spring.mail.jndi-name) did not find property 'spring.mail.jndi-name'; NestedCondition on MailSenderAutoConfiguration.MailSenderCondition.HostProperty @ConditionalOnProperty (spring.mail.host) matched (MailSenderAutoConfiguration.MailSenderCondition)
      - @ConditionalOnMissingBean (types: org.springframework.mail.MailSender; SearchStrategy: all) did not find any beans (OnBeanCondition)

   MailSenderPropertiesConfiguration matched:
      - @ConditionalOnProperty (spring.mail.host) matched (OnPropertyCondition)

   MailSenderPropertiesConfiguration#mailSender matched:
      - @ConditionalOnMissingBean (types: org.springframework.mail.javamail.JavaMailSender; SearchStrategy: all) did not find any beans (OnBeanCondition)

   MultipartAutoConfiguration matched:
      - @ConditionalOnClass found required classes 'jakarta.servlet.Servlet', 'org.springframework.web.multipart.support.StandardServletMultipartResolver', 'jakarta.servlet.MultipartConfigElement' (OnClassCondition)
      - found 'session' scope (OnWebApplicationCondition)
      - @ConditionalOnBooleanProperty (spring.servlet.multipart.enabled=true) matched (OnPropertyCondition)

   MultipartAutoConfiguration#multipartConfigElement matched:
      - @ConditionalOnMissingBean (types: jakarta.servlet.MultipartConfigElement; SearchStrategy: all) did not find any beans (OnBeanCondition)

   MultipartAutoConfiguration#multipartResolver matched:
      - @ConditionalOnMissingBean (types: org.springframework.web.multipart.MultipartResolver; SearchStrategy: all) did not find any beans (OnBeanCondition)

   NamedParameterJdbcTemplateConfiguration matched:
      - @ConditionalOnSingleCandidate (types: org.springframework.jdbc.core.JdbcTemplate; SearchStrategy: all) found a single bean 'jdbcTemplate'; @ConditionalOnMissingBean (types: org.springframework.jdbc.core.namedparam.NamedParameterJdbcOperations; SearchStrategy: all) did not find any beans (OnBeanCondition)

   PersistenceExceptionTranslationAutoConfiguration matched:
      - @ConditionalOnClass found required class 'org.springframework.dao.annotation.PersistenceExceptionTranslationPostProcessor' (OnClassCondition)

   PersistenceExceptionTranslationAutoConfiguration#persistenceExceptionTranslationPostProcessor matched:
      - @ConditionalOnBooleanProperty (spring.persistence.exceptiontranslation.enabled=true) matched (OnPropertyCondition)
      - @ConditionalOnMissingBean (types: org.springframework.dao.annotation.PersistenceExceptionTranslationPostProcessor; SearchStrategy: all) did not find any beans (OnBeanCondition)

   PropertyPlaceholderAutoConfiguration#propertySourcesPlaceholderConfigurer matched:
      - @ConditionalOnMissingBean (types: org.springframework.context.support.PropertySourcesPlaceholderConfigurer; SearchStrategy: current) did not find any beans (OnBeanCondition)

   SecurityAutoConfiguration matched:
      - @ConditionalOnClass found required class 'org.springframework.security.authentication.DefaultAuthenticationEventPublisher' (OnClassCondition)

   SecurityAutoConfiguration#authenticationEventPublisher matched:
      - @ConditionalOnMissingBean (types: org.springframework.security.authentication.AuthenticationEventPublisher; SearchStrategy: all) did not find any beans (OnBeanCondition)

   SecurityFilterAutoConfiguration matched:
      - @ConditionalOnClass found required classes 'org.springframework.security.web.context.AbstractSecurityWebApplicationInitializer', 'org.springframework.security.config.http.SessionCreationPolicy' (OnClassCondition)
      - found 'session' scope (OnWebApplicationCondition)

   SecurityFilterAutoConfiguration#securityFilterChainRegistration matched:
      - @ConditionalOnBean (names: springSecurityFilterChain; SearchStrategy: all) found bean 'springSecurityFilterChain' (OnBeanCondition)

   ServletWebSecurityAutoConfiguration matched:
      - @ConditionalOnClass found required class 'org.springframework.security.config.annotation.web.configuration.EnableWebSecurity' (OnClassCondition)
      - found 'session' scope (OnWebApplicationCondition)

   ServletWebSecurityAutoConfiguration.PathPatternRequestMatcherBuilderConfiguration matched:
      - @ConditionalOnClass found required class 'org.springframework.boot.webmvc.autoconfigure.DispatcherServletPath' (OnClassCondition)
      - @ConditionalOnBean (types: org.springframework.boot.webmvc.autoconfigure.DispatcherServletPath; SearchStrategy: all) found bean 'dispatcherServletRegistration' (OnBeanCondition)

   ServletWebSecurityAutoConfiguration.PathPatternRequestMatcherBuilderConfiguration#pathPatternRequestMatcherBuilder matched:
      - @ConditionalOnMissingBean (types: org.springframework.security.web.servlet.util.matcher.PathPatternRequestMatcher$Builder; SearchStrategy: all) did not find any beans (OnBeanCondition)

   SslAutoConfiguration#sslBundleRegistry matched:
      - @ConditionalOnMissingBean (types: org.springframework.boot.ssl.SslBundleRegistry,org.springframework.boot.ssl.SslBundles; SearchStrategy: all) did not find any beans (OnBeanCondition)

   TaskExecutionAutoConfiguration matched:
      - @ConditionalOnClass found required class 'org.springframework.scheduling.concurrent.ThreadPoolTaskExecutor' (OnClassCondition)

   TaskExecutorConfigurations.AsyncConfigurerConfiguration matched:
      - @ConditionalOnMissingBean (types: org.springframework.scheduling.annotation.AsyncConfigurer; SearchStrategy: all) did not find any beans (OnBeanCondition)

   TaskExecutorConfigurations.SimpleAsyncTaskExecutorBuilderConfiguration#simpleAsyncTaskExecutorBuilder matched:
      - @ConditionalOnMissingBean (types: org.springframework.boot.task.SimpleAsyncTaskExecutorBuilder; SearchStrategy: all) did not find any beans (OnBeanCondition)
      - @ConditionalOnThreading found PLATFORM (OnThreadingCondition)

   TaskExecutorConfigurations.TaskExecutorConfiguration matched:
      - AnyNestedCondition 1 matched 1 did not; NestedCondition on TaskExecutorConfigurations.OnExecutorCondition.ModelCondition @ConditionalOnProperty (spring.task.execution.mode=force) did not find property 'spring.task.execution.mode'; NestedCondition on TaskExecutorConfigurations.OnExecutorCondition.ExecutorBeanCondition @ConditionalOnMissingBean (types: java.util.concurrent.Executor; SearchStrategy: all) did not find any beans (TaskExecutorConfigurations.OnExecutorCondition)

   TaskExecutorConfigurations.TaskExecutorConfiguration#applicationTaskExecutor matched:
      - @ConditionalOnThreading found PLATFORM (OnThreadingCondition)

   TaskExecutorConfigurations.ThreadPoolTaskExecutorBuilderConfiguration#threadPoolTaskExecutorBuilder matched:
      - @ConditionalOnMissingBean (types: org.springframework.boot.task.ThreadPoolTaskExecutorBuilder; SearchStrategy: all) did not find any beans (OnBeanCondition)

   TaskSchedulingAutoConfiguration matched:
      - @ConditionalOnClass found required class 'org.springframework.scheduling.concurrent.ThreadPoolTaskScheduler' (OnClassCondition)

   TaskSchedulingConfigurations.SimpleAsyncTaskSchedulerBuilderConfiguration#simpleAsyncTaskSchedulerBuilder matched:
      - @ConditionalOnMissingBean (types: org.springframework.boot.task.SimpleAsyncTaskSchedulerBuilder; SearchStrategy: all) did not find any beans (OnBeanCondition)
      - @ConditionalOnThreading found PLATFORM (OnThreadingCondition)

   TaskSchedulingConfigurations.ThreadPoolTaskSchedulerBuilderConfiguration#threadPoolTaskSchedulerBuilder matched:
      - @ConditionalOnMissingBean (types: org.springframework.boot.task.ThreadPoolTaskSchedulerBuilder; SearchStrategy: all) did not find any beans (OnBeanCondition)

   TomcatServletWebServerAutoConfiguration matched:
      - @ConditionalOnClass found required classes 'jakarta.servlet.ServletRequest', 'org.apache.catalina.startup.Tomcat', 'org.apache.coyote.UpgradeProtocol', 'org.springframework.boot.tomcat.servlet.TomcatServletWebServerFactory' (OnClassCondition)
      - found 'session' scope (OnWebApplicationCondition)

   TomcatServletWebServerAutoConfiguration#tomcatServletWebServerFactory matched:
      - @ConditionalOnMissingBean (types: org.springframework.boot.web.server.servlet.ServletWebServerFactory; SearchStrategy: current) did not find any beans (OnBeanCondition)

   TomcatWebServerConfiguration matched:
      - @ConditionalOnWarDeployment the application is not deployed as a WAR file. (OnWarDeploymentCondition)

   TomcatWebServerConfiguration.TomcatWebSocketConfiguration matched:
      - @ConditionalOnClass found required class 'org.apache.tomcat.websocket.server.WsSci' (OnClassCondition)

   TransactionAutoConfiguration matched:
      - @ConditionalOnClass found required class 'org.springframework.transaction.PlatformTransactionManager' (OnClassCondition)

   TransactionAutoConfiguration.EnableTransactionManagementConfiguration matched:
      - @ConditionalOnBean (types: org.springframework.transaction.TransactionManager; SearchStrategy: all) found bean 'transactionManager'; @ConditionalOnMissingBean (types: org.springframework.transaction.annotation.AbstractTransactionManagementConfiguration; SearchStrategy: all) did not find any beans (OnBeanCondition)

   TransactionAutoConfiguration.EnableTransactionManagementConfiguration.CglibAutoProxyConfiguration matched:
      - @ConditionalOnBooleanProperty (spring.aop.proxy-target-class=true) matched (OnPropertyCondition)

   TransactionAutoConfiguration.TransactionTemplateConfiguration matched:
      - @ConditionalOnSingleCandidate (types: org.springframework.transaction.PlatformTransactionManager; SearchStrategy: all) found a single bean 'transactionManager' (OnBeanCondition)

   TransactionAutoConfiguration.TransactionTemplateConfiguration#transactionTemplate matched:
      - @ConditionalOnMissingBean (types: org.springframework.transaction.support.TransactionOperations; SearchStrategy: all) did not find any beans (OnBeanCondition)

   TransactionManagerCustomizationAutoConfiguration matched:
      - @ConditionalOnClass found required class 'org.springframework.transaction.PlatformTransactionManager' (OnClassCondition)

   TransactionManagerCustomizationAutoConfiguration#platformTransactionManagerCustomizers matched:
      - @ConditionalOnMissingBean (types: org.springframework.boot.transaction.autoconfigure.TransactionManagerCustomizers; SearchStrategy: all) did not find any beans (OnBeanCondition)

   ValidationAutoConfiguration matched:
      - @ConditionalOnClass found required class 'jakarta.validation.executable.ExecutableValidator' (OnClassCondition)
      - @ConditionalOnResource found location classpath:META-INF/services/jakarta.validation.spi.ValidationProvider (OnResourceCondition)

   ValidationAutoConfiguration#defaultValidator matched:
      - @ConditionalOnMissingBean (types: jakarta.validation.Validator; SearchStrategy: all) did not find any beans (OnBeanCondition)

   ValidationAutoConfiguration#methodValidationPostProcessor matched:
      - @ConditionalOnMissingBean (types: org.springframework.validation.beanvalidation.MethodValidationPostProcessor; SearchStrategy: current) did not find any beans (OnBeanCondition)

   WebMvcAutoConfiguration matched:
      - @ConditionalOnClass found required classes 'jakarta.servlet.Servlet', 'org.springframework.web.servlet.DispatcherServlet', 'org.springframework.web.servlet.config.annotation.WebMvcConfigurer' (OnClassCondition)
      - found 'session' scope (OnWebApplicationCondition)
      - @ConditionalOnMissingBean (types: org.springframework.web.servlet.config.annotation.WebMvcConfigurationSupport; SearchStrategy: all) did not find any beans (OnBeanCondition)

   WebMvcAutoConfiguration#formContentFilter matched:
      - @ConditionalOnBooleanProperty (spring.mvc.formcontent.filter.enabled=true) matched (OnPropertyCondition)
      - @ConditionalOnMissingBean (types: org.springframework.web.filter.FormContentFilter; SearchStrategy: all) did not find any beans (OnBeanCondition)

   WebMvcAutoConfiguration.EnableWebMvcConfiguration#flashMapManager matched:
      - @ConditionalOnMissingBean (names: flashMapManager; SearchStrategy: all) did not find any beans (OnBeanCondition)

   WebMvcAutoConfiguration.EnableWebMvcConfiguration#localeResolver matched:
      - @ConditionalOnMissingBean (names: localeResolver; SearchStrategy: all) did not find any beans (OnBeanCondition)

   WebMvcAutoConfiguration.EnableWebMvcConfiguration#viewNameTranslator matched:
      - @ConditionalOnMissingBean (names: viewNameTranslator; SearchStrategy: all) did not find any beans (OnBeanCondition)

   WebMvcAutoConfiguration.WebMvcAutoConfigurationAdapter#defaultViewResolver matched:
      - @ConditionalOnMissingBean (types: org.springframework.web.servlet.view.InternalResourceViewResolver; SearchStrategy: all) did not find any beans (OnBeanCondition)

   WebMvcAutoConfiguration.WebMvcAutoConfigurationAdapter#requestContextFilter matched:
      - @ConditionalOnMissingBean (types: org.springframework.web.context.request.RequestContextListener,org.springframework.web.filter.RequestContextFilter; SearchStrategy: all) did not find any beans (OnBeanCondition)

   WebMvcAutoConfiguration.WebMvcAutoConfigurationAdapter#viewResolver matched:
      - @ConditionalOnBean (types: org.springframework.web.servlet.ViewResolver; SearchStrategy: all) found beans 'defaultViewResolver', 'beanNameViewResolver', 'mvcViewResolver'; @ConditionalOnMissingBean (names: viewResolver types: org.springframework.web.servlet.view.ContentNegotiatingViewResolver; SearchStrategy: all) did not find any beans (OnBeanCondition)


Negative matches:
-----------------

   AopAutoConfiguration.AspectJAutoProxyingConfiguration.JdkDynamicAutoProxyConfiguration:
      Did not match:
         - @ConditionalOnBooleanProperty (spring.aop.proxy-target-class=false) did not find property 'spring.aop.proxy-target-class' (OnPropertyCondition)

   AopAutoConfiguration.ClassProxyingConfiguration:
      Did not match:
         - @ConditionalOnMissingClass found unwanted class 'org.aspectj.weaver.Advice' (OnClassCondition)

   DataJpaRepositoriesAutoConfiguration#entityManagerFactoryBootstrapExecutorCustomizer:
      Did not match:
         - @ConditionalOnProperty (spring.data.jpa.repositories.bootstrap-mode=deferred) did not find property 'spring.data.jpa.repositories.bootstrap-mode' (OnPropertyCondition)

   DataRepositoryMetricsAutoConfiguration:
      Did not match:
         - @ConditionalOnBean did not find required type 'io.micrometer.core.instrument.MeterRegistry' (OnBeanCondition)

   DataSourceAutoConfiguration.EmbeddedDatabaseConfiguration:
      Did not match:
         - EmbeddedDataSource spring.datasource.url is set (DataSourceAutoConfiguration.EmbeddedDatabaseCondition)

   DataSourceCheckpointRestoreConfiguration:
      Did not match:
         - @ConditionalOnClass did not find required class 'org.crac.Resource' (OnClassCondition)

   DataSourceConfiguration.Dbcp2:
      Did not match:
         - @ConditionalOnClass did not find required class 'org.apache.commons.dbcp2.BasicDataSource' (OnClassCondition)

   DataSourceConfiguration.Generic:
      Did not match:
         - @ConditionalOnProperty (spring.datasource.type) did not find property 'spring.datasource.type' (OnPropertyCondition)

   DataSourceConfiguration.OracleUcp:
      Did not match:
         - @ConditionalOnClass did not find required classes 'oracle.ucp.jdbc.PoolDataSourceImpl', 'oracle.jdbc.OracleConnection' (OnClassCondition)

   DataSourceConfiguration.Tomcat:
      Did not match:
         - @ConditionalOnClass did not find required class 'org.apache.tomcat.jdbc.pool.DataSource' (OnClassCondition)

   DataSourceHealthContributorAutoConfiguration:
      Did not match:
         - @ConditionalOnClass did not find required class 'org.springframework.boot.health.autoconfigure.contributor.ConditionalOnEnabledHealthIndicator' (OnClassCondition)

   DataSourceJmxConfiguration:
      Did not match:
         - @ConditionalOnBooleanProperty (spring.jmx.enabled=true) did not find property 'spring.jmx.enabled' (OnPropertyCondition)

   DataSourcePoolMetadataProvidersConfiguration.CommonsDbcp2PoolDataSourceMetadataProviderConfiguration:
      Did not match:
         - @ConditionalOnClass did not find required class 'org.apache.commons.dbcp2.BasicDataSource' (OnClassCondition)

   DataSourcePoolMetadataProvidersConfiguration.OracleUcpPoolDataSourceMetadataProviderConfiguration:
      Did not match:
         - @ConditionalOnClass did not find required classes 'oracle.ucp.jdbc.PoolDataSource', 'oracle.jdbc.OracleConnection' (OnClassCondition)

   DataSourcePoolMetadataProvidersConfiguration.TomcatDataSourcePoolMetadataProviderConfiguration:
      Did not match:
         - @ConditionalOnClass did not find required class 'org.apache.tomcat.jdbc.pool.DataSource' (OnClassCondition)

   DataSourcePoolMetricsAutoConfiguration:
      Did not match:
         - @ConditionalOnClass did not find required class 'io.micrometer.core.instrument.MeterRegistry' (OnClassCondition)

   DataSourceTransactionManagerAutoConfiguration.JdbcTransactionManagerConfiguration#transactionManager:
      Did not match:
         - @ConditionalOnMissingBean (types: org.springframework.transaction.TransactionManager; SearchStrategy: all) found beans of type 'org.springframework.transaction.TransactionManager' transactionManager (OnBeanCondition)

   DispatcherServletAutoConfiguration.DispatcherServletConfiguration#multipartResolver:
      Did not match:
         - @ConditionalOnBean (types: org.springframework.web.multipart.MultipartResolver; SearchStrategy: all) did not find any beans of type org.springframework.web.multipart.MultipartResolver (OnBeanCondition)

   GsonHttpMessageConvertersConfiguration.GsonHttpMessageConverterConfiguration:
      Did not match:
         - AnyNestedCondition 0 matched 2 did not; NestedCondition on GsonHttpMessageConvertersConfiguration.PreferGsonOrJacksonAndJsonbUnavailableCondition.JacksonJsonbUnavailable NoneNestedConditions 1 matched 2 did not; NestedCondition on GsonHttpMessageConvertersConfiguration.JacksonAndJsonbUnavailableCondition.JsonbPreferred @ConditionalOnProperty (spring.http.converters.preferred-json-mapper=jsonb) did not find property 'spring.http.converters.preferred-json-mapper'; NestedCondition on GsonHttpMessageConvertersConfiguration.JacksonAndJsonbUnavailableCondition.Jackson2Available @ConditionalOnBean (types: org.springframework.boot.http.converter.autoconfigure.Jackson2HttpMessageConvertersConfiguration$Jackson2JsonMessageConvertersCustomizer; SearchStrategy: all) did not find any beans of type org.springframework.boot.http.converter.autoconfigure.Jackson2HttpMessageConvertersConfiguration$Jackson2JsonMessageConvertersCustomizer; NestedCondition on GsonHttpMessageConvertersConfiguration.JacksonAndJsonbUnavailableCondition.JacksonAvailable @ConditionalOnBean (types: org.springframework.boot.http.converter.autoconfigure.JacksonHttpMessageConvertersConfiguration$JacksonJsonHttpMessageConvertersCustomizer; SearchStrategy: all) found bean 'jacksonJsonHttpMessageConvertersCustomizer'; NestedCondition on GsonHttpMessageConvertersConfiguration.PreferGsonOrJacksonAndJsonbUnavailableCondition.GsonPreferred @ConditionalOnProperty (spring.http.converters.preferred-json-mapper=gson) did not find property 'spring.http.converters.preferred-json-mapper' (GsonHttpMessageConvertersConfiguration.PreferGsonOrJacksonAndJsonbUnavailableCondition)

   HibernateMetricsAutoConfiguration:
      Did not match:
         - @ConditionalOnClass did not find required class 'io.micrometer.core.instrument.MeterRegistry' (OnClassCondition)

   Jackson2HttpMessageConvertersConfiguration.MappingJackson2HttpMessageConverterConfiguration:
      Did not match:
         - AnyNestedCondition 0 matched 2 did not; NestedCondition on Jackson2HttpMessageConvertersConfiguration.PreferJackson2OrJacksonUnavailableCondition.JacksonUnavailable @ConditionalOnMissingBean (types: org.springframework.boot.http.converter.autoconfigure.JacksonHttpMessageConvertersConfiguration$JacksonJsonHttpMessageConvertersCustomizer; SearchStrategy: all) found beans of type 'org.springframework.boot.http.converter.autoconfigure.JacksonHttpMessageConvertersConfiguration$JacksonJsonHttpMessageConvertersCustomizer' jacksonJsonHttpMessageConvertersCustomizer; NestedCondition on Jackson2HttpMessageConvertersConfiguration.PreferJackson2OrJacksonUnavailableCondition.Jackson2Preferred @ConditionalOnProperty (spring.http.converters.preferred-json-mapper=jackson2) did not find property 'spring.http.converters.preferred-json-mapper' (Jackson2HttpMessageConvertersConfiguration.PreferJackson2OrJacksonUnavailableCondition)
      Matched:
         - @ConditionalOnClass found required class 'com.fasterxml.jackson.databind.ObjectMapper' (OnClassCondition)

   Jackson2HttpMessageConvertersConfiguration.MappingJackson2XmlHttpMessageConverterConfiguration:
      Did not match:
         - @ConditionalOnClass did not find required class 'com.fasterxml.jackson.dataformat.xml.XmlMapper' (OnClassCondition)

   JacksonAutoConfiguration.CborConfiguration:
      Did not match:
         - @ConditionalOnClass did not find required class 'tools.jackson.dataformat.cbor.CBORMapper' (OnClassCondition)

   JacksonAutoConfiguration.XmlConfiguration:
      Did not match:
         - @ConditionalOnClass did not find required class 'tools.jackson.dataformat.xml.XmlMapper' (OnClassCondition)

   JacksonHttpMessageConvertersConfiguration.JacksonXmlHttpMessageConverterConfiguration:
      Did not match:
         - @ConditionalOnClass did not find required class 'tools.jackson.dataformat.xml.XmlMapper' (OnClassCondition)

   JmxAutoConfiguration:
      Did not match:
         - @ConditionalOnBooleanProperty (spring.jmx.enabled=true) did not find property 'spring.jmx.enabled' (OnPropertyCondition)
      Matched:
         - @ConditionalOnClass found required class 'org.springframework.jmx.export.MBeanExporter' (OnClassCondition)

   JndiDataSourceAutoConfiguration:
      Did not match:
         - @ConditionalOnProperty (spring.datasource.jndi-name) did not find property 'spring.datasource.jndi-name' (OnPropertyCondition)
      Matched:
         - @ConditionalOnClass found required classes 'javax.sql.DataSource', 'org.springframework.jdbc.datasource.embedded.EmbeddedDatabaseType' (OnClassCondition)

   JndiJtaConfiguration:
      Did not match:
         - @ConditionalOnJndi JNDI environment is not available (OnJndiCondition)
      Matched:
         - @ConditionalOnClass found required class 'org.springframework.transaction.jta.JtaTransactionManager' (OnClassCondition)

   JsonbHttpMessageConvertersConfiguration:
      Did not match:
         - @ConditionalOnClass did not find required class 'jakarta.json.bind.Jsonb' (OnClassCondition)

   KotlinSerializationHttpMessageConvertersConfiguration:
      Did not match:
         - @ConditionalOnClass did not find required classes 'kotlinx.serialization.Serializable', 'kotlinx.serialization.json.Json' (OnClassCondition)

   LazyConnectionDataSourceConfiguration:
      Did not match:
         - @ConditionalOnProperty (spring.datasource.connection-fetch=lazy) did not find property 'spring.datasource.connection-fetch' (OnPropertyCondition)

   MailHealthContributorAutoConfiguration:
      Did not match:
         - @ConditionalOnClass did not find required class 'org.springframework.boot.health.autoconfigure.contributor.ConditionalOnEnabledHealthIndicator' (OnClassCondition)

   MailSenderJndiConfiguration:
      Did not match:
         - @ConditionalOnProperty (spring.mail.jndi-name) did not find property 'spring.mail.jndi-name' (OnPropertyCondition)
      Matched:
         - @ConditionalOnClass found required class 'jakarta.mail.Session' (OnClassCondition)

   MailSenderValidatorAutoConfiguration:
      Did not match:
         - @ConditionalOnBooleanProperty (spring.mail.test-connection=true) did not find property 'spring.mail.test-connection' (OnPropertyCondition)

   ManagementWebSecurityAutoConfiguration:
      Did not match:
         - @ConditionalOnClass did not find required class 'org.springframework.boot.actuate.autoconfigure.endpoint.web.WebEndpointAutoConfiguration' (OnClassCondition)

   MessageSourceAutoConfiguration:
      Did not match:
         - ResourceBundle did not find bundle with basename messages (MessageSourceAutoConfiguration.ResourceBundleCondition)

   ProjectInfoAutoConfiguration#buildProperties:
      Did not match:
         - @ConditionalOnResource did not find resource '${spring.info.build.location:classpath:META-INF/build-info.properties}' (OnResourceCondition)

   ProjectInfoAutoConfiguration#gitProperties:
      Did not match:
         - GitResource did not find git info at classpath:git.properties (ProjectInfoAutoConfiguration.GitResourceAvailableCondition)

   RSocketSecurityAutoConfiguration:
      Did not match:
         - @ConditionalOnClass did not find required class 'org.springframework.boot.rsocket.server.RSocketServerCustomizer' (OnClassCondition)

   ReactiveManagementWebSecurityAutoConfiguration:
      Did not match:
         - @ConditionalOnClass did not find required class 'org.springframework.boot.actuate.autoconfigure.endpoint.web.WebEndpointAutoConfiguration' (OnClassCondition)

   ReactiveUserDetailsServiceAutoConfiguration:
      Did not match:
         - AnyNestedCondition 0 matched 2 did not; NestedCondition on ReactiveUserDetailsServiceAutoConfiguration.RSocketEnabledOrReactiveWebApplication.ReactiveWebApplicationCondition did not find reactive web application classes; NestedCondition on ReactiveUserDetailsServiceAutoConfiguration.RSocketEnabledOrReactiveWebApplication.RSocketSecurityEnabledCondition @ConditionalOnBean (types: org.springframework.messaging.rsocket.annotation.support.RSocketMessageHandler; SearchStrategy: all) did not find any beans of type org.springframework.messaging.rsocket.annotation.support.RSocketMessageHandler (ReactiveUserDetailsServiceAutoConfiguration.RSocketEnabledOrReactiveWebApplication)
      Matched:
         - @ConditionalOnClass found required class 'org.springframework.security.authentication.ReactiveAuthenticationManager' (OnClassCondition)
         - AnyNestedCondition 1 matched 2 did not; NestedCondition on MissingAlternativeUserDetailsManagerOrUserPropertiesConfigured.PasswordConfigured @ConditionalOnProperty (spring.security.user.password) did not find property 'spring.security.user.password'; NestedCondition on MissingAlternativeUserDetailsManagerOrUserPropertiesConfigured.NameConfigured @ConditionalOnProperty (spring.security.user.name) did not find property 'spring.security.user.name'; NestedCondition on MissingAlternativeUserDetailsManagerOrUserPropertiesConfigured.MissingAlternative @ConditionalOnMissingClass did not find unwanted classes 'org.springframework.security.oauth2.client.registration.ClientRegistrationRepository', 'org.springframework.security.oauth2.server.resource.introspection.OpaqueTokenIntrospector', 'org.springframework.security.saml2.provider.service.registration.RelyingPartyRegistrationRepository' (MissingAlternativeUserDetailsManagerOrUserPropertiesConfigured)

   ReactiveWebSecurityAutoConfiguration:
      Did not match:
         - @ConditionalOnClass did not find required class 'reactor.core.publisher.Flux' (OnClassCondition)

   SecurityAutoConfiguration.SecurityDataConfiguration:
      Did not match:
         - @ConditionalOnClass did not find required class 'org.springframework.security.data.repository.query.SecurityEvaluationContextExtension' (OnClassCondition)

   ServletHttpExchangesAutoConfiguration:
      Did not match:
         - @ConditionalOnBean did not find required type 'org.springframework.boot.actuate.web.exchanges.HttpExchangeRepository' (OnBeanCondition)

   ServletManagementContextAutoConfiguration:
      Did not match:
         - @ConditionalOnClass did not find required class 'org.springframework.boot.actuate.autoconfigure.endpoint.web.WebEndpointProperties' (OnClassCondition)

   ServletMappingsAutoConfiguration:
      Did not match:
         - @ConditionalOnClass did not find required class 'org.springframework.boot.actuate.autoconfigure.endpoint.condition.ConditionalOnAvailableEndpoint' (OnClassCondition)

   ServletWebSecurityAutoConfiguration.EnableWebSecurityConfiguration:
      Did not match:
         - @ConditionalOnMissingBean (names: springSecurityFilterChain; SearchStrategy: all) found beans named springSecurityFilterChain (OnBeanCondition)
      Matched:
         - @ConditionalOnClass found required class 'org.springframework.security.config.annotation.web.configuration.EnableWebSecurity' (OnClassCondition)

   ServletWebSecurityAutoConfiguration.SecurityFilterChainConfiguration:
      Did not match:
         - AllNestedConditions 1 matched 1 did not; NestedCondition on DefaultWebSecurityCondition.Beans @ConditionalOnMissingBean (types: org.springframework.security.web.SecurityFilterChain; SearchStrategy: all) found beans of type 'org.springframework.security.web.SecurityFilterChain' securityFilterChain; NestedCondition on DefaultWebSecurityCondition.Classes @ConditionalOnClass found required classes 'org.springframework.security.web.SecurityFilterChain', 'org.springframework.security.config.annotation.web.builders.HttpSecurity' (DefaultWebSecurityCondition)

   ServletWebServerConfiguration#forwardedHeaderFilter:
      Did not match:
         - @ConditionalOnProperty (server.forward-headers-strategy=framework) did not find property 'server.forward-headers-strategy' (OnPropertyCondition)

   SpringApplicationAdminJmxAutoConfiguration:
      Did not match:
         - @ConditionalOnBooleanProperty (spring.application.admin.enabled=true) did not find property 'spring.application.admin.enabled' (OnPropertyCondition)

   TaskExecutorConfigurations.AsyncConfigurerWrapperConfiguration:
      Did not match:
         - @ConditionalOnBean (types: org.springframework.scheduling.annotation.AsyncConfigurer; SearchStrategy: all) did not find any beans of type org.springframework.scheduling.annotation.AsyncConfigurer (OnBeanCondition)

   TaskExecutorConfigurations.SimpleAsyncTaskExecutorBuilderConfiguration#simpleAsyncTaskExecutorBuilderVirtualThreads:
      Did not match:
         - @ConditionalOnMissingBean (types: org.springframework.boot.task.SimpleAsyncTaskExecutorBuilder; SearchStrategy: all) found beans of type 'org.springframework.boot.task.SimpleAsyncTaskExecutorBuilder' simpleAsyncTaskExecutorBuilder (OnBeanCondition)

   TaskExecutorConfigurations.TaskExecutorConfiguration#applicationTaskExecutorVirtualThreads:
      Did not match:
         - @ConditionalOnThreading did not find VIRTUAL (OnThreadingCondition)

   TaskExecutorConfigurations.TaskExecutorContextPropagationConfiguration:
      Did not match:
         - @ConditionalOnClass did not find required class 'io.micrometer.context.ContextSnapshot' (OnClassCondition)

   TaskSchedulingAutoConfiguration#scheduledBeanLazyInitializationExcludeFilter:
      Did not match:
         - @ConditionalOnBean (names: org.springframework.scheduling.config.internalScheduledAnnotationProcessor; SearchStrategy: all) did not find any beans named org.springframework.scheduling.config.internalScheduledAnnotationProcessor (OnBeanCondition)

   TaskSchedulingConfigurations.SimpleAsyncTaskSchedulerBuilderConfiguration#simpleAsyncTaskSchedulerBuilderVirtualThreads:
      Did not match:
         - @ConditionalOnMissingBean (types: org.springframework.boot.task.SimpleAsyncTaskSchedulerBuilder; SearchStrategy: all) found beans of type 'org.springframework.boot.task.SimpleAsyncTaskSchedulerBuilder' simpleAsyncTaskSchedulerBuilder (OnBeanCondition)

   TaskSchedulingConfigurations.TaskSchedulerConfiguration:
      Did not match:
         - @ConditionalOnBean (names: org.springframework.scheduling.config.internalScheduledAnnotationProcessor; SearchStrategy: all) did not find any beans named org.springframework.scheduling.config.internalScheduledAnnotationProcessor (OnBeanCondition)

   TomcatMetricsAutoConfiguration:
      Did not match:
         - @ConditionalOnClass did not find required class 'io.micrometer.core.instrument.binder.tomcat.TomcatMetrics' (OnClassCondition)

   TomcatReactiveManagementContextAutoConfiguration:
      Did not match:
         - @ConditionalOnClass did not find required class 'org.springframework.boot.actuate.autoconfigure.web.server.ManagementContextFactory' (OnClassCondition)

   TomcatReactiveWebServerAutoConfiguration:
      Did not match:
         - @ConditionalOnWebApplication did not find reactive web application classes (OnWebApplicationCondition)

   TomcatServletManagementContextAutoConfiguration:
      Did not match:
         - @ConditionalOnClass did not find required class 'org.springframework.boot.actuate.autoconfigure.web.server.ManagementContextFactory' (OnClassCondition)

   TomcatServletWebServerAutoConfiguration#tomcatForwardedHeaderFilterCustomizer:
      Did not match:
         - @ConditionalOnProperty (server.forward-headers-strategy=framework) did not find property 'server.forward-headers-strategy' (OnPropertyCondition)

   TomcatWebServerConfiguration#tomcatVirtualThreadsProtocolHandlerCustomizer:
      Did not match:
         - @ConditionalOnThreading did not find VIRTUAL (OnThreadingCondition)

   TransactionAutoConfiguration#transactionalOperator:
      Did not match:
         - @ConditionalOnSingleCandidate (types: org.springframework.transaction.ReactiveTransactionManager; SearchStrategy: all) did not find any beans (OnBeanCondition)

   TransactionAutoConfiguration.AspectJTransactionManagementConfiguration:
      Did not match:
         - @ConditionalOnBean (types: org.springframework.transaction.aspectj.AbstractTransactionAspect; SearchStrategy: all) did not find any beans of type org.springframework.transaction.aspectj.AbstractTransactionAspect (OnBeanCondition)

   TransactionAutoConfiguration.EnableTransactionManagementConfiguration.JdkDynamicAutoProxyConfiguration:
      Did not match:
         - @ConditionalOnBooleanProperty (spring.aop.proxy-target-class=false) did not find property 'spring.aop.proxy-target-class' (OnPropertyCondition)

   UserDetailsServiceAutoConfiguration:
      Did not match:
         - @ConditionalOnMissingBean (types: org.springframework.security.authentication.AuthenticationManager,org.springframework.security.authentication.AuthenticationProvider,org.springframework.security.core.userdetails.UserDetailsService,org.springframework.security.authentication.AuthenticationManagerResolver,org.springframework.security.oauth2.jwt.JwtDecoder; SearchStrategy: all) found beans of type 'org.springframework.security.core.userdetails.UserDetailsService' profileService, profileServie (OnBeanCondition)
      Matched:
         - @ConditionalOnClass found required class 'org.springframework.security.authentication.AuthenticationManager' (OnClassCondition)
         - found 'session' scope (OnWebApplicationCondition)
         - AnyNestedCondition 1 matched 2 did not; NestedCondition on MissingAlternativeUserDetailsManagerOrUserPropertiesConfigured.PasswordConfigured @ConditionalOnProperty (spring.security.user.password) did not find property 'spring.security.user.password'; NestedCondition on MissingAlternativeUserDetailsManagerOrUserPropertiesConfigured.NameConfigured @ConditionalOnProperty (spring.security.user.name) did not find property 'spring.security.user.name'; NestedCondition on MissingAlternativeUserDetailsManagerOrUserPropertiesConfigured.MissingAlternative @ConditionalOnMissingClass did not find unwanted classes 'org.springframework.security.oauth2.client.registration.ClientRegistrationRepository', 'org.springframework.security.oauth2.server.resource.introspection.OpaqueTokenIntrospector', 'org.springframework.security.saml2.provider.service.registration.RelyingPartyRegistrationRepository' (MissingAlternativeUserDetailsManagerOrUserPropertiesConfigured)

   WebMvcAutoConfiguration#hiddenHttpMethodFilter:
      Did not match:
         - @ConditionalOnBooleanProperty (spring.mvc.hiddenmethod.filter.enabled=true) did not find property 'spring.mvc.hiddenmethod.filter.enabled' (OnPropertyCondition)

   WebMvcAutoConfiguration.ProblemDetailsErrorHandlingConfiguration:
      Did not match:
         - @ConditionalOnBooleanProperty (spring.mvc.problemdetails.enabled=true) did not find property 'spring.mvc.problemdetails.enabled' (OnPropertyCondition)

   WebMvcAutoConfiguration.ResourceChainCustomizerConfiguration:
      Did not match:
         - @ConditionalOnEnabledResourceChain did not find class org.webjars.WebJarVersionLocator (OnEnabledResourceChainCondition)

   WebMvcAutoConfiguration.WebMvcAutoConfigurationAdapter#beanNameViewResolver:
      Did not match:
         - @ConditionalOnMissingBean (types: org.springframework.web.servlet.view.BeanNameViewResolver; SearchStrategy: all) found beans of type 'org.springframework.web.servlet.view.BeanNameViewResolver' beanNameViewResolver (OnBeanCondition)

   WebMvcHealthEndpointExtensionAutoConfiguration:
      Did not match:
         - @ConditionalOnClass did not find required class 'org.springframework.boot.health.actuate.endpoint.HealthEndpoint' (OnClassCondition)

   WebMvcMappingsAutoConfiguration:
      Did not match:
         - @ConditionalOnClass did not find required class 'org.springframework.boot.actuate.autoconfigure.endpoint.condition.ConditionalOnAvailableEndpoint' (OnClassCondition)

   WebMvcObservationAutoConfiguration:
      Did not match:
         - @ConditionalOnClass did not find required class 'org.springframework.boot.micrometer.observation.autoconfigure.ObservationProperties' (OnClassCondition)

   XADataSourceAutoConfiguration:
      Did not match:
         - @ConditionalOnBean (types: org.springframework.boot.jdbc.XADataSourceWrapper; SearchStrategy: all) did not find any beans of type org.springframework.boot.jdbc.XADataSourceWrapper (OnBeanCondition)
      Matched:
         - @ConditionalOnClass found required classes 'javax.sql.DataSource', 'jakarta.transaction.TransactionManager', 'org.springframework.jdbc.datasource.embedded.EmbeddedDatabaseType' (OnClassCondition)


Exclusions:
-----------

    None


Unconditional classes:
----------------------

    org.springframework.boot.autoconfigure.context.ConfigurationPropertiesAutoConfiguration

    org.springframework.boot.autoconfigure.ssl.SslAutoConfiguration

    org.springframework.boot.autoconfigure.context.LifecycleAutoConfiguration

    org.springframework.boot.autoconfigure.context.PropertyPlaceholderAutoConfiguration

    org.springframework.boot.autoconfigure.availability.ApplicationAvailabilityAutoConfiguration

    org.springframework.boot.autoconfigure.info.ProjectInfoAutoConfiguration



2026-09-15T11:56:16.251+07:00  INFO 21060 --- [vehicles_rental] [           main] o.e.v.VehiclesRentalApplication          : Started VehiclesRentalApplication in 17.974 seconds (process running for 18.594)
2026-09-15T11:56:16.253+07:00 DEBUG 21060 --- [vehicles_rental] [           main] o.s.b.a.ApplicationAvailabilityBean      : Application availability state LivenessState changed to CORRECT
2026-09-15T11:56:16.318+07:00 DEBUG 21060 --- [vehicles_rental] [           main] org.hibernate.SQL                        : select count(*) from security_settings ss1_0
Hibernate: select count(*) from security_settings ss1_0
2026-09-15T11:56:16.410+07:00 DEBUG 21060 --- [vehicles_rental] [           main] org.hibernate.SQL                        : select pm1_0.id,pm1_0.description,pm1_0.method_name,pm1_0.status from payment_methods pm1_0 where pm1_0.method_name=? and pm1_0.status=?
Hibernate: select pm1_0.id,pm1_0.description,pm1_0.method_name,pm1_0.status from payment_methods pm1_0 where pm1_0.method_name=? and pm1_0.status=?
2026-09-15T11:56:16.435+07:00 DEBUG 21060 --- [vehicles_rental] [           main] org.hibernate.SQL                        : select c1_0.id,c1_0.category_name,c1_0.create_at,c1_0.description,c1_0.update_at from categories c1_0 where lower(c1_0.category_name)=lower(?)
Hibernate: select c1_0.id,c1_0.category_name,c1_0.create_at,c1_0.description,c1_0.update_at from categories c1_0 where lower(c1_0.category_name)=lower(?)
2026-09-15T11:56:16.448+07:00 DEBUG 21060 --- [vehicles_rental] [           main] org.hibernate.SQL                        : select c1_0.id,c1_0.category_name,c1_0.create_at,c1_0.description,c1_0.update_at from categories c1_0 where lower(c1_0.category_name)=lower(?)
Hibernate: select c1_0.id,c1_0.category_name,c1_0.create_at,c1_0.description,c1_0.update_at from categories c1_0 where lower(c1_0.category_name)=lower(?)
2026-09-15T11:56:16.451+07:00 DEBUG 21060 --- [vehicles_rental] [           main] org.hibernate.SQL                        : select c1_0.id,c1_0.category_name,c1_0.create_at,c1_0.description,c1_0.update_at from categories c1_0 where lower(c1_0.category_name)=lower(?)
Hibernate: select c1_0.id,c1_0.category_name,c1_0.create_at,c1_0.description,c1_0.update_at from categories c1_0 where lower(c1_0.category_name)=lower(?)
2026-09-15T11:56:16.454+07:00 DEBUG 21060 --- [vehicles_rental] [           main] org.hibernate.SQL                        : select c1_0.id,c1_0.category_name,c1_0.create_at,c1_0.description,c1_0.update_at from categories c1_0 where lower(c1_0.category_name)=lower(?)
Hibernate: select c1_0.id,c1_0.category_name,c1_0.create_at,c1_0.description,c1_0.update_at from categories c1_0 where lower(c1_0.category_name)=lower(?)
2026-09-15T11:56:16.456+07:00 DEBUG 21060 --- [vehicles_rental] [           main] org.hibernate.SQL                        : select b1_0.id,b1_0.brand_name,b1_0.create_at,b1_0.logo,b1_0.update_at from brand b1_0 where lower(b1_0.brand_name)=lower(?)
Hibernate: select b1_0.id,b1_0.brand_name,b1_0.create_at,b1_0.logo,b1_0.update_at from brand b1_0 where lower(b1_0.brand_name)=lower(?)
2026-09-15T11:56:16.461+07:00 DEBUG 21060 --- [vehicles_rental] [           main] org.hibernate.SQL                        : select b1_0.id,b1_0.brand_name,b1_0.create_at,b1_0.logo,b1_0.update_at from brand b1_0 where lower(b1_0.brand_name)=lower(?)
Hibernate: select b1_0.id,b1_0.brand_name,b1_0.create_at,b1_0.logo,b1_0.update_at from brand b1_0 where lower(b1_0.brand_name)=lower(?)
2026-09-15T11:56:16.463+07:00 DEBUG 21060 --- [vehicles_rental] [           main] org.hibernate.SQL                        : select b1_0.id,b1_0.brand_name,b1_0.create_at,b1_0.logo,b1_0.update_at from brand b1_0 where lower(b1_0.brand_name)=lower(?)
Hibernate: select b1_0.id,b1_0.brand_name,b1_0.create_at,b1_0.logo,b1_0.update_at from brand b1_0 where lower(b1_0.brand_name)=lower(?)
2026-09-15T11:56:16.465+07:00 DEBUG 21060 --- [vehicles_rental] [           main] org.hibernate.SQL                        : select b1_0.id,b1_0.brand_name,b1_0.create_at,b1_0.logo,b1_0.update_at from brand b1_0 where lower(b1_0.brand_name)=lower(?)
Hibernate: select b1_0.id,b1_0.brand_name,b1_0.create_at,b1_0.logo,b1_0.update_at from brand b1_0 where lower(b1_0.brand_name)=lower(?)
2026-09-15T11:56:16.467+07:00 DEBUG 21060 --- [vehicles_rental] [           main] org.hibernate.SQL                        : select b1_0.id,b1_0.brand_name,b1_0.create_at,b1_0.logo,b1_0.update_at from brand b1_0 where lower(b1_0.brand_name)=lower(?)
Hibernate: select b1_0.id,b1_0.brand_name,b1_0.create_at,b1_0.logo,b1_0.update_at from brand b1_0 where lower(b1_0.brand_name)=lower(?)
2026-09-15T11:56:16.473+07:00 DEBUG 21060 --- [vehicles_rental] [           main] org.hibernate.SQL                        : select v1_0.id,v1_0.brand_id,v1_0.category_id,v1_0.create_at,v1_0.description,v1_0.fuel_type,v1_0.model,v1_0.name,v1_0.plate_number,v1_0.price_per_day,v1_0.seat,v1_0.status,v1_0.transmission,v1_0.update_at,v1_0.year from vehicles v1_0 where upper(v1_0.name)=upper(?)
Hibernate: select v1_0.id,v1_0.brand_id,v1_0.category_id,v1_0.create_at,v1_0.description,v1_0.fuel_type,v1_0.model,v1_0.name,v1_0.plate_number,v1_0.price_per_day,v1_0.seat,v1_0.status,v1_0.transmission,v1_0.update_at,v1_0.year from vehicles v1_0 where upper(v1_0.name)=upper(?)
2026-09-15T11:56:16.483+07:00 DEBUG 21060 --- [vehicles_rental] [           main] org.hibernate.SQL                        : select b1_0.id,b1_0.brand_name,b1_0.create_at,b1_0.logo,b1_0.update_at from brand b1_0 where b1_0.id=?
Hibernate: select b1_0.id,b1_0.brand_name,b1_0.create_at,b1_0.logo,b1_0.update_at from brand b1_0 where b1_0.id=?
2026-09-15T11:56:16.485+07:00 DEBUG 21060 --- [vehicles_rental] [           main] org.hibernate.SQL                        : select c1_0.id,c1_0.category_name,c1_0.create_at,c1_0.description,c1_0.update_at from categories c1_0 where c1_0.id=?
Hibernate: select c1_0.id,c1_0.category_name,c1_0.create_at,c1_0.description,c1_0.update_at from categories c1_0 where c1_0.id=?
2026-09-15T11:56:16.490+07:00 DEBUG 21060 --- [vehicles_rental] [           main] org.hibernate.SQL                        : select v1_0.id,v1_0.brand_id,v1_0.category_id,v1_0.create_at,v1_0.description,v1_0.fuel_type,v1_0.model,v1_0.name,v1_0.plate_number,v1_0.price_per_day,v1_0.seat,v1_0.status,v1_0.transmission,v1_0.update_at,v1_0.year from vehicles v1_0 where upper(v1_0.name)=upper(?)
Hibernate: select v1_0.id,v1_0.brand_id,v1_0.category_id,v1_0.create_at,v1_0.description,v1_0.fuel_type,v1_0.model,v1_0.name,v1_0.plate_number,v1_0.price_per_day,v1_0.seat,v1_0.status,v1_0.transmission,v1_0.update_at,v1_0.year from vehicles v1_0 where upper(v1_0.name)=upper(?)
2026-09-15T11:56:16.491+07:00 DEBUG 21060 --- [vehicles_rental] [           main] org.hibernate.SQL                        : select b1_0.id,b1_0.brand_name,b1_0.create_at,b1_0.logo,b1_0.update_at from brand b1_0 where b1_0.id=?
Hibernate: select b1_0.id,b1_0.brand_name,b1_0.create_at,b1_0.logo,b1_0.update_at from brand b1_0 where b1_0.id=?
2026-09-15T11:56:16.492+07:00 DEBUG 21060 --- [vehicles_rental] [           main] org.hibernate.SQL                        : select c1_0.id,c1_0.category_name,c1_0.create_at,c1_0.description,c1_0.update_at from categories c1_0 where c1_0.id=?
Hibernate: select c1_0.id,c1_0.category_name,c1_0.create_at,c1_0.description,c1_0.update_at from categories c1_0 where c1_0.id=?
2026-09-15T11:56:16.495+07:00 DEBUG 21060 --- [vehicles_rental] [           main] org.hibernate.SQL                        : select v1_0.id,v1_0.brand_id,v1_0.category_id,v1_0.create_at,v1_0.description,v1_0.fuel_type,v1_0.model,v1_0.name,v1_0.plate_number,v1_0.price_per_day,v1_0.seat,v1_0.status,v1_0.transmission,v1_0.update_at,v1_0.year from vehicles v1_0 where upper(v1_0.name)=upper(?)
Hibernate: select v1_0.id,v1_0.brand_id,v1_0.category_id,v1_0.create_at,v1_0.description,v1_0.fuel_type,v1_0.model,v1_0.name,v1_0.plate_number,v1_0.price_per_day,v1_0.seat,v1_0.status,v1_0.transmission,v1_0.update_at,v1_0.year from vehicles v1_0 where upper(v1_0.name)=upper(?)
2026-09-15T11:56:16.496+07:00 DEBUG 21060 --- [vehicles_rental] [           main] org.hibernate.SQL                        : select b1_0.id,b1_0.brand_name,b1_0.create_at,b1_0.logo,b1_0.update_at from brand b1_0 where b1_0.id=?
Hibernate: select b1_0.id,b1_0.brand_name,b1_0.create_at,b1_0.logo,b1_0.update_at from brand b1_0 where b1_0.id=?
2026-09-15T11:56:16.497+07:00 DEBUG 21060 --- [vehicles_rental] [           main] org.hibernate.SQL                        : select c1_0.id,c1_0.category_name,c1_0.create_at,c1_0.description,c1_0.update_at from categories c1_0 where c1_0.id=?
Hibernate: select c1_0.id,c1_0.category_name,c1_0.create_at,c1_0.description,c1_0.update_at from categories c1_0 where c1_0.id=?
2026-09-15T11:56:16.500+07:00 DEBUG 21060 --- [vehicles_rental] [           main] org.hibernate.SQL                        : select v1_0.id,v1_0.brand_id,v1_0.category_id,v1_0.create_at,v1_0.description,v1_0.fuel_type,v1_0.model,v1_0.name,v1_0.plate_number,v1_0.price_per_day,v1_0.seat,v1_0.status,v1_0.transmission,v1_0.update_at,v1_0.year from vehicles v1_0 where upper(v1_0.name)=upper(?)
Hibernate: select v1_0.id,v1_0.brand_id,v1_0.category_id,v1_0.create_at,v1_0.description,v1_0.fuel_type,v1_0.model,v1_0.name,v1_0.plate_number,v1_0.price_per_day,v1_0.seat,v1_0.status,v1_0.transmission,v1_0.update_at,v1_0.year from vehicles v1_0 where upper(v1_0.name)=upper(?)
2026-09-15T11:56:16.501+07:00 DEBUG 21060 --- [vehicles_rental] [           main] org.hibernate.SQL                        : select b1_0.id,b1_0.brand_name,b1_0.create_at,b1_0.logo,b1_0.update_at from brand b1_0 where b1_0.id=?
Hibernate: select b1_0.id,b1_0.brand_name,b1_0.create_at,b1_0.logo,b1_0.update_at from brand b1_0 where b1_0.id=?
2026-09-15T11:56:16.502+07:00 DEBUG 21060 --- [vehicles_rental] [           main] org.hibernate.SQL                        : select c1_0.id,c1_0.category_name,c1_0.create_at,c1_0.description,c1_0.update_at from categories c1_0 where c1_0.id=?
Hibernate: select c1_0.id,c1_0.category_name,c1_0.create_at,c1_0.description,c1_0.update_at from categories c1_0 where c1_0.id=?
2026-09-15T11:56:16.504+07:00 DEBUG 21060 --- [vehicles_rental] [           main] org.hibernate.SQL                        : select v1_0.id,v1_0.brand_id,v1_0.category_id,v1_0.create_at,v1_0.description,v1_0.fuel_type,v1_0.model,v1_0.name,v1_0.plate_number,v1_0.price_per_day,v1_0.seat,v1_0.status,v1_0.transmission,v1_0.update_at,v1_0.year from vehicles v1_0 where upper(v1_0.name)=upper(?)
Hibernate: select v1_0.id,v1_0.brand_id,v1_0.category_id,v1_0.create_at,v1_0.description,v1_0.fuel_type,v1_0.model,v1_0.name,v1_0.plate_number,v1_0.price_per_day,v1_0.seat,v1_0.status,v1_0.transmission,v1_0.update_at,v1_0.year from vehicles v1_0 where upper(v1_0.name)=upper(?)
2026-09-15T11:56:16.505+07:00 DEBUG 21060 --- [vehicles_rental] [           main] org.hibernate.SQL                        : select b1_0.id,b1_0.brand_name,b1_0.create_at,b1_0.logo,b1_0.update_at from brand b1_0 where b1_0.id=?
Hibernate: select b1_0.id,b1_0.brand_name,b1_0.create_at,b1_0.logo,b1_0.update_at from brand b1_0 where b1_0.id=?
2026-09-15T11:56:16.506+07:00 DEBUG 21060 --- [vehicles_rental] [           main] org.hibernate.SQL                        : select c1_0.id,c1_0.category_name,c1_0.create_at,c1_0.description,c1_0.update_at from categories c1_0 where c1_0.id=?
Hibernate: select c1_0.id,c1_0.category_name,c1_0.create_at,c1_0.description,c1_0.update_at from categories c1_0 where c1_0.id=?
2026-09-15T11:56:16.509+07:00 DEBUG 21060 --- [vehicles_rental] [           main] org.hibernate.SQL                        : select v1_0.id,v1_0.brand_id,v1_0.category_id,v1_0.create_at,v1_0.description,v1_0.fuel_type,v1_0.model,v1_0.name,v1_0.plate_number,v1_0.price_per_day,v1_0.seat,v1_0.status,v1_0.transmission,v1_0.update_at,v1_0.year from vehicles v1_0 where upper(v1_0.name)=upper(?)
Hibernate: select v1_0.id,v1_0.brand_id,v1_0.category_id,v1_0.create_at,v1_0.description,v1_0.fuel_type,v1_0.model,v1_0.name,v1_0.plate_number,v1_0.price_per_day,v1_0.seat,v1_0.status,v1_0.transmission,v1_0.update_at,v1_0.year from vehicles v1_0 where upper(v1_0.name)=upper(?)
2026-09-15T11:56:16.510+07:00 DEBUG 21060 --- [vehicles_rental] [           main] org.hibernate.SQL                        : select b1_0.id,b1_0.brand_name,b1_0.create_at,b1_0.logo,b1_0.update_at from brand b1_0 where b1_0.id=?
Hibernate: select b1_0.id,b1_0.brand_name,b1_0.create_at,b1_0.logo,b1_0.update_at from brand b1_0 where b1_0.id=?
2026-09-15T11:56:16.511+07:00 DEBUG 21060 --- [vehicles_rental] [           main] org.hibernate.SQL                        : select c1_0.id,c1_0.category_name,c1_0.create_at,c1_0.description,c1_0.update_at from categories c1_0 where c1_0.id=?
Hibernate: select c1_0.id,c1_0.category_name,c1_0.create_at,c1_0.description,c1_0.update_at from categories c1_0 where c1_0.id=?
2026-09-15T11:56:16.513+07:00 DEBUG 21060 --- [vehicles_rental] [           main] o.s.b.a.ApplicationAvailabilityBean      : Application availability state ReadinessState changed to ACCEPTING_TRAFFIC
2026-09-15T11:57:15.074+07:00  INFO 21060 --- [vehicles_rental] [nio-8080-exec-1] o.a.c.c.C.[Tomcat].[localhost].[/]       : Initializing Spring DispatcherServlet 'dispatcherServlet'
2026-09-15T11:57:15.074+07:00  INFO 21060 --- [vehicles_rental] [nio-8080-exec-1] o.s.web.servlet.DispatcherServlet        : Initializing Servlet 'dispatcherServlet'
2026-09-15T11:57:15.074+07:00 DEBUG 21060 --- [vehicles_rental] [nio-8080-exec-1] o.s.web.servlet.DispatcherServlet        : Detected StandardServletMultipartResolver
2026-09-15T11:57:15.074+07:00 DEBUG 21060 --- [vehicles_rental] [nio-8080-exec-1] o.s.web.servlet.DispatcherServlet        : Detected AcceptHeaderLocaleResolver
2026-09-15T11:57:15.080+07:00 DEBUG 21060 --- [vehicles_rental] [nio-8080-exec-1] o.s.web.servlet.DispatcherServlet        : Detected org.springframework.web.servlet.view.DefaultRequestToViewNameTranslator@70cd0c14
2026-09-15T11:57:15.082+07:00 DEBUG 21060 --- [vehicles_rental] [nio-8080-exec-1] o.s.web.servlet.DispatcherServlet        : Detected org.springframework.web.servlet.support.SessionFlashMapManager@339e1787
2026-09-15T11:57:15.082+07:00 DEBUG 21060 --- [vehicles_rental] [nio-8080-exec-1] o.s.web.servlet.DispatcherServlet        : enableLoggingRequestDetails='false': request parameters and headers will be masked to prevent unsafe logging of potentially sensitive data
2026-09-15T11:57:15.083+07:00  INFO 21060 --- [vehicles_rental] [nio-8080-exec-1] o.s.web.servlet.DispatcherServlet        : Completed initialization in 8 ms
2026-09-15T11:57:15.107+07:00 DEBUG 21060 --- [vehicles_rental] [nio-8080-exec-1] o.s.w.s.h.HandlerMappingIntrospector     : Cache miss for REQUEST dispatch to '/api/vehicle/getById/1' (previous null). Performing CorsConfiguration lookup. If there are repeated lookups per request, consider using HandlerMappingIntrospector#createCacheFilter()to create a Servlet Filter to set the cache for the request. This is logged once only at DEBUG level, and every time at TRACE.
2026-09-15T11:57:15.408+07:00 DEBUG 21060 --- [vehicles_rental] [nio-8080-exec-1] org.hibernate.SQL                        : select u1_0.id,u1_0.email,u1_0.gender,u1_0.is_active,u1_0.name,u1_0.profile_image,u1_0.pwd,u1_0.role,u1_0.tell from tb_users u1_0 where u1_0.email=?
Hibernate: select u1_0.id,u1_0.email,u1_0.gender,u1_0.is_active,u1_0.name,u1_0.profile_image,u1_0.pwd,u1_0.role,u1_0.tell from tb_users u1_0 where u1_0.email=?
2026-09-15T11:57:15.409+07:00 DEBUG 21060 --- [vehicles_rental] [nio-8080-exec-2] org.hibernate.SQL                        : select u1_0.id,u1_0.email,u1_0.gender,u1_0.is_active,u1_0.name,u1_0.profile_image,u1_0.pwd,u1_0.role,u1_0.tell from tb_users u1_0 where u1_0.email=?
Hibernate: select u1_0.id,u1_0.email,u1_0.gender,u1_0.is_active,u1_0.name,u1_0.profile_image,u1_0.pwd,u1_0.role,u1_0.tell from tb_users u1_0 where u1_0.email=?
2026-09-15T11:57:15.419+07:00 DEBUG 21060 --- [vehicles_rental] [nio-8080-exec-2] org.hibernate.SQL                        : select o1_0.id,o1_0.expiry_time,o1_0.otp,u1_0.id,u1_0.email,u1_0.gender,u1_0.is_active,u1_0.name,u1_0.profile_image,u1_0.pwd,u1_0.role,u1_0.tell,o1_0.verified from otp o1_0 left join tb_users u1_0 on u1_0.id=o1_0.user_id where o1_0.user_id=?
Hibernate: select o1_0.id,o1_0.expiry_time,o1_0.otp,u1_0.id,u1_0.email,u1_0.gender,u1_0.is_active,u1_0.name,u1_0.profile_image,u1_0.pwd,u1_0.role,u1_0.tell,o1_0.verified from otp o1_0 left join tb_users u1_0 on u1_0.id=o1_0.user_id where o1_0.user_id=?
2026-09-15T11:57:15.419+07:00 DEBUG 21060 --- [vehicles_rental] [nio-8080-exec-1] org.hibernate.SQL                        : select o1_0.id,o1_0.expiry_time,o1_0.otp,u1_0.id,u1_0.email,u1_0.gender,u1_0.is_active,u1_0.name,u1_0.profile_image,u1_0.pwd,u1_0.role,u1_0.tell,o1_0.verified from otp o1_0 left join tb_users u1_0 on u1_0.id=o1_0.user_id where o1_0.user_id=?
Hibernate: select o1_0.id,o1_0.expiry_time,o1_0.otp,u1_0.id,u1_0.email,u1_0.gender,u1_0.is_active,u1_0.name,u1_0.profile_image,u1_0.pwd,u1_0.role,u1_0.tell,o1_0.verified from otp o1_0 left join tb_users u1_0 on u1_0.id=o1_0.user_id where o1_0.user_id=?
2026-09-15T11:57:15.446+07:00 DEBUG 21060 --- [vehicles_rental] [nio-8080-exec-1] o.s.web.servlet.DispatcherServlet        : GET "/api/vehicle/getById/1", parameters={}
2026-09-15T11:57:15.446+07:00 DEBUG 21060 --- [vehicles_rental] [nio-8080-exec-2] o.s.web.servlet.DispatcherServlet        : GET "/api/vehicle/getById/1", parameters={}
2026-09-15T11:57:15.449+07:00 DEBUG 21060 --- [vehicles_rental] [nio-8080-exec-1] s.w.s.m.m.a.RequestMappingHandlerMapping : Mapped to org.example.vehicles_rental.controller.VehicleController#getById(Long)
2026-09-15T11:57:15.449+07:00 DEBUG 21060 --- [vehicles_rental] [nio-8080-exec-2] s.w.s.m.m.a.RequestMappingHandlerMapping : Mapped to org.example.vehicles_rental.controller.VehicleController#getById(Long)
2026-09-15T11:57:15.486+07:00 DEBUG 21060 --- [vehicles_rental] [nio-8080-exec-1] org.hibernate.SQL                        : select v1_0.id,b1_0.id,b1_0.brand_name,b1_0.create_at,b1_0.logo,b1_0.update_at,c1_0.id,c1_0.category_name,c1_0.create_at,c1_0.description,c1_0.update_at,v1_0.create_at,v1_0.description,v1_0.fuel_type,v1_0.model,v1_0.name,v1_0.plate_number,v1_0.price_per_day,v1_0.seat,v1_0.status,v1_0.transmission,v1_0.update_at,v1_0.year from vehicles v1_0 left join brand b1_0 on b1_0.id=v1_0.brand_id left join categories c1_0 on c1_0.id=v1_0.category_id where v1_0.id=?
2026-09-15T11:57:15.486+07:00 DEBUG 21060 --- [vehicles_rental] [nio-8080-exec-2] org.hibernate.SQL                        : select v1_0.id,b1_0.id,b1_0.brand_name,b1_0.create_at,b1_0.logo,b1_0.update_at,c1_0.id,c1_0.category_name,c1_0.create_at,c1_0.description,c1_0.update_at,v1_0.create_at,v1_0.description,v1_0.fuel_type,v1_0.model,v1_0.name,v1_0.plate_number,v1_0.price_per_day,v1_0.seat,v1_0.status,v1_0.transmission,v1_0.update_at,v1_0.year from vehicles v1_0 left join brand b1_0 on b1_0.id=v1_0.brand_id left join categories c1_0 on c1_0.id=v1_0.category_id where v1_0.id=?
Hibernate: select v1_0.id,b1_0.id,b1_0.brand_name,b1_0.create_at,b1_0.logo,b1_0.update_at,c1_0.id,c1_0.category_name,c1_0.create_at,c1_0.description,c1_0.update_at,v1_0.create_at,v1_0.description,v1_0.fuel_type,v1_0.model,v1_0.name,v1_0.plate_number,v1_0.price_per_day,v1_0.seat,v1_0.status,v1_0.transmission,v1_0.update_at,v1_0.year from vehicles v1_0 left join brand b1_0 on b1_0.id=v1_0.brand_id left join categories c1_0 on c1_0.id=v1_0.category_id where v1_0.id=?
Hibernate: select v1_0.id,b1_0.id,b1_0.brand_name,b1_0.create_at,b1_0.logo,b1_0.update_at,c1_0.id,c1_0.category_name,c1_0.create_at,c1_0.description,c1_0.update_at,v1_0.create_at,v1_0.description,v1_0.fuel_type,v1_0.model,v1_0.name,v1_0.plate_number,v1_0.price_per_day,v1_0.seat,v1_0.status,v1_0.transmission,v1_0.update_at,v1_0.year from vehicles v1_0 left join brand b1_0 on b1_0.id=v1_0.brand_id left join categories c1_0 on c1_0.id=v1_0.category_id where v1_0.id=?
2026-09-15T11:57:15.501+07:00 DEBUG 21060 --- [vehicles_rental] [nio-8080-exec-1] m.m.a.RequestResponseBodyMethodProcessor : Using 'application/json', given [application/json, text/plain, */*] and supported [application/json, application/*+json]
2026-09-15T11:57:15.501+07:00 DEBUG 21060 --- [vehicles_rental] [nio-8080-exec-2] m.m.a.RequestResponseBodyMethodProcessor : Using 'application/json', given [application/json, text/plain, */*] and supported [application/json, application/*+json]
2026-09-15T11:57:15.511+07:00 DEBUG 21060 --- [vehicles_rental] [nio-8080-exec-1] m.m.a.RequestResponseBodyMethodProcessor : Writing [ApiResponse(msg=get vehicle ById successfully, status=200, data=VehicleResponse(id=1, category_name= (truncated)...]
2026-09-15T11:57:15.511+07:00 DEBUG 21060 --- [vehicles_rental] [nio-8080-exec-2] m.m.a.RequestResponseBodyMethodProcessor : Writing [ApiResponse(msg=get vehicle ById successfully, status=200, data=VehicleResponse(id=1, category_name= (truncated)...]
2026-09-15T11:57:15.606+07:00 DEBUG 21060 --- [vehicles_rental] [nio-8080-exec-2] o.s.web.servlet.DispatcherServlet        : Completed 200 OK
2026-09-15T11:57:15.606+07:00 DEBUG 21060 --- [vehicles_rental] [nio-8080-exec-1] o.s.web.servlet.DispatcherServlet        : Completed 200 OK
2026-09-15T11:57:16.305+07:00 DEBUG 21060 --- [vehicles_rental] [nio-8080-exec-3] org.hibernate.SQL                        : select u1_0.id,u1_0.email,u1_0.gender,u1_0.is_active,u1_0.name,u1_0.profile_image,u1_0.pwd,u1_0.role,u1_0.tell from tb_users u1_0 where u1_0.email=?
Hibernate: select u1_0.id,u1_0.email,u1_0.gender,u1_0.is_active,u1_0.name,u1_0.profile_image,u1_0.pwd,u1_0.role,u1_0.tell from tb_users u1_0 where u1_0.email=?
2026-09-15T11:57:16.306+07:00 DEBUG 21060 --- [vehicles_rental] [nio-8080-exec-3] org.hibernate.SQL                        : select o1_0.id,o1_0.expiry_time,o1_0.otp,u1_0.id,u1_0.email,u1_0.gender,u1_0.is_active,u1_0.name,u1_0.profile_image,u1_0.pwd,u1_0.role,u1_0.tell,o1_0.verified from otp o1_0 left join tb_users u1_0 on u1_0.id=o1_0.user_id where o1_0.user_id=?
Hibernate: select o1_0.id,o1_0.expiry_time,o1_0.otp,u1_0.id,u1_0.email,u1_0.gender,u1_0.is_active,u1_0.name,u1_0.profile_image,u1_0.pwd,u1_0.role,u1_0.tell,o1_0.verified from otp o1_0 left join tb_users u1_0 on u1_0.id=o1_0.user_id where o1_0.user_id=?
2026-09-15T11:57:16.308+07:00 DEBUG 21060 --- [vehicles_rental] [nio-8080-exec-4] org.hibernate.SQL                        : select u1_0.id,u1_0.email,u1_0.gender,u1_0.is_active,u1_0.name,u1_0.profile_image,u1_0.pwd,u1_0.role,u1_0.tell from tb_users u1_0 where u1_0.email=?
Hibernate: select u1_0.id,u1_0.email,u1_0.gender,u1_0.is_active,u1_0.name,u1_0.profile_image,u1_0.pwd,u1_0.role,u1_0.tell from tb_users u1_0 where u1_0.email=?
2026-09-15T11:57:16.309+07:00 DEBUG 21060 --- [vehicles_rental] [nio-8080-exec-4] org.hibernate.SQL                        : select o1_0.id,o1_0.expiry_time,o1_0.otp,u1_0.id,u1_0.email,u1_0.gender,u1_0.is_active,u1_0.name,u1_0.profile_image,u1_0.pwd,u1_0.role,u1_0.tell,o1_0.verified from otp o1_0 left join tb_users u1_0 on u1_0.id=o1_0.user_id where o1_0.user_id=?
Hibernate: select o1_0.id,o1_0.expiry_time,o1_0.otp,u1_0.id,u1_0.email,u1_0.gender,u1_0.is_active,u1_0.name,u1_0.profile_image,u1_0.pwd,u1_0.role,u1_0.tell,o1_0.verified from otp o1_0 left join tb_users u1_0 on u1_0.id=o1_0.user_id where o1_0.user_id=?
2026-09-15T11:57:16.311+07:00 DEBUG 21060 --- [vehicles_rental] [nio-8080-exec-3] o.s.web.servlet.DispatcherServlet        : GET "/api/vehicle/getAll", parameters={}
2026-09-15T11:57:16.311+07:00 DEBUG 21060 --- [vehicles_rental] [nio-8080-exec-3] s.w.s.m.m.a.RequestMappingHandlerMapping : Mapped to org.example.vehicles_rental.controller.VehicleController#getAll()
2026-09-15T11:57:16.313+07:00 DEBUG 21060 --- [vehicles_rental] [nio-8080-exec-4] o.s.web.servlet.DispatcherServlet        : GET "/api/bookings", parameters={}
2026-09-15T11:57:16.314+07:00 DEBUG 21060 --- [vehicles_rental] [nio-8080-exec-4] s.w.s.m.m.a.RequestMappingHandlerMapping : Mapped to org.example.vehicles_rental.controller.BookingController#getAll()
2026-09-15T11:57:16.315+07:00 DEBUG 21060 --- [vehicles_rental] [nio-8080-exec-4] org.hibernate.SQL                        : select u1_0.id,u1_0.email,u1_0.gender,u1_0.is_active,u1_0.name,u1_0.profile_image,u1_0.pwd,u1_0.role,u1_0.tell from tb_users u1_0 where u1_0.email=?
Hibernate: select u1_0.id,u1_0.email,u1_0.gender,u1_0.is_active,u1_0.name,u1_0.profile_image,u1_0.pwd,u1_0.role,u1_0.tell from tb_users u1_0 where u1_0.email=?
2026-09-15T11:57:16.315+07:00 DEBUG 21060 --- [vehicles_rental] [nio-8080-exec-4] org.hibernate.SQL                        : select o1_0.id,o1_0.expiry_time,o1_0.otp,u1_0.id,u1_0.email,u1_0.gender,u1_0.is_active,u1_0.name,u1_0.profile_image,u1_0.pwd,u1_0.role,u1_0.tell,o1_0.verified from otp o1_0 left join tb_users u1_0 on u1_0.id=o1_0.user_id where o1_0.user_id=?
Hibernate: select o1_0.id,o1_0.expiry_time,o1_0.otp,u1_0.id,u1_0.email,u1_0.gender,u1_0.is_active,u1_0.name,u1_0.profile_image,u1_0.pwd,u1_0.role,u1_0.tell,o1_0.verified from otp o1_0 left join tb_users u1_0 on u1_0.id=o1_0.user_id where o1_0.user_id=?
2026-09-15T11:57:16.324+07:00 DEBUG 21060 --- [vehicles_rental] [nio-8080-exec-4] org.hibernate.SQL                        : select b1_0.id,b1_0.created_at,b1_0.pickup_date,b1_0.return_date,b1_0.status,b1_0.total_days,b1_0.total_price,b1_0.updated_at,b1_0.user_id,b1_0.vehicle_id from bookings b1_0 where b1_0.user_id=?
Hibernate: select b1_0.id,b1_0.created_at,b1_0.pickup_date,b1_0.return_date,b1_0.status,b1_0.total_days,b1_0.total_price,b1_0.updated_at,b1_0.user_id,b1_0.vehicle_id from bookings b1_0 where b1_0.user_id=?
2026-09-15T11:57:16.337+07:00 DEBUG 21060 --- [vehicles_rental] [nio-8080-exec-3] org.hibernate.SQL                        : select v1_0.id,v1_0.brand_id,v1_0.category_id,v1_0.create_at,v1_0.description,v1_0.fuel_type,v1_0.model,v1_0.name,v1_0.plate_number,v1_0.price_per_day,v1_0.seat,v1_0.status,v1_0.transmission,v1_0.update_at,v1_0.year from vehicles v1_0
Hibernate: select v1_0.id,v1_0.brand_id,v1_0.category_id,v1_0.create_at,v1_0.description,v1_0.fuel_type,v1_0.model,v1_0.name,v1_0.plate_number,v1_0.price_per_day,v1_0.seat,v1_0.status,v1_0.transmission,v1_0.update_at,v1_0.year from vehicles v1_0
2026-09-15T11:57:16.337+07:00 DEBUG 21060 --- [vehicles_rental] [nio-8080-exec-3] org.hibernate.SQL                        : select b1_0.id,b1_0.brand_name,b1_0.create_at,b1_0.logo,b1_0.update_at from brand b1_0 where b1_0.id=?
Hibernate: select b1_0.id,b1_0.brand_name,b1_0.create_at,b1_0.logo,b1_0.update_at from brand b1_0 where b1_0.id=?
2026-09-15T11:57:16.337+07:00 DEBUG 21060 --- [vehicles_rental] [nio-8080-exec-4] org.hibernate.SQL                        : select v1_0.id,b1_0.id,b1_0.brand_name,b1_0.create_at,b1_0.logo,b1_0.update_at,c1_0.id,c1_0.category_name,c1_0.create_at,c1_0.description,c1_0.update_at,v1_0.create_at,v1_0.description,v1_0.fuel_type,v1_0.model,v1_0.name,v1_0.plate_number,v1_0.price_per_day,v1_0.seat,v1_0.status,v1_0.transmission,v1_0.update_at,v1_0.year from vehicles v1_0 left join brand b1_0 on b1_0.id=v1_0.brand_id left join categories c1_0 on c1_0.id=v1_0.category_id where v1_0.id=?
Hibernate: select v1_0.id,b1_0.id,b1_0.brand_name,b1_0.create_at,b1_0.logo,b1_0.update_at,c1_0.id,c1_0.category_name,c1_0.create_at,c1_0.description,c1_0.update_at,v1_0.create_at,v1_0.description,v1_0.fuel_type,v1_0.model,v1_0.name,v1_0.plate_number,v1_0.price_per_day,v1_0.seat,v1_0.status,v1_0.transmission,v1_0.update_at,v1_0.year from vehicles v1_0 left join brand b1_0 on b1_0.id=v1_0.brand_id left join categories c1_0 on c1_0.id=v1_0.category_id where v1_0.id=?
2026-09-15T11:57:16.337+07:00 DEBUG 21060 --- [vehicles_rental] [nio-8080-exec-3] org.hibernate.SQL                        : select c1_0.id,c1_0.category_name,c1_0.create_at,c1_0.description,c1_0.update_at from categories c1_0 where c1_0.id=?
Hibernate: select c1_0.id,c1_0.category_name,c1_0.create_at,c1_0.description,c1_0.update_at from categories c1_0 where c1_0.id=?
2026-09-15T11:57:16.337+07:00 DEBUG 21060 --- [vehicles_rental] [nio-8080-exec-3] org.hibernate.SQL                        : select b1_0.id,b1_0.brand_name,b1_0.create_at,b1_0.logo,b1_0.update_at from brand b1_0 where b1_0.id=?
Hibernate: select b1_0.id,b1_0.brand_name,b1_0.create_at,b1_0.logo,b1_0.update_at from brand b1_0 where b1_0.id=?
2026-09-15T11:57:16.343+07:00 DEBUG 21060 --- [vehicles_rental] [nio-8080-exec-3] org.hibernate.SQL                        : select c1_0.id,c1_0.category_name,c1_0.create_at,c1_0.description,c1_0.update_at from categories c1_0 where c1_0.id=?
Hibernate: select c1_0.id,c1_0.category_name,c1_0.create_at,c1_0.description,c1_0.update_at from categories c1_0 where c1_0.id=?
2026-09-15T11:57:16.345+07:00 DEBUG 21060 --- [vehicles_rental] [nio-8080-exec-4] org.hibernate.SQL                        : select v1_0.id,b1_0.id,b1_0.brand_name,b1_0.create_at,b1_0.logo,b1_0.update_at,c1_0.id,c1_0.category_name,c1_0.create_at,c1_0.description,c1_0.update_at,v1_0.create_at,v1_0.description,v1_0.fuel_type,v1_0.model,v1_0.name,v1_0.plate_number,v1_0.price_per_day,v1_0.seat,v1_0.status,v1_0.transmission,v1_0.update_at,v1_0.year from vehicles v1_0 left join brand b1_0 on b1_0.id=v1_0.brand_id left join categories c1_0 on c1_0.id=v1_0.category_id where v1_0.id=?
Hibernate: select v1_0.id,b1_0.id,b1_0.brand_name,b1_0.create_at,b1_0.logo,b1_0.update_at,c1_0.id,c1_0.category_name,c1_0.create_at,c1_0.description,c1_0.update_at,v1_0.create_at,v1_0.description,v1_0.fuel_type,v1_0.model,v1_0.name,v1_0.plate_number,v1_0.price_per_day,v1_0.seat,v1_0.status,v1_0.transmission,v1_0.update_at,v1_0.year from vehicles v1_0 left join brand b1_0 on b1_0.id=v1_0.brand_id left join categories c1_0 on c1_0.id=v1_0.category_id where v1_0.id=?
2026-09-15T11:57:16.345+07:00 DEBUG 21060 --- [vehicles_rental] [nio-8080-exec-3] org.hibernate.SQL                        : select b1_0.id,b1_0.brand_name,b1_0.create_at,b1_0.logo,b1_0.update_at from brand b1_0 where b1_0.id=?
Hibernate: select b1_0.id,b1_0.brand_name,b1_0.create_at,b1_0.logo,b1_0.update_at from brand b1_0 where b1_0.id=?
2026-09-15T11:57:16.345+07:00 DEBUG 21060 --- [vehicles_rental] [nio-8080-exec-3] org.hibernate.SQL                        : select c1_0.id,c1_0.category_name,c1_0.create_at,c1_0.description,c1_0.update_at from categories c1_0 where c1_0.id=?
Hibernate: select c1_0.id,c1_0.category_name,c1_0.create_at,c1_0.description,c1_0.update_at from categories c1_0 where c1_0.id=?
2026-09-15T11:57:16.345+07:00 DEBUG 21060 --- [vehicles_rental] [nio-8080-exec-4] org.hibernate.SQL                        : select v1_0.id,b1_0.id,b1_0.brand_name,b1_0.create_at,b1_0.logo,b1_0.update_at,c1_0.id,c1_0.category_name,c1_0.create_at,c1_0.description,c1_0.update_at,v1_0.create_at,v1_0.description,v1_0.fuel_type,v1_0.model,v1_0.name,v1_0.plate_number,v1_0.price_per_day,v1_0.seat,v1_0.status,v1_0.transmission,v1_0.update_at,v1_0.year from vehicles v1_0 left join brand b1_0 on b1_0.id=v1_0.brand_id left join categories c1_0 on c1_0.id=v1_0.category_id where v1_0.id=?
Hibernate: select v1_0.id,b1_0.id,b1_0.brand_name,b1_0.create_at,b1_0.logo,b1_0.update_at,c1_0.id,c1_0.category_name,c1_0.create_at,c1_0.description,c1_0.update_at,v1_0.create_at,v1_0.description,v1_0.fuel_type,v1_0.model,v1_0.name,v1_0.plate_number,v1_0.price_per_day,v1_0.seat,v1_0.status,v1_0.transmission,v1_0.update_at,v1_0.year from vehicles v1_0 left join brand b1_0 on b1_0.id=v1_0.brand_id left join categories c1_0 on c1_0.id=v1_0.category_id where v1_0.id=?
2026-09-15T11:57:16.345+07:00 DEBUG 21060 --- [vehicles_rental] [nio-8080-exec-3] org.hibernate.SQL                        : select b1_0.id,b1_0.brand_name,b1_0.create_at,b1_0.logo,b1_0.update_at from brand b1_0 where b1_0.id=?
Hibernate: select b1_0.id,b1_0.brand_name,b1_0.create_at,b1_0.logo,b1_0.update_at from brand b1_0 where b1_0.id=?
2026-09-15T11:57:16.350+07:00 DEBUG 21060 --- [vehicles_rental] [nio-8080-exec-3] org.hibernate.SQL                        : select c1_0.id,c1_0.category_name,c1_0.create_at,c1_0.description,c1_0.update_at from categories c1_0 where c1_0.id=?
Hibernate: select c1_0.id,c1_0.category_name,c1_0.create_at,c1_0.description,c1_0.update_at from categories c1_0 where c1_0.id=?
2026-09-15T11:57:16.350+07:00 DEBUG 21060 --- [vehicles_rental] [nio-8080-exec-4] org.hibernate.SQL                        : select v1_0.id,b1_0.id,b1_0.brand_name,b1_0.create_at,b1_0.logo,b1_0.update_at,c1_0.id,c1_0.category_name,c1_0.create_at,c1_0.description,c1_0.update_at,v1_0.create_at,v1_0.description,v1_0.fuel_type,v1_0.model,v1_0.name,v1_0.plate_number,v1_0.price_per_day,v1_0.seat,v1_0.status,v1_0.transmission,v1_0.update_at,v1_0.year from vehicles v1_0 left join brand b1_0 on b1_0.id=v1_0.brand_id left join categories c1_0 on c1_0.id=v1_0.category_id where v1_0.id=?
Hibernate: select v1_0.id,b1_0.id,b1_0.brand_name,b1_0.create_at,b1_0.logo,b1_0.update_at,c1_0.id,c1_0.category_name,c1_0.create_at,c1_0.description,c1_0.update_at,v1_0.create_at,v1_0.description,v1_0.fuel_type,v1_0.model,v1_0.name,v1_0.plate_number,v1_0.price_per_day,v1_0.seat,v1_0.status,v1_0.transmission,v1_0.update_at,v1_0.year from vehicles v1_0 left join brand b1_0 on b1_0.id=v1_0.brand_id left join categories c1_0 on c1_0.id=v1_0.category_id where v1_0.id=?
2026-09-15T11:57:16.351+07:00 DEBUG 21060 --- [vehicles_rental] [nio-8080-exec-3] org.hibernate.SQL                        : select b1_0.id,b1_0.brand_name,b1_0.create_at,b1_0.logo,b1_0.update_at from brand b1_0 where b1_0.id=?
Hibernate: select b1_0.id,b1_0.brand_name,b1_0.create_at,b1_0.logo,b1_0.update_at from brand b1_0 where b1_0.id=?
2026-09-15T11:57:16.352+07:00 DEBUG 21060 --- [vehicles_rental] [nio-8080-exec-4] org.hibernate.SQL                        : select v1_0.id,b1_0.id,b1_0.brand_name,b1_0.create_at,b1_0.logo,b1_0.update_at,c1_0.id,c1_0.category_name,c1_0.create_at,c1_0.description,c1_0.update_at,v1_0.create_at,v1_0.description,v1_0.fuel_type,v1_0.model,v1_0.name,v1_0.plate_number,v1_0.price_per_day,v1_0.seat,v1_0.status,v1_0.transmission,v1_0.update_at,v1_0.year from vehicles v1_0 left join brand b1_0 on b1_0.id=v1_0.brand_id left join categories c1_0 on c1_0.id=v1_0.category_id where v1_0.id=?
Hibernate: select v1_0.id,b1_0.id,b1_0.brand_name,b1_0.create_at,b1_0.logo,b1_0.update_at,c1_0.id,c1_0.category_name,c1_0.create_at,c1_0.description,c1_0.update_at,v1_0.create_at,v1_0.description,v1_0.fuel_type,v1_0.model,v1_0.name,v1_0.plate_number,v1_0.price_per_day,v1_0.seat,v1_0.status,v1_0.transmission,v1_0.update_at,v1_0.year from vehicles v1_0 left join brand b1_0 on b1_0.id=v1_0.brand_id left join categories c1_0 on c1_0.id=v1_0.category_id where v1_0.id=?
2026-09-15T11:57:16.354+07:00 DEBUG 21060 --- [vehicles_rental] [nio-8080-exec-3] m.m.a.RequestResponseBodyMethodProcessor : Using 'application/json', given [application/json, text/plain, */*] and supported [application/json, application/*+json]
2026-09-15T11:57:16.354+07:00 DEBUG 21060 --- [vehicles_rental] [nio-8080-exec-3] m.m.a.RequestResponseBodyMethodProcessor : Writing [ApiResponse(msg=get all vehicles successfully, status=200, data=[VehicleResponse(id=1, category_name (truncated)...]
2026-09-15T11:57:16.354+07:00 DEBUG 21060 --- [vehicles_rental] [nio-8080-exec-4] org.hibernate.SQL                        : select v1_0.id,b1_0.id,b1_0.brand_name,b1_0.create_at,b1_0.logo,b1_0.update_at,c1_0.id,c1_0.category_name,c1_0.create_at,c1_0.description,c1_0.update_at,v1_0.create_at,v1_0.description,v1_0.fuel_type,v1_0.model,v1_0.name,v1_0.plate_number,v1_0.price_per_day,v1_0.seat,v1_0.status,v1_0.transmission,v1_0.update_at,v1_0.year from vehicles v1_0 left join brand b1_0 on b1_0.id=v1_0.brand_id left join categories c1_0 on c1_0.id=v1_0.category_id where v1_0.id=?
Hibernate: select v1_0.id,b1_0.id,b1_0.brand_name,b1_0.create_at,b1_0.logo,b1_0.update_at,c1_0.id,c1_0.category_name,c1_0.create_at,c1_0.description,c1_0.update_at,v1_0.create_at,v1_0.description,v1_0.fuel_type,v1_0.model,v1_0.name,v1_0.plate_number,v1_0.price_per_day,v1_0.seat,v1_0.status,v1_0.transmission,v1_0.update_at,v1_0.year from vehicles v1_0 left join brand b1_0 on b1_0.id=v1_0.brand_id left join categories c1_0 on c1_0.id=v1_0.category_id where v1_0.id=?
2026-09-15T11:57:16.359+07:00 DEBUG 21060 --- [vehicles_rental] [nio-8080-exec-4] o.s.w.s.m.m.a.HttpEntityMethodProcessor  : Using 'application/json', given [application/json, text/plain, */*] and supported [application/json, application/*+json]
2026-09-15T11:57:16.359+07:00 DEBUG 21060 --- [vehicles_rental] [nio-8080-exec-3] o.s.web.servlet.DispatcherServlet        : Completed 200 OK
2026-09-15T11:57:16.363+07:00 DEBUG 21060 --- [vehicles_rental] [nio-8080-exec-4] o.s.w.s.m.m.a.HttpEntityMethodProcessor  : Writing [ApiResponse(msg=Bookings retrieved successfully, status=200, data=[BookingResponse(id=4, userId=7, u (truncated)...]
2026-09-15T11:57:16.378+07:00 DEBUG 21060 --- [vehicles_rental] [nio-8080-exec-4] o.s.web.servlet.DispatcherServlet        : Completed 200 OK
2026-09-15T11:57:18.025+07:00 DEBUG 21060 --- [vehicles_rental] [nio-8080-exec-5] org.hibernate.SQL                        : select u1_0.id,u1_0.email,u1_0.gender,u1_0.is_active,u1_0.name,u1_0.profile_image,u1_0.pwd,u1_0.role,u1_0.tell from tb_users u1_0 where u1_0.email=?
Hibernate: select u1_0.id,u1_0.email,u1_0.gender,u1_0.is_active,u1_0.name,u1_0.profile_image,u1_0.pwd,u1_0.role,u1_0.tell from tb_users u1_0 where u1_0.email=?
2026-09-15T11:57:18.028+07:00 DEBUG 21060 --- [vehicles_rental] [nio-8080-exec-5] org.hibernate.SQL                        : select o1_0.id,o1_0.expiry_time,o1_0.otp,u1_0.id,u1_0.email,u1_0.gender,u1_0.is_active,u1_0.name,u1_0.profile_image,u1_0.pwd,u1_0.role,u1_0.tell,o1_0.verified from otp o1_0 left join tb_users u1_0 on u1_0.id=o1_0.user_id where o1_0.user_id=?
Hibernate: select o1_0.id,o1_0.expiry_time,o1_0.otp,u1_0.id,u1_0.email,u1_0.gender,u1_0.is_active,u1_0.name,u1_0.profile_image,u1_0.pwd,u1_0.role,u1_0.tell,o1_0.verified from otp o1_0 left join tb_users u1_0 on u1_0.id=o1_0.user_id where o1_0.user_id=?
2026-09-15T11:57:18.032+07:00 DEBUG 21060 --- [vehicles_rental] [nio-8080-exec-5] o.s.web.servlet.DispatcherServlet        : GET "/api/vehicle/getById/1", parameters={}
2026-09-15T11:57:18.032+07:00 DEBUG 21060 --- [vehicles_rental] [nio-8080-exec-5] s.w.s.m.m.a.RequestMappingHandlerMapping : Mapped to org.example.vehicles_rental.controller.VehicleController#getById(Long)
2026-09-15T11:57:18.033+07:00 DEBUG 21060 --- [vehicles_rental] [nio-8080-exec-5] org.hibernate.SQL                        : select v1_0.id,b1_0.id,b1_0.brand_name,b1_0.create_at,b1_0.logo,b1_0.update_at,c1_0.id,c1_0.category_name,c1_0.create_at,c1_0.description,c1_0.update_at,v1_0.create_at,v1_0.description,v1_0.fuel_type,v1_0.model,v1_0.name,v1_0.plate_number,v1_0.price_per_day,v1_0.seat,v1_0.status,v1_0.transmission,v1_0.update_at,v1_0.year from vehicles v1_0 left join brand b1_0 on b1_0.id=v1_0.brand_id left join categories c1_0 on c1_0.id=v1_0.category_id where v1_0.id=?
Hibernate: select v1_0.id,b1_0.id,b1_0.brand_name,b1_0.create_at,b1_0.logo,b1_0.update_at,c1_0.id,c1_0.category_name,c1_0.create_at,c1_0.description,c1_0.update_at,v1_0.create_at,v1_0.description,v1_0.fuel_type,v1_0.model,v1_0.name,v1_0.plate_number,v1_0.price_per_day,v1_0.seat,v1_0.status,v1_0.transmission,v1_0.update_at,v1_0.year from vehicles v1_0 left join brand b1_0 on b1_0.id=v1_0.brand_id left join categories c1_0 on c1_0.id=v1_0.category_id where v1_0.id=?
2026-09-15T11:57:18.035+07:00 DEBUG 21060 --- [vehicles_rental] [nio-8080-exec-5] m.m.a.RequestResponseBodyMethodProcessor : Using 'application/json', given [application/json, text/plain, */*] and supported [application/json, application/*+json]
2026-09-15T11:57:18.035+07:00 DEBUG 21060 --- [vehicles_rental] [nio-8080-exec-5] m.m.a.RequestResponseBodyMethodProcessor : Writing [ApiResponse(msg=get vehicle ById successfully, status=200, data=VehicleResponse(id=1, category_name= (truncated)...]
2026-09-15T11:57:18.036+07:00 DEBUG 21060 --- [vehicles_rental] [nio-8080-exec-5] o.s.web.servlet.DispatcherServlet        : Completed 200 OK
2026-09-15T11:57:19.312+07:00 DEBUG 21060 --- [vehicles_rental] [nio-8080-exec-6] org.hibernate.SQL                        : select u1_0.id,u1_0.email,u1_0.gender,u1_0.is_active,u1_0.name,u1_0.profile_image,u1_0.pwd,u1_0.role,u1_0.tell from tb_users u1_0 where u1_0.email=?
Hibernate: select u1_0.id,u1_0.email,u1_0.gender,u1_0.is_active,u1_0.name,u1_0.profile_image,u1_0.pwd,u1_0.role,u1_0.tell from tb_users u1_0 where u1_0.email=?
2026-09-15T11:57:19.312+07:00 DEBUG 21060 --- [vehicles_rental] [nio-8080-exec-6] org.hibernate.SQL                        : select o1_0.id,o1_0.expiry_time,o1_0.otp,u1_0.id,u1_0.email,u1_0.gender,u1_0.is_active,u1_0.name,u1_0.profile_image,u1_0.pwd,u1_0.role,u1_0.tell,o1_0.verified from otp o1_0 left join tb_users u1_0 on u1_0.id=o1_0.user_id where o1_0.user_id=?
Hibernate: select o1_0.id,o1_0.expiry_time,o1_0.otp,u1_0.id,u1_0.email,u1_0.gender,u1_0.is_active,u1_0.name,u1_0.profile_image,u1_0.pwd,u1_0.role,u1_0.tell,o1_0.verified from otp o1_0 left join tb_users u1_0 on u1_0.id=o1_0.user_id where o1_0.user_id=?
2026-09-15T11:57:19.323+07:00 DEBUG 21060 --- [vehicles_rental] [nio-8080-exec-6] o.s.web.servlet.DispatcherServlet        : POST "/api/bookings", parameters={}
2026-09-15T11:57:19.323+07:00 DEBUG 21060 --- [vehicles_rental] [nio-8080-exec-6] s.w.s.m.m.a.RequestMappingHandlerMapping : Mapped to org.example.vehicles_rental.controller.BookingController#create(BookingRequest)
2026-09-15T11:57:19.381+07:00 DEBUG 21060 --- [vehicles_rental] [nio-8080-exec-6] m.m.a.RequestResponseBodyMethodProcessor : Read "application/json;charset=UTF-8" to [BookingRequest(userId=null, vehicleId=1, pickupDate=2026-09-16, returnDate=2026-09-20, status=null)]
2026-09-15T11:57:19.381+07:00 DEBUG 21060 --- [vehicles_rental] [nio-8080-exec-6] org.hibernate.SQL                        : select u1_0.id,u1_0.email,u1_0.gender,u1_0.is_active,u1_0.name,u1_0.profile_image,u1_0.pwd,u1_0.role,u1_0.tell from tb_users u1_0 where u1_0.email=?
Hibernate: select u1_0.id,u1_0.email,u1_0.gender,u1_0.is_active,u1_0.name,u1_0.profile_image,u1_0.pwd,u1_0.role,u1_0.tell from tb_users u1_0 where u1_0.email=?
2026-09-15T11:57:19.381+07:00 DEBUG 21060 --- [vehicles_rental] [nio-8080-exec-6] org.hibernate.SQL                        : select o1_0.id,o1_0.expiry_time,o1_0.otp,u1_0.id,u1_0.email,u1_0.gender,u1_0.is_active,u1_0.name,u1_0.profile_image,u1_0.pwd,u1_0.role,u1_0.tell,o1_0.verified from otp o1_0 left join tb_users u1_0 on u1_0.id=o1_0.user_id where o1_0.user_id=?
Hibernate: select o1_0.id,o1_0.expiry_time,o1_0.otp,u1_0.id,u1_0.email,u1_0.gender,u1_0.is_active,u1_0.name,u1_0.profile_image,u1_0.pwd,u1_0.role,u1_0.tell,o1_0.verified from otp o1_0 left join tb_users u1_0 on u1_0.id=o1_0.user_id where o1_0.user_id=?
2026-09-15T11:57:19.381+07:00 DEBUG 21060 --- [vehicles_rental] [nio-8080-exec-6] org.hibernate.SQL                        : select v1_0.id,b1_0.id,b1_0.brand_name,b1_0.create_at,b1_0.logo,b1_0.update_at,c1_0.id,c1_0.category_name,c1_0.create_at,c1_0.description,c1_0.update_at,v1_0.create_at,v1_0.description,v1_0.fuel_type,v1_0.model,v1_0.name,v1_0.plate_number,v1_0.price_per_day,v1_0.seat,v1_0.status,v1_0.transmission,v1_0.update_at,v1_0.year from vehicles v1_0 left join brand b1_0 on b1_0.id=v1_0.brand_id left join categories c1_0 on c1_0.id=v1_0.category_id where v1_0.id=?
Hibernate: select v1_0.id,b1_0.id,b1_0.brand_name,b1_0.create_at,b1_0.logo,b1_0.update_at,c1_0.id,c1_0.category_name,c1_0.create_at,c1_0.description,c1_0.update_at,v1_0.create_at,v1_0.description,v1_0.fuel_type,v1_0.model,v1_0.name,v1_0.plate_number,v1_0.price_per_day,v1_0.seat,v1_0.status,v1_0.transmission,v1_0.update_at,v1_0.year from vehicles v1_0 left join brand b1_0 on b1_0.id=v1_0.brand_id left join categories c1_0 on c1_0.id=v1_0.category_id where v1_0.id=?
2026-09-15T11:57:19.397+07:00 DEBUG 21060 --- [vehicles_rental] [nio-8080-exec-6] org.hibernate.SQL                        : select count(b1_0.id)>0 from bookings b1_0 where b1_0.vehicle_id=? and b1_0.pickup_date<? and b1_0.return_date>? and b1_0.status in (?,?) and b1_0.user_id<>?
Hibernate: select count(b1_0.id)>0 from bookings b1_0 where b1_0.vehicle_id=? and b1_0.pickup_date<? and b1_0.return_date>? and b1_0.status in (?,?) and b1_0.user_id<>?
2026-09-15T11:57:19.414+07:00 DEBUG 21060 --- [vehicles_rental] [nio-8080-exec-6] org.hibernate.SQL                        : insert into bookings (created_at,pickup_date,return_date,status,total_days,total_price,updated_at,user_id,vehicle_id) values (?,?,?,?,?,?,?,?,?)
Hibernate: insert into bookings (created_at,pickup_date,return_date,status,total_days,total_price,updated_at,user_id,vehicle_id) values (?,?,?,?,?,?,?,?,?)
2026-09-15T11:57:19.445+07:00 DEBUG 21060 --- [vehicles_rental] [nio-8080-exec-6] org.hibernate.SQL                        : select ns1_0.id,ns1_0.booking_cancellation,ns1_0.daily_summary_report,ns1_0.low_availability_alert,ns1_0.new_booking,ns1_0.new_user_registration,ns1_0.payment_received from notification_settings ns1_0 where ns1_0.id=?
Hibernate: select ns1_0.id,ns1_0.booking_cancellation,ns1_0.daily_summary_report,ns1_0.low_availability_alert,ns1_0.new_booking,ns1_0.new_user_registration,ns1_0.payment_received from notification_settings ns1_0 where ns1_0.id=?
2026-09-15T11:57:19.452+07:00 DEBUG 21060 --- [vehicles_rental] [nio-8080-exec-6] org.hibernate.SQL                        : select u1_0.id,u1_0.email,u1_0.gender,u1_0.is_active,u1_0.name,u1_0.profile_image,u1_0.pwd,u1_0.role,u1_0.tell from tb_users u1_0 where u1_0.role=?
Hibernate: select u1_0.id,u1_0.email,u1_0.gender,u1_0.is_active,u1_0.name,u1_0.profile_image,u1_0.pwd,u1_0.role,u1_0.tell from tb_users u1_0 where u1_0.role=?
2026-09-15T11:57:19.452+07:00 DEBUG 21060 --- [vehicles_rental] [nio-8080-exec-6] o.s.w.s.m.m.a.HttpEntityMethodProcessor  : Using 'application/json', given [application/json, text/plain, */*] and supported [application/json, application/*+json]
2026-09-15T11:57:19.454+07:00 DEBUG 21060 --- [vehicles_rental] [nio-8080-exec-6] o.s.w.s.m.m.a.HttpEntityMethodProcessor  : Writing [ApiResponse(msg=Booking created successfully, status=201, data=BookingResponse(id=12, userId=7, user (truncated)...]
2026-09-15T11:57:19.456+07:00 DEBUG 21060 --- [vehicles_rental] [nio-8080-exec-6] o.s.web.servlet.DispatcherServlet        : Completed 200 OK
2026-09-15T11:57:19.502+07:00 DEBUG 21060 --- [vehicles_rental] [nio-8080-exec-8] org.hibernate.SQL                        : select u1_0.id,u1_0.email,u1_0.gender,u1_0.is_active,u1_0.name,u1_0.profile_image,u1_0.pwd,u1_0.role,u1_0.tell from tb_users u1_0 where u1_0.email=?
Hibernate: select u1_0.id,u1_0.email,u1_0.gender,u1_0.is_active,u1_0.name,u1_0.profile_image,u1_0.pwd,u1_0.role,u1_0.tell from tb_users u1_0 where u1_0.email=?
2026-09-15T11:57:19.503+07:00 DEBUG 21060 --- [vehicles_rental] [nio-8080-exec-8] org.hibernate.SQL                        : select o1_0.id,o1_0.expiry_time,o1_0.otp,u1_0.id,u1_0.email,u1_0.gender,u1_0.is_active,u1_0.name,u1_0.profile_image,u1_0.pwd,u1_0.role,u1_0.tell,o1_0.verified from otp o1_0 left join tb_users u1_0 on u1_0.id=o1_0.user_id where o1_0.user_id=?
Hibernate: select o1_0.id,o1_0.expiry_time,o1_0.otp,u1_0.id,u1_0.email,u1_0.gender,u1_0.is_active,u1_0.name,u1_0.profile_image,u1_0.pwd,u1_0.role,u1_0.tell,o1_0.verified from otp o1_0 left join tb_users u1_0 on u1_0.id=o1_0.user_id where o1_0.user_id=?
2026-09-15T11:57:19.508+07:00 DEBUG 21060 --- [vehicles_rental] [nio-8080-exec-8] o.s.web.servlet.DispatcherServlet        : GET "/api/paymentMethods", parameters={}
2026-09-15T11:57:19.508+07:00 DEBUG 21060 --- [vehicles_rental] [nio-8080-exec-8] s.w.s.m.m.a.RequestMappingHandlerMapping : Mapped to org.example.vehicles_rental.controller.PaymentMethodController#getAll()
2026-09-15T11:57:19.510+07:00 DEBUG 21060 --- [vehicles_rental] [nio-8080-exec-8] org.hibernate.SQL                        : select pm1_0.id,pm1_0.description,pm1_0.method_name,pm1_0.status from payment_methods pm1_0
Hibernate: select pm1_0.id,pm1_0.description,pm1_0.method_name,pm1_0.status from payment_methods pm1_0
2026-09-15T11:57:19.514+07:00 DEBUG 21060 --- [vehicles_rental] [nio-8080-exec-8] o.s.w.s.m.m.a.HttpEntityMethodProcessor  : Using 'application/json', given [application/json, text/plain, */*] and supported [application/json, application/*+json]
2026-09-15T11:57:19.514+07:00 DEBUG 21060 --- [vehicles_rental] [nio-8080-exec-8] o.s.w.s.m.m.a.HttpEntityMethodProcessor  : Writing [ApiResponse(msg=Payment methods retrieved successfully, status=200, data=[PaymentMethodResponse(id=1 (truncated)...]
2026-09-15T11:57:19.519+07:00 DEBUG 21060 --- [vehicles_rental] [nio-8080-exec-8] o.s.web.servlet.DispatcherServlet        : Completed 200 OK
2026-09-15T11:57:19.534+07:00 DEBUG 21060 --- [vehicles_rental] [io-8080-exec-10] org.hibernate.SQL                        : select u1_0.id,u1_0.email,u1_0.gender,u1_0.is_active,u1_0.name,u1_0.profile_image,u1_0.pwd,u1_0.role,u1_0.tell from tb_users u1_0 where u1_0.email=?
Hibernate: select u1_0.id,u1_0.email,u1_0.gender,u1_0.is_active,u1_0.name,u1_0.profile_image,u1_0.pwd,u1_0.role,u1_0.tell from tb_users u1_0 where u1_0.email=?
2026-09-15T11:57:19.536+07:00 DEBUG 21060 --- [vehicles_rental] [io-8080-exec-10] org.hibernate.SQL                        : select o1_0.id,o1_0.expiry_time,o1_0.otp,u1_0.id,u1_0.email,u1_0.gender,u1_0.is_active,u1_0.name,u1_0.profile_image,u1_0.pwd,u1_0.role,u1_0.tell,o1_0.verified from otp o1_0 left join tb_users u1_0 on u1_0.id=o1_0.user_id where o1_0.user_id=?
Hibernate: select o1_0.id,o1_0.expiry_time,o1_0.otp,u1_0.id,u1_0.email,u1_0.gender,u1_0.is_active,u1_0.name,u1_0.profile_image,u1_0.pwd,u1_0.role,u1_0.tell,o1_0.verified from otp o1_0 left join tb_users u1_0 on u1_0.id=o1_0.user_id where o1_0.user_id=?
2026-09-15T11:57:19.541+07:00 DEBUG 21060 --- [vehicles_rental] [io-8080-exec-10] o.s.web.servlet.DispatcherServlet        : GET "/api/payments/bakong/scan-status?amount=300&currency=USD", parameters={masked}
2026-09-15T11:57:19.541+07:00 DEBUG 21060 --- [vehicles_rental] [io-8080-exec-10] s.w.s.m.m.a.RequestMappingHandlerMapping : Mapped to org.example.vehicles_rental.controller.PaymentController#checkBakongScanPayment(String, BigDecimal, String)
2026-09-15T11:57:19.550+07:00 DEBUG 21060 --- [vehicles_rental] [io-8080-exec-10] o.s.w.s.m.m.a.HttpEntityMethodProcessor  : Using 'application/json', given [application/json, text/plain, */*] and supported [application/json, application/*+json]
2026-09-15T11:57:19.552+07:00 DEBUG 21060 --- [vehicles_rental] [io-8080-exec-10] o.s.w.s.m.m.a.HttpEntityMethodProcessor  : Writing [BakongPaymentResponse(paymentId=null, bookingId=null, amount=300, currency=USD, transactionId=null,  (truncated)...]
2026-09-15T11:57:19.556+07:00 DEBUG 21060 --- [vehicles_rental] [io-8080-exec-10] o.s.web.servlet.DispatcherServlet        : Completed 200 OK
2026-09-15T11:57:19.564+07:00 DEBUG 21060 --- [vehicles_rental] [nio-8080-exec-2] org.hibernate.SQL                        : select u1_0.id,u1_0.email,u1_0.gender,u1_0.is_active,u1_0.name,u1_0.profile_image,u1_0.pwd,u1_0.role,u1_0.tell from tb_users u1_0 where u1_0.email=?
Hibernate: select u1_0.id,u1_0.email,u1_0.gender,u1_0.is_active,u1_0.name,u1_0.profile_image,u1_0.pwd,u1_0.role,u1_0.tell from tb_users u1_0 where u1_0.email=?
2026-09-15T11:57:19.565+07:00 DEBUG 21060 --- [vehicles_rental] [nio-8080-exec-2] org.hibernate.SQL                        : select o1_0.id,o1_0.expiry_time,o1_0.otp,u1_0.id,u1_0.email,u1_0.gender,u1_0.is_active,u1_0.name,u1_0.profile_image,u1_0.pwd,u1_0.role,u1_0.tell,o1_0.verified from otp o1_0 left join tb_users u1_0 on u1_0.id=o1_0.user_id where o1_0.user_id=?
Hibernate: select o1_0.id,o1_0.expiry_time,o1_0.otp,u1_0.id,u1_0.email,u1_0.gender,u1_0.is_active,u1_0.name,u1_0.profile_image,u1_0.pwd,u1_0.role,u1_0.tell,o1_0.verified from otp o1_0 left join tb_users u1_0 on u1_0.id=o1_0.user_id where o1_0.user_id=?
2026-09-15T11:57:19.569+07:00 DEBUG 21060 --- [vehicles_rental] [nio-8080-exec-2] o.s.web.servlet.DispatcherServlet        : POST "/api/payments/bakong/scan-qr", parameters={}
2026-09-15T11:57:19.569+07:00 DEBUG 21060 --- [vehicles_rental] [nio-8080-exec-2] s.w.s.m.m.a.RequestMappingHandlerMapping : Mapped to org.example.vehicles_rental.controller.PaymentController#createBakongScanQr(CreatePaymentRequest)
2026-09-15T11:57:19.574+07:00 DEBUG 21060 --- [vehicles_rental] [nio-8080-exec-2] m.m.a.RequestResponseBodyMethodProcessor : Read "application/json;charset=UTF-8" to [CreatePaymentRequest(bookingId=12, paymentMethodId=null, amount=0.4, currency=USD)]
2026-09-15T11:57:19.607+07:00 DEBUG 21060 --- [vehicles_rental] [nio-8080-exec-2] o.s.w.s.m.m.a.HttpEntityMethodProcessor  : Using 'application/json', given [application/json, text/plain, */*] and supported [application/json, application/*+json]
2026-09-15T11:57:19.607+07:00 DEBUG 21060 --- [vehicles_rental] [nio-8080-exec-2] o.s.w.s.m.m.a.HttpEntityMethodProcessor  : Writing [BakongPaymentResponse(paymentId=null, bookingId=12, amount=0.4, currency=USD, transactionId=BOOK-12, (truncated)...]
2026-09-15T11:57:19.607+07:00 DEBUG 21060 --- [vehicles_rental] [nio-8080-exec-2] o.s.web.servlet.DispatcherServlet        : Completed 200 OK
2026-09-15T11:57:19.647+07:00 DEBUG 21060 --- [vehicles_rental] [nio-8080-exec-3] org.hibernate.SQL                        : select u1_0.id,u1_0.email,u1_0.gender,u1_0.is_active,u1_0.name,u1_0.profile_image,u1_0.pwd,u1_0.role,u1_0.tell from tb_users u1_0 where u1_0.email=?
Hibernate: select u1_0.id,u1_0.email,u1_0.gender,u1_0.is_active,u1_0.name,u1_0.profile_image,u1_0.pwd,u1_0.role,u1_0.tell from tb_users u1_0 where u1_0.email=?
2026-09-15T11:57:19.648+07:00 DEBUG 21060 --- [vehicles_rental] [nio-8080-exec-3] org.hibernate.SQL                        : select o1_0.id,o1_0.expiry_time,o1_0.otp,u1_0.id,u1_0.email,u1_0.gender,u1_0.is_active,u1_0.name,u1_0.profile_image,u1_0.pwd,u1_0.role,u1_0.tell,o1_0.verified from otp o1_0 left join tb_users u1_0 on u1_0.id=o1_0.user_id where o1_0.user_id=?
Hibernate: select o1_0.id,o1_0.expiry_time,o1_0.otp,u1_0.id,u1_0.email,u1_0.gender,u1_0.is_active,u1_0.name,u1_0.profile_image,u1_0.pwd,u1_0.role,u1_0.tell,o1_0.verified from otp o1_0 left join tb_users u1_0 on u1_0.id=o1_0.user_id where o1_0.user_id=?
2026-09-15T11:57:19.652+07:00 DEBUG 21060 --- [vehicles_rental] [nio-8080-exec-3] o.s.web.servlet.DispatcherServlet        : GET "/api/payments/bakong/scan-status?reference=bc0ad2f1912df87d8ba324ad1dc4dd5e&amount=0.4&currency=USD", parameters={masked}
2026-09-15T11:57:19.652+07:00 DEBUG 21060 --- [vehicles_rental] [nio-8080-exec-3] s.w.s.m.m.a.RequestMappingHandlerMapping : Mapped to org.example.vehicles_rental.controller.PaymentController#checkBakongScanPayment(String, BigDecimal, String)
2026-09-15T11:57:19.750+07:00 DEBUG 21060 --- [vehicles_rental] [nio-8080-exec-3] o.s.web.client.RestTemplate              : HTTP POST https://api-bakong.nbc.gov.kh/v1/check_transaction_by_md5
2026-09-15T11:57:19.750+07:00 DEBUG 21060 --- [vehicles_rental] [nio-8080-exec-3] o.s.web.client.RestTemplate              : Accept=[application/json, application/*+json]
2026-09-15T11:57:19.750+07:00 DEBUG 21060 --- [vehicles_rental] [nio-8080-exec-3] o.s.web.client.RestTemplate              : Writing [{md5=bc0ad2f1912df87d8ba324ad1dc4dd5e}] as "application/json"
2026-09-15T11:57:20.568+07:00 DEBUG 21060 --- [vehicles_rental] [nio-8080-exec-3] o.s.web.client.RestTemplate              : Response 200 OK
2026-09-15T11:57:20.568+07:00 DEBUG 21060 --- [vehicles_rental] [nio-8080-exec-3] o.s.web.client.RestTemplate              : Reading to [java.util.Map<java.lang.String, java.lang.Object>]
2026-09-15T11:57:20.573+07:00 DEBUG 21060 --- [vehicles_rental] [nio-8080-exec-3] o.s.w.s.m.m.a.HttpEntityMethodProcessor  : Using 'application/json', given [application/json, text/plain, */*] and supported [application/json, application/*+json]
2026-09-15T11:57:20.573+07:00 DEBUG 21060 --- [vehicles_rental] [nio-8080-exec-3] o.s.w.s.m.m.a.HttpEntityMethodProcessor  : Writing [BakongPaymentResponse(paymentId=null, bookingId=null, amount=null, currency=null, transactionId=null (truncated)...]
2026-09-15T11:57:20.580+07:00 DEBUG 21060 --- [vehicles_rental] [nio-8080-exec-3] o.s.web.servlet.DispatcherServlet        : Completed 200 OK
2026-09-15T11:57:24.659+07:00 DEBUG 21060 --- [vehicles_rental] [nio-8080-exec-4] org.hibernate.SQL                        : select u1_0.id,u1_0.email,u1_0.gender,u1_0.is_active,u1_0.name,u1_0.profile_image,u1_0.pwd,u1_0.role,u1_0.tell from tb_users u1_0 where u1_0.email=?
Hibernate: select u1_0.id,u1_0.email,u1_0.gender,u1_0.is_active,u1_0.name,u1_0.profile_image,u1_0.pwd,u1_0.role,u1_0.tell from tb_users u1_0 where u1_0.email=?
2026-09-15T11:57:24.660+07:00 DEBUG 21060 --- [vehicles_rental] [nio-8080-exec-4] org.hibernate.SQL                        : select o1_0.id,o1_0.expiry_time,o1_0.otp,u1_0.id,u1_0.email,u1_0.gender,u1_0.is_active,u1_0.name,u1_0.profile_image,u1_0.pwd,u1_0.role,u1_0.tell,o1_0.verified from otp o1_0 left join tb_users u1_0 on u1_0.id=o1_0.user_id where o1_0.user_id=?
Hibernate: select o1_0.id,o1_0.expiry_time,o1_0.otp,u1_0.id,u1_0.email,u1_0.gender,u1_0.is_active,u1_0.name,u1_0.profile_image,u1_0.pwd,u1_0.role,u1_0.tell,o1_0.verified from otp o1_0 left join tb_users u1_0 on u1_0.id=o1_0.user_id where o1_0.user_id=?
2026-09-15T11:57:24.660+07:00 DEBUG 21060 --- [vehicles_rental] [nio-8080-exec-4] o.s.web.servlet.DispatcherServlet        : GET "/api/payments/bakong/scan-status?reference=bc0ad2f1912df87d8ba324ad1dc4dd5e&amount=0.4&currency=USD", parameters={masked}
2026-09-15T11:57:24.660+07:00 DEBUG 21060 --- [vehicles_rental] [nio-8080-exec-4] s.w.s.m.m.a.RequestMappingHandlerMapping : Mapped to org.example.vehicles_rental.controller.PaymentController#checkBakongScanPayment(String, BigDecimal, String)
2026-09-15T11:57:24.660+07:00 DEBUG 21060 --- [vehicles_rental] [nio-8080-exec-4] o.s.web.client.RestTemplate              : HTTP POST https://api-bakong.nbc.gov.kh/v1/check_transaction_by_md5
2026-09-15T11:57:24.660+07:00 DEBUG 21060 --- [vehicles_rental] [nio-8080-exec-4] o.s.web.client.RestTemplate              : Accept=[application/json, application/*+json]
2026-09-15T11:57:24.660+07:00 DEBUG 21060 --- [vehicles_rental] [nio-8080-exec-4] o.s.web.client.RestTemplate              : Writing [{md5=bc0ad2f1912df87d8ba324ad1dc4dd5e}] as "application/json"
2026-09-15T11:57:24.881+07:00 DEBUG 21060 --- [vehicles_rental] [nio-8080-exec-4] o.s.web.client.RestTemplate              : Response 200 OK
2026-09-15T11:57:24.881+07:00 DEBUG 21060 --- [vehicles_rental] [nio-8080-exec-4] o.s.web.client.RestTemplate              : Reading to [java.util.Map<java.lang.String, java.lang.Object>]
2026-09-15T11:57:24.881+07:00 DEBUG 21060 --- [vehicles_rental] [nio-8080-exec-4] o.s.w.s.m.m.a.HttpEntityMethodProcessor  : Using 'application/json', given [application/json, text/plain, */*] and supported [application/json, application/*+json]
2026-09-15T11:57:24.881+07:00 DEBUG 21060 --- [vehicles_rental] [nio-8080-exec-4] o.s.w.s.m.m.a.HttpEntityMethodProcessor  : Writing [BakongPaymentResponse(paymentId=null, bookingId=null, amount=null, currency=null, transactionId=null (truncated)...]
2026-09-15T11:57:24.881+07:00 DEBUG 21060 --- [vehicles_rental] [nio-8080-exec-4] o.s.web.servlet.DispatcherServlet        : Completed 200 OK
2026-09-15T11:57:29.656+07:00 DEBUG 21060 --- [vehicles_rental] [nio-8080-exec-5] org.hibernate.SQL                        : select u1_0.id,u1_0.email,u1_0.gender,u1_0.is_active,u1_0.name,u1_0.profile_image,u1_0.pwd,u1_0.role,u1_0.tell from tb_users u1_0 where u1_0.email=?
Hibernate: select u1_0.id,u1_0.email,u1_0.gender,u1_0.is_active,u1_0.name,u1_0.profile_image,u1_0.pwd,u1_0.role,u1_0.tell from tb_users u1_0 where u1_0.email=?
2026-09-15T11:57:29.657+07:00 DEBUG 21060 --- [vehicles_rental] [nio-8080-exec-5] org.hibernate.SQL                        : select o1_0.id,o1_0.expiry_time,o1_0.otp,u1_0.id,u1_0.email,u1_0.gender,u1_0.is_active,u1_0.name,u1_0.profile_image,u1_0.pwd,u1_0.role,u1_0.tell,o1_0.verified from otp o1_0 left join tb_users u1_0 on u1_0.id=o1_0.user_id where o1_0.user_id=?
Hibernate: select o1_0.id,o1_0.expiry_time,o1_0.otp,u1_0.id,u1_0.email,u1_0.gender,u1_0.is_active,u1_0.name,u1_0.profile_image,u1_0.pwd,u1_0.role,u1_0.tell,o1_0.verified from otp o1_0 left join tb_users u1_0 on u1_0.id=o1_0.user_id where o1_0.user_id=?
2026-09-15T11:57:29.657+07:00 DEBUG 21060 --- [vehicles_rental] [nio-8080-exec-5] o.s.web.servlet.DispatcherServlet        : GET "/api/payments/bakong/scan-status?reference=bc0ad2f1912df87d8ba324ad1dc4dd5e&amount=0.4&currency=USD", parameters={masked}
2026-09-15T11:57:29.657+07:00 DEBUG 21060 --- [vehicles_rental] [nio-8080-exec-5] s.w.s.m.m.a.RequestMappingHandlerMapping : Mapped to org.example.vehicles_rental.controller.PaymentController#checkBakongScanPayment(String, BigDecimal, String)
2026-09-15T11:57:29.657+07:00 DEBUG 21060 --- [vehicles_rental] [nio-8080-exec-5] o.s.web.client.RestTemplate              : HTTP POST https://api-bakong.nbc.gov.kh/v1/check_transaction_by_md5
2026-09-15T11:57:29.657+07:00 DEBUG 21060 --- [vehicles_rental] [nio-8080-exec-5] o.s.web.client.RestTemplate              : Accept=[application/json, application/*+json]
2026-09-15T11:57:29.657+07:00 DEBUG 21060 --- [vehicles_rental] [nio-8080-exec-5] o.s.web.client.RestTemplate              : Writing [{md5=bc0ad2f1912df87d8ba324ad1dc4dd5e}] as "application/json"
2026-09-15T11:57:29.895+07:00 DEBUG 21060 --- [vehicles_rental] [nio-8080-exec-5] o.s.web.client.RestTemplate              : Response 200 OK
2026-09-15T11:57:29.895+07:00 DEBUG 21060 --- [vehicles_rental] [nio-8080-exec-5] o.s.web.client.RestTemplate              : Reading to [java.util.Map<java.lang.String, java.lang.Object>]
2026-09-15T11:57:29.895+07:00 DEBUG 21060 --- [vehicles_rental] [nio-8080-exec-5] o.s.w.s.m.m.a.HttpEntityMethodProcessor  : Using 'application/json', given [application/json, text/plain, */*] and supported [application/json, application/*+json]
2026-09-15T11:57:29.895+07:00 DEBUG 21060 --- [vehicles_rental] [nio-8080-exec-5] o.s.w.s.m.m.a.HttpEntityMethodProcessor  : Writing [BakongPaymentResponse(paymentId=null, bookingId=null, amount=null, currency=null, transactionId=null (truncated)...]
2026-09-15T11:57:29.895+07:00 DEBUG 21060 --- [vehicles_rental] [nio-8080-exec-5] o.s.web.servlet.DispatcherServlet        : Completed 200 OK
2026-09-15T11:57:34.650+07:00 DEBUG 21060 --- [vehicles_rental] [nio-8080-exec-6] org.hibernate.SQL                        : select u1_0.id,u1_0.email,u1_0.gender,u1_0.is_active,u1_0.name,u1_0.profile_image,u1_0.pwd,u1_0.role,u1_0.tell from tb_users u1_0 where u1_0.email=?
Hibernate: select u1_0.id,u1_0.email,u1_0.gender,u1_0.is_active,u1_0.name,u1_0.profile_image,u1_0.pwd,u1_0.role,u1_0.tell from tb_users u1_0 where u1_0.email=?
2026-09-15T11:57:34.651+07:00 DEBUG 21060 --- [vehicles_rental] [nio-8080-exec-6] org.hibernate.SQL                        : select o1_0.id,o1_0.expiry_time,o1_0.otp,u1_0.id,u1_0.email,u1_0.gender,u1_0.is_active,u1_0.name,u1_0.profile_image,u1_0.pwd,u1_0.role,u1_0.tell,o1_0.verified from otp o1_0 left join tb_users u1_0 on u1_0.id=o1_0.user_id where o1_0.user_id=?
Hibernate: select o1_0.id,o1_0.expiry_time,o1_0.otp,u1_0.id,u1_0.email,u1_0.gender,u1_0.is_active,u1_0.name,u1_0.profile_image,u1_0.pwd,u1_0.role,u1_0.tell,o1_0.verified from otp o1_0 left join tb_users u1_0 on u1_0.id=o1_0.user_id where o1_0.user_id=?
2026-09-15T11:57:34.655+07:00 DEBUG 21060 --- [vehicles_rental] [nio-8080-exec-6] o.s.web.servlet.DispatcherServlet        : GET "/api/payments/bakong/scan-status?reference=bc0ad2f1912df87d8ba324ad1dc4dd5e&amount=0.4&currency=USD", parameters={masked}
2026-09-15T11:57:34.655+07:00 DEBUG 21060 --- [vehicles_rental] [nio-8080-exec-6] s.w.s.m.m.a.RequestMappingHandlerMapping : Mapped to org.example.vehicles_rental.controller.PaymentController#checkBakongScanPayment(String, BigDecimal, String)
2026-09-15T11:57:34.658+07:00 DEBUG 21060 --- [vehicles_rental] [nio-8080-exec-6] o.s.web.client.RestTemplate              : HTTP POST https://api-bakong.nbc.gov.kh/v1/check_transaction_by_md5
2026-09-15T11:57:34.659+07:00 DEBUG 21060 --- [vehicles_rental] [nio-8080-exec-6] o.s.web.client.RestTemplate              : Accept=[application/json, application/*+json]
2026-09-15T11:57:34.659+07:00 DEBUG 21060 --- [vehicles_rental] [nio-8080-exec-6] o.s.web.client.RestTemplate              : Writing [{md5=bc0ad2f1912df87d8ba324ad1dc4dd5e}] as "application/json"
2026-09-15T11:57:34.881+07:00 DEBUG 21060 --- [vehicles_rental] [nio-8080-exec-6] o.s.web.client.RestTemplate              : Response 200 OK
2026-09-15T11:57:34.881+07:00 DEBUG 21060 --- [vehicles_rental] [nio-8080-exec-6] o.s.web.client.RestTemplate              : Reading to [java.util.Map<java.lang.String, java.lang.Object>]
2026-09-15T11:57:34.881+07:00 DEBUG 21060 --- [vehicles_rental] [nio-8080-exec-6] o.s.w.s.m.m.a.HttpEntityMethodProcessor  : Using 'application/json', given [application/json, text/plain, */*] and supported [application/json, application/*+json]
2026-09-15T11:57:34.881+07:00 DEBUG 21060 --- [vehicles_rental] [nio-8080-exec-6] o.s.w.s.m.m.a.HttpEntityMethodProcessor  : Writing [BakongPaymentResponse(paymentId=null, bookingId=null, amount=null, currency=null, transactionId=null (truncated)...]
2026-09-15T11:57:34.881+07:00 DEBUG 21060 --- [vehicles_rental] [nio-8080-exec-6] o.s.web.servlet.DispatcherServlet        : Completed 200 OK
2026-09-15T11:57:39.660+07:00 DEBUG 21060 --- [vehicles_rental] [nio-8080-exec-7] org.hibernate.SQL                        : select u1_0.id,u1_0.email,u1_0.gender,u1_0.is_active,u1_0.name,u1_0.profile_image,u1_0.pwd,u1_0.role,u1_0.tell from tb_users u1_0 where u1_0.email=?
Hibernate: select u1_0.id,u1_0.email,u1_0.gender,u1_0.is_active,u1_0.name,u1_0.profile_image,u1_0.pwd,u1_0.role,u1_0.tell from tb_users u1_0 where u1_0.email=?
2026-09-15T11:57:39.660+07:00 DEBUG 21060 --- [vehicles_rental] [nio-8080-exec-7] org.hibernate.SQL                        : select o1_0.id,o1_0.expiry_time,o1_0.otp,u1_0.id,u1_0.email,u1_0.gender,u1_0.is_active,u1_0.name,u1_0.profile_image,u1_0.pwd,u1_0.role,u1_0.tell,o1_0.verified from otp o1_0 left join tb_users u1_0 on u1_0.id=o1_0.user_id where o1_0.user_id=?
Hibernate: select o1_0.id,o1_0.expiry_time,o1_0.otp,u1_0.id,u1_0.email,u1_0.gender,u1_0.is_active,u1_0.name,u1_0.profile_image,u1_0.pwd,u1_0.role,u1_0.tell,o1_0.verified from otp o1_0 left join tb_users u1_0 on u1_0.id=o1_0.user_id where o1_0.user_id=?
2026-09-15T11:57:39.663+07:00 DEBUG 21060 --- [vehicles_rental] [nio-8080-exec-7] o.s.web.servlet.DispatcherServlet        : GET "/api/payments/bakong/scan-status?reference=bc0ad2f1912df87d8ba324ad1dc4dd5e&amount=0.4&currency=USD", parameters={masked}
2026-09-15T11:57:39.663+07:00 DEBUG 21060 --- [vehicles_rental] [nio-8080-exec-7] s.w.s.m.m.a.RequestMappingHandlerMapping : Mapped to org.example.vehicles_rental.controller.PaymentController#checkBakongScanPayment(String, BigDecimal, String)
2026-09-15T11:57:39.664+07:00 DEBUG 21060 --- [vehicles_rental] [nio-8080-exec-7] o.s.web.client.RestTemplate              : HTTP POST https://api-bakong.nbc.gov.kh/v1/check_transaction_by_md5
2026-09-15T11:57:39.664+07:00 DEBUG 21060 --- [vehicles_rental] [nio-8080-exec-7] o.s.web.client.RestTemplate              : Accept=[application/json, application/*+json]
2026-09-15T11:57:39.664+07:00 DEBUG 21060 --- [vehicles_rental] [nio-8080-exec-7] o.s.web.client.RestTemplate              : Writing [{md5=bc0ad2f1912df87d8ba324ad1dc4dd5e}] as "application/json"
2026-09-15T11:57:39.886+07:00 DEBUG 21060 --- [vehicles_rental] [nio-8080-exec-7] o.s.web.client.RestTemplate              : Response 200 OK
2026-09-15T11:57:39.886+07:00 DEBUG 21060 --- [vehicles_rental] [nio-8080-exec-7] o.s.web.client.RestTemplate              : Reading to [java.util.Map<java.lang.String, java.lang.Object>]
2026-09-15T11:57:39.895+07:00 DEBUG 21060 --- [vehicles_rental] [nio-8080-exec-7] o.s.w.s.m.m.a.HttpEntityMethodProcessor  : Using 'application/json', given [application/json, text/plain, */*] and supported [application/json, application/*+json]
2026-09-15T11:57:39.896+07:00 DEBUG 21060 --- [vehicles_rental] [nio-8080-exec-7] o.s.w.s.m.m.a.HttpEntityMethodProcessor  : Writing [BakongPaymentResponse(paymentId=null, bookingId=null, amount=0.4, currency=USD, transactionId=5c40d0 (truncated)...]
2026-09-15T11:57:39.897+07:00 DEBUG 21060 --- [vehicles_rental] [nio-8080-exec-7] o.s.web.servlet.DispatcherServlet        : Completed 200 OK
2026-09-15T11:57:49.922+07:00 DEBUG 21060 --- [vehicles_rental] [nio-8080-exec-8] org.hibernate.SQL                        : select u1_0.id,u1_0.email,u1_0.gender,u1_0.is_active,u1_0.name,u1_0.profile_image,u1_0.pwd,u1_0.role,u1_0.tell from tb_users u1_0 where u1_0.email=?
Hibernate: select u1_0.id,u1_0.email,u1_0.gender,u1_0.is_active,u1_0.name,u1_0.profile_image,u1_0.pwd,u1_0.role,u1_0.tell from tb_users u1_0 where u1_0.email=?
2026-09-15T11:57:49.924+07:00 DEBUG 21060 --- [vehicles_rental] [nio-8080-exec-8] org.hibernate.SQL                        : select o1_0.id,o1_0.expiry_time,o1_0.otp,u1_0.id,u1_0.email,u1_0.gender,u1_0.is_active,u1_0.name,u1_0.profile_image,u1_0.pwd,u1_0.role,u1_0.tell,o1_0.verified from otp o1_0 left join tb_users u1_0 on u1_0.id=o1_0.user_id where o1_0.user_id=?
Hibernate: select o1_0.id,o1_0.expiry_time,o1_0.otp,u1_0.id,u1_0.email,u1_0.gender,u1_0.is_active,u1_0.name,u1_0.profile_image,u1_0.pwd,u1_0.role,u1_0.tell,o1_0.verified from otp o1_0 left join tb_users u1_0 on u1_0.id=o1_0.user_id where o1_0.user_id=?
2026-09-15T11:57:49.927+07:00 DEBUG 21060 --- [vehicles_rental] [nio-8080-exec-8] o.s.web.servlet.DispatcherServlet        : GET "/api/vehicle/getAll", parameters={}
2026-09-15T11:57:49.927+07:00 DEBUG 21060 --- [vehicles_rental] [nio-8080-exec-8] s.w.s.m.m.a.RequestMappingHandlerMapping : Mapped to org.example.vehicles_rental.controller.VehicleController#getAll()
2026-09-15T11:57:49.932+07:00 DEBUG 21060 --- [vehicles_rental] [nio-8080-exec-8] org.hibernate.SQL                        : select v1_0.id,v1_0.brand_id,v1_0.category_id,v1_0.create_at,v1_0.description,v1_0.fuel_type,v1_0.model,v1_0.name,v1_0.plate_number,v1_0.price_per_day,v1_0.seat,v1_0.status,v1_0.transmission,v1_0.update_at,v1_0.year from vehicles v1_0
Hibernate: select v1_0.id,v1_0.brand_id,v1_0.category_id,v1_0.create_at,v1_0.description,v1_0.fuel_type,v1_0.model,v1_0.name,v1_0.plate_number,v1_0.price_per_day,v1_0.seat,v1_0.status,v1_0.transmission,v1_0.update_at,v1_0.year from vehicles v1_0
2026-09-15T11:57:49.934+07:00 DEBUG 21060 --- [vehicles_rental] [nio-8080-exec-8] org.hibernate.SQL                        : select b1_0.id,b1_0.brand_name,b1_0.create_at,b1_0.logo,b1_0.update_at from brand b1_0 where b1_0.id=?
Hibernate: select b1_0.id,b1_0.brand_name,b1_0.create_at,b1_0.logo,b1_0.update_at from brand b1_0 where b1_0.id=?
2026-09-15T11:57:49.935+07:00 DEBUG 21060 --- [vehicles_rental] [nio-8080-exec-8] org.hibernate.SQL                        : select c1_0.id,c1_0.category_name,c1_0.create_at,c1_0.description,c1_0.update_at from categories c1_0 where c1_0.id=?
Hibernate: select c1_0.id,c1_0.category_name,c1_0.create_at,c1_0.description,c1_0.update_at from categories c1_0 where c1_0.id=?
2026-09-15T11:57:49.936+07:00 DEBUG 21060 --- [vehicles_rental] [nio-8080-exec-8] org.hibernate.SQL                        : select b1_0.id,b1_0.brand_name,b1_0.create_at,b1_0.logo,b1_0.update_at from brand b1_0 where b1_0.id=?
Hibernate: select b1_0.id,b1_0.brand_name,b1_0.create_at,b1_0.logo,b1_0.update_at from brand b1_0 where b1_0.id=?
2026-09-15T11:57:49.938+07:00 DEBUG 21060 --- [vehicles_rental] [nio-8080-exec-8] org.hibernate.SQL                        : select c1_0.id,c1_0.category_name,c1_0.create_at,c1_0.description,c1_0.update_at from categories c1_0 where c1_0.id=?
Hibernate: select c1_0.id,c1_0.category_name,c1_0.create_at,c1_0.description,c1_0.update_at from categories c1_0 where c1_0.id=?
2026-09-15T11:57:49.940+07:00 DEBUG 21060 --- [vehicles_rental] [nio-8080-exec-8] org.hibernate.SQL                        : select b1_0.id,b1_0.brand_name,b1_0.create_at,b1_0.logo,b1_0.update_at from brand b1_0 where b1_0.id=?
Hibernate: select b1_0.id,b1_0.brand_name,b1_0.create_at,b1_0.logo,b1_0.update_at from brand b1_0 where b1_0.id=?
2026-09-15T11:57:49.941+07:00 DEBUG 21060 --- [vehicles_rental] [nio-8080-exec-8] org.hibernate.SQL                        : select c1_0.id,c1_0.category_name,c1_0.create_at,c1_0.description,c1_0.update_at from categories c1_0 where c1_0.id=?
Hibernate: select c1_0.id,c1_0.category_name,c1_0.create_at,c1_0.description,c1_0.update_at from categories c1_0 where c1_0.id=?
2026-09-15T11:57:49.942+07:00 DEBUG 21060 --- [vehicles_rental] [nio-8080-exec-8] org.hibernate.SQL                        : select b1_0.id,b1_0.brand_name,b1_0.create_at,b1_0.logo,b1_0.update_at from brand b1_0 where b1_0.id=?
Hibernate: select b1_0.id,b1_0.brand_name,b1_0.create_at,b1_0.logo,b1_0.update_at from brand b1_0 where b1_0.id=?
2026-09-15T11:57:49.945+07:00 DEBUG 21060 --- [vehicles_rental] [nio-8080-exec-8] org.hibernate.SQL                        : select c1_0.id,c1_0.category_name,c1_0.create_at,c1_0.description,c1_0.update_at from categories c1_0 where c1_0.id=?
Hibernate: select c1_0.id,c1_0.category_name,c1_0.create_at,c1_0.description,c1_0.update_at from categories c1_0 where c1_0.id=?
2026-09-15T11:57:49.947+07:00 DEBUG 21060 --- [vehicles_rental] [nio-8080-exec-8] org.hibernate.SQL                        : select b1_0.id,b1_0.brand_name,b1_0.create_at,b1_0.logo,b1_0.update_at from brand b1_0 where b1_0.id=?
Hibernate: select b1_0.id,b1_0.brand_name,b1_0.create_at,b1_0.logo,b1_0.update_at from brand b1_0 where b1_0.id=?
2026-09-15T11:57:49.950+07:00 DEBUG 21060 --- [vehicles_rental] [nio-8080-exec-8] m.m.a.RequestResponseBodyMethodProcessor : Using 'application/json', given [application/json, text/plain, */*] and supported [application/json, application/*+json]
2026-09-15T11:57:49.951+07:00 DEBUG 21060 --- [vehicles_rental] [nio-8080-exec-8] m.m.a.RequestResponseBodyMethodProcessor : Writing [ApiResponse(msg=get all vehicles successfully, status=200, data=[VehicleResponse(id=1, category_name (truncated)...]
2026-09-15T11:57:49.953+07:00 DEBUG 21060 --- [vehicles_rental] [nio-8080-exec-8] o.s.web.servlet.DispatcherServlet        : Completed 200 OK
2026-09-15T11:57:57.304+07:00 DEBUG 21060 --- [vehicles_rental] [io-8080-exec-10] org.hibernate.SQL                        : select u1_0.id,u1_0.email,u1_0.gender,u1_0.is_active,u1_0.name,u1_0.profile_image,u1_0.pwd,u1_0.role,u1_0.tell from tb_users u1_0 where u1_0.email=?
Hibernate: select u1_0.id,u1_0.email,u1_0.gender,u1_0.is_active,u1_0.name,u1_0.profile_image,u1_0.pwd,u1_0.role,u1_0.tell from tb_users u1_0 where u1_0.email=?
2026-09-15T11:57:57.306+07:00 DEBUG 21060 --- [vehicles_rental] [io-8080-exec-10] org.hibernate.SQL                        : select o1_0.id,o1_0.expiry_time,o1_0.otp,u1_0.id,u1_0.email,u1_0.gender,u1_0.is_active,u1_0.name,u1_0.profile_image,u1_0.pwd,u1_0.role,u1_0.tell,o1_0.verified from otp o1_0 left join tb_users u1_0 on u1_0.id=o1_0.user_id where o1_0.user_id=?
Hibernate: select o1_0.id,o1_0.expiry_time,o1_0.otp,u1_0.id,u1_0.email,u1_0.gender,u1_0.is_active,u1_0.name,u1_0.profile_image,u1_0.pwd,u1_0.role,u1_0.tell,o1_0.verified from otp o1_0 left join tb_users u1_0 on u1_0.id=o1_0.user_id where o1_0.user_id=?
2026-09-15T11:57:57.306+07:00 DEBUG 21060 --- [vehicles_rental] [nio-8080-exec-9] org.hibernate.SQL                        : select u1_0.id,u1_0.email,u1_0.gender,u1_0.is_active,u1_0.name,u1_0.profile_image,u1_0.pwd,u1_0.role,u1_0.tell from tb_users u1_0 where u1_0.email=?
Hibernate: select u1_0.id,u1_0.email,u1_0.gender,u1_0.is_active,u1_0.name,u1_0.profile_image,u1_0.pwd,u1_0.role,u1_0.tell from tb_users u1_0 where u1_0.email=?
2026-09-15T11:57:57.307+07:00 DEBUG 21060 --- [vehicles_rental] [nio-8080-exec-9] org.hibernate.SQL                        : select o1_0.id,o1_0.expiry_time,o1_0.otp,u1_0.id,u1_0.email,u1_0.gender,u1_0.is_active,u1_0.name,u1_0.profile_image,u1_0.pwd,u1_0.role,u1_0.tell,o1_0.verified from otp o1_0 left join tb_users u1_0 on u1_0.id=o1_0.user_id where o1_0.user_id=?
Hibernate: select o1_0.id,o1_0.expiry_time,o1_0.otp,u1_0.id,u1_0.email,u1_0.gender,u1_0.is_active,u1_0.name,u1_0.profile_image,u1_0.pwd,u1_0.role,u1_0.tell,o1_0.verified from otp o1_0 left join tb_users u1_0 on u1_0.id=o1_0.user_id where o1_0.user_id=?
2026-09-15T11:57:57.310+07:00 DEBUG 21060 --- [vehicles_rental] [io-8080-exec-10] o.s.web.servlet.DispatcherServlet        : GET "/api/bookings", parameters={}
2026-09-15T11:57:57.310+07:00 DEBUG 21060 --- [vehicles_rental] [io-8080-exec-10] s.w.s.m.m.a.RequestMappingHandlerMapping : Mapped to org.example.vehicles_rental.controller.BookingController#getAll()
2026-09-15T11:57:57.311+07:00 DEBUG 21060 --- [vehicles_rental] [nio-8080-exec-9] o.s.web.servlet.DispatcherServlet        : GET "/api/vehicle/getAll", parameters={}
2026-09-15T11:57:57.311+07:00 DEBUG 21060 --- [vehicles_rental] [io-8080-exec-10] org.hibernate.SQL                        : select u1_0.id,u1_0.email,u1_0.gender,u1_0.is_active,u1_0.name,u1_0.profile_image,u1_0.pwd,u1_0.role,u1_0.tell from tb_users u1_0 where u1_0.email=?
2026-09-15T11:57:57.311+07:00 DEBUG 21060 --- [vehicles_rental] [nio-8080-exec-9] s.w.s.m.m.a.RequestMappingHandlerMapping : Mapped to org.example.vehicles_rental.controller.VehicleController#getAll()
Hibernate: select u1_0.id,u1_0.email,u1_0.gender,u1_0.is_active,u1_0.name,u1_0.profile_image,u1_0.pwd,u1_0.role,u1_0.tell from tb_users u1_0 where u1_0.email=?
2026-09-15T11:57:57.312+07:00 DEBUG 21060 --- [vehicles_rental] [io-8080-exec-10] org.hibernate.SQL                        : select o1_0.id,o1_0.expiry_time,o1_0.otp,u1_0.id,u1_0.email,u1_0.gender,u1_0.is_active,u1_0.name,u1_0.profile_image,u1_0.pwd,u1_0.role,u1_0.tell,o1_0.verified from otp o1_0 left join tb_users u1_0 on u1_0.id=o1_0.user_id where o1_0.user_id=?
Hibernate: select o1_0.id,o1_0.expiry_time,o1_0.otp,u1_0.id,u1_0.email,u1_0.gender,u1_0.is_active,u1_0.name,u1_0.profile_image,u1_0.pwd,u1_0.role,u1_0.tell,o1_0.verified from otp o1_0 left join tb_users u1_0 on u1_0.id=o1_0.user_id where o1_0.user_id=?
2026-09-15T11:57:57.313+07:00 DEBUG 21060 --- [vehicles_rental] [nio-8080-exec-9] org.hibernate.SQL                        : select v1_0.id,v1_0.brand_id,v1_0.category_id,v1_0.create_at,v1_0.description,v1_0.fuel_type,v1_0.model,v1_0.name,v1_0.plate_number,v1_0.price_per_day,v1_0.seat,v1_0.status,v1_0.transmission,v1_0.update_at,v1_0.year from vehicles v1_0
Hibernate: select v1_0.id,v1_0.brand_id,v1_0.category_id,v1_0.create_at,v1_0.description,v1_0.fuel_type,v1_0.model,v1_0.name,v1_0.plate_number,v1_0.price_per_day,v1_0.seat,v1_0.status,v1_0.transmission,v1_0.update_at,v1_0.year from vehicles v1_0
2026-09-15T11:57:57.314+07:00 DEBUG 21060 --- [vehicles_rental] [io-8080-exec-10] org.hibernate.SQL                        : select b1_0.id,b1_0.created_at,b1_0.pickup_date,b1_0.return_date,b1_0.status,b1_0.total_days,b1_0.total_price,b1_0.updated_at,b1_0.user_id,b1_0.vehicle_id from bookings b1_0 where b1_0.user_id=?
Hibernate: select b1_0.id,b1_0.created_at,b1_0.pickup_date,b1_0.return_date,b1_0.status,b1_0.total_days,b1_0.total_price,b1_0.updated_at,b1_0.user_id,b1_0.vehicle_id from bookings b1_0 where b1_0.user_id=?
2026-09-15T11:57:57.316+07:00 DEBUG 21060 --- [vehicles_rental] [nio-8080-exec-9] org.hibernate.SQL                        : select b1_0.id,b1_0.brand_name,b1_0.create_at,b1_0.logo,b1_0.update_at from brand b1_0 where b1_0.id=?
Hibernate: select b1_0.id,b1_0.brand_name,b1_0.create_at,b1_0.logo,b1_0.update_at from brand b1_0 where b1_0.id=?
2026-09-15T11:57:57.318+07:00 DEBUG 21060 --- [vehicles_rental] [io-8080-exec-10] org.hibernate.SQL                        : select v1_0.id,b1_0.id,b1_0.brand_name,b1_0.create_at,b1_0.logo,b1_0.update_at,c1_0.id,c1_0.category_name,c1_0.create_at,c1_0.description,c1_0.update_at,v1_0.create_at,v1_0.description,v1_0.fuel_type,v1_0.model,v1_0.name,v1_0.plate_number,v1_0.price_per_day,v1_0.seat,v1_0.status,v1_0.transmission,v1_0.update_at,v1_0.year from vehicles v1_0 left join brand b1_0 on b1_0.id=v1_0.brand_id left join categories c1_0 on c1_0.id=v1_0.category_id where v1_0.id=?
Hibernate: select v1_0.id,b1_0.id,b1_0.brand_name,b1_0.create_at,b1_0.logo,b1_0.update_at,c1_0.id,c1_0.category_name,c1_0.create_at,c1_0.description,c1_0.update_at,v1_0.create_at,v1_0.description,v1_0.fuel_type,v1_0.model,v1_0.name,v1_0.plate_number,v1_0.price_per_day,v1_0.seat,v1_0.status,v1_0.transmission,v1_0.update_at,v1_0.year from vehicles v1_0 left join brand b1_0 on b1_0.id=v1_0.brand_id left join categories c1_0 on c1_0.id=v1_0.category_id where v1_0.id=?
2026-09-15T11:57:57.318+07:00 DEBUG 21060 --- [vehicles_rental] [nio-8080-exec-9] org.hibernate.SQL                        : select c1_0.id,c1_0.category_name,c1_0.create_at,c1_0.description,c1_0.update_at from categories c1_0 where c1_0.id=?
Hibernate: select c1_0.id,c1_0.category_name,c1_0.create_at,c1_0.description,c1_0.update_at from categories c1_0 where c1_0.id=?
2026-09-15T11:57:57.321+07:00 DEBUG 21060 --- [vehicles_rental] [io-8080-exec-10] org.hibernate.SQL                        : select v1_0.id,b1_0.id,b1_0.brand_name,b1_0.create_at,b1_0.logo,b1_0.update_at,c1_0.id,c1_0.category_name,c1_0.create_at,c1_0.description,c1_0.update_at,v1_0.create_at,v1_0.description,v1_0.fuel_type,v1_0.model,v1_0.name,v1_0.plate_number,v1_0.price_per_day,v1_0.seat,v1_0.status,v1_0.transmission,v1_0.update_at,v1_0.year from vehicles v1_0 left join brand b1_0 on b1_0.id=v1_0.brand_id left join categories c1_0 on c1_0.id=v1_0.category_id where v1_0.id=?
Hibernate: select v1_0.id,b1_0.id,b1_0.brand_name,b1_0.create_at,b1_0.logo,b1_0.update_at,c1_0.id,c1_0.category_name,c1_0.create_at,c1_0.description,c1_0.update_at,v1_0.create_at,v1_0.description,v1_0.fuel_type,v1_0.model,v1_0.name,v1_0.plate_number,v1_0.price_per_day,v1_0.seat,v1_0.status,v1_0.transmission,v1_0.update_at,v1_0.year from vehicles v1_0 left join brand b1_0 on b1_0.id=v1_0.brand_id left join categories c1_0 on c1_0.id=v1_0.category_id where v1_0.id=?
2026-09-15T11:57:57.321+07:00 DEBUG 21060 --- [vehicles_rental] [nio-8080-exec-9] org.hibernate.SQL                        : select b1_0.id,b1_0.brand_name,b1_0.create_at,b1_0.logo,b1_0.update_at from brand b1_0 where b1_0.id=?
Hibernate: select b1_0.id,b1_0.brand_name,b1_0.create_at,b1_0.logo,b1_0.update_at from brand b1_0 where b1_0.id=?
2026-09-15T11:57:57.321+07:00 DEBUG 21060 --- [vehicles_rental] [nio-8080-exec-9] org.hibernate.SQL                        : select c1_0.id,c1_0.category_name,c1_0.create_at,c1_0.description,c1_0.update_at from categories c1_0 where c1_0.id=?
Hibernate: select c1_0.id,c1_0.category_name,c1_0.create_at,c1_0.description,c1_0.update_at from categories c1_0 where c1_0.id=?
2026-09-15T11:57:57.321+07:00 DEBUG 21060 --- [vehicles_rental] [io-8080-exec-10] org.hibernate.SQL                        : select v1_0.id,b1_0.id,b1_0.brand_name,b1_0.create_at,b1_0.logo,b1_0.update_at,c1_0.id,c1_0.category_name,c1_0.create_at,c1_0.description,c1_0.update_at,v1_0.create_at,v1_0.description,v1_0.fuel_type,v1_0.model,v1_0.name,v1_0.plate_number,v1_0.price_per_day,v1_0.seat,v1_0.status,v1_0.transmission,v1_0.update_at,v1_0.year from vehicles v1_0 left join brand b1_0 on b1_0.id=v1_0.brand_id left join categories c1_0 on c1_0.id=v1_0.category_id where v1_0.id=?
Hibernate: select v1_0.id,b1_0.id,b1_0.brand_name,b1_0.create_at,b1_0.logo,b1_0.update_at,c1_0.id,c1_0.category_name,c1_0.create_at,c1_0.description,c1_0.update_at,v1_0.create_at,v1_0.description,v1_0.fuel_type,v1_0.model,v1_0.name,v1_0.plate_number,v1_0.price_per_day,v1_0.seat,v1_0.status,v1_0.transmission,v1_0.update_at,v1_0.year from vehicles v1_0 left join brand b1_0 on b1_0.id=v1_0.brand_id left join categories c1_0 on c1_0.id=v1_0.category_id where v1_0.id=?
2026-09-15T11:57:57.323+07:00 DEBUG 21060 --- [vehicles_rental] [nio-8080-exec-9] org.hibernate.SQL                        : select b1_0.id,b1_0.brand_name,b1_0.create_at,b1_0.logo,b1_0.update_at from brand b1_0 where b1_0.id=?
Hibernate: select b1_0.id,b1_0.brand_name,b1_0.create_at,b1_0.logo,b1_0.update_at from brand b1_0 where b1_0.id=?
2026-09-15T11:57:57.324+07:00 DEBUG 21060 --- [vehicles_rental] [nio-8080-exec-9] org.hibernate.SQL                        : select c1_0.id,c1_0.category_name,c1_0.create_at,c1_0.description,c1_0.update_at from categories c1_0 where c1_0.id=?
Hibernate: select c1_0.id,c1_0.category_name,c1_0.create_at,c1_0.description,c1_0.update_at from categories c1_0 where c1_0.id=?
2026-09-15T11:57:57.324+07:00 DEBUG 21060 --- [vehicles_rental] [io-8080-exec-10] org.hibernate.SQL                        : select v1_0.id,b1_0.id,b1_0.brand_name,b1_0.create_at,b1_0.logo,b1_0.update_at,c1_0.id,c1_0.category_name,c1_0.create_at,c1_0.description,c1_0.update_at,v1_0.create_at,v1_0.description,v1_0.fuel_type,v1_0.model,v1_0.name,v1_0.plate_number,v1_0.price_per_day,v1_0.seat,v1_0.status,v1_0.transmission,v1_0.update_at,v1_0.year from vehicles v1_0 left join brand b1_0 on b1_0.id=v1_0.brand_id left join categories c1_0 on c1_0.id=v1_0.category_id where v1_0.id=?
Hibernate: select v1_0.id,b1_0.id,b1_0.brand_name,b1_0.create_at,b1_0.logo,b1_0.update_at,c1_0.id,c1_0.category_name,c1_0.create_at,c1_0.description,c1_0.update_at,v1_0.create_at,v1_0.description,v1_0.fuel_type,v1_0.model,v1_0.name,v1_0.plate_number,v1_0.price_per_day,v1_0.seat,v1_0.status,v1_0.transmission,v1_0.update_at,v1_0.year from vehicles v1_0 left join brand b1_0 on b1_0.id=v1_0.brand_id left join categories c1_0 on c1_0.id=v1_0.category_id where v1_0.id=?
2026-09-15T11:57:57.326+07:00 DEBUG 21060 --- [vehicles_rental] [nio-8080-exec-9] org.hibernate.SQL                        : select b1_0.id,b1_0.brand_name,b1_0.create_at,b1_0.logo,b1_0.update_at from brand b1_0 where b1_0.id=?
Hibernate: select b1_0.id,b1_0.brand_name,b1_0.create_at,b1_0.logo,b1_0.update_at from brand b1_0 where b1_0.id=?
2026-09-15T11:57:57.326+07:00 DEBUG 21060 --- [vehicles_rental] [io-8080-exec-10] org.hibernate.SQL                        : select v1_0.id,b1_0.id,b1_0.brand_name,b1_0.create_at,b1_0.logo,b1_0.update_at,c1_0.id,c1_0.category_name,c1_0.create_at,c1_0.description,c1_0.update_at,v1_0.create_at,v1_0.description,v1_0.fuel_type,v1_0.model,v1_0.name,v1_0.plate_number,v1_0.price_per_day,v1_0.seat,v1_0.status,v1_0.transmission,v1_0.update_at,v1_0.year from vehicles v1_0 left join brand b1_0 on b1_0.id=v1_0.brand_id left join categories c1_0 on c1_0.id=v1_0.category_id where v1_0.id=?
Hibernate: select v1_0.id,b1_0.id,b1_0.brand_name,b1_0.create_at,b1_0.logo,b1_0.update_at,c1_0.id,c1_0.category_name,c1_0.create_at,c1_0.description,c1_0.update_at,v1_0.create_at,v1_0.description,v1_0.fuel_type,v1_0.model,v1_0.name,v1_0.plate_number,v1_0.price_per_day,v1_0.seat,v1_0.status,v1_0.transmission,v1_0.update_at,v1_0.year from vehicles v1_0 left join brand b1_0 on b1_0.id=v1_0.brand_id left join categories c1_0 on c1_0.id=v1_0.category_id where v1_0.id=?
2026-09-15T11:57:57.328+07:00 DEBUG 21060 --- [vehicles_rental] [nio-8080-exec-9] org.hibernate.SQL                        : select c1_0.id,c1_0.category_name,c1_0.create_at,c1_0.description,c1_0.update_at from categories c1_0 where c1_0.id=?
Hibernate: select c1_0.id,c1_0.category_name,c1_0.create_at,c1_0.description,c1_0.update_at from categories c1_0 where c1_0.id=?
2026-09-15T11:57:57.328+07:00 DEBUG 21060 --- [vehicles_rental] [io-8080-exec-10] org.hibernate.SQL                        : select v1_0.id,b1_0.id,b1_0.brand_name,b1_0.create_at,b1_0.logo,b1_0.update_at,c1_0.id,c1_0.category_name,c1_0.create_at,c1_0.description,c1_0.update_at,v1_0.create_at,v1_0.description,v1_0.fuel_type,v1_0.model,v1_0.name,v1_0.plate_number,v1_0.price_per_day,v1_0.seat,v1_0.status,v1_0.transmission,v1_0.update_at,v1_0.year from vehicles v1_0 left join brand b1_0 on b1_0.id=v1_0.brand_id left join categories c1_0 on c1_0.id=v1_0.category_id where v1_0.id=?
Hibernate: select v1_0.id,b1_0.id,b1_0.brand_name,b1_0.create_at,b1_0.logo,b1_0.update_at,c1_0.id,c1_0.category_name,c1_0.create_at,c1_0.description,c1_0.update_at,v1_0.create_at,v1_0.description,v1_0.fuel_type,v1_0.model,v1_0.name,v1_0.plate_number,v1_0.price_per_day,v1_0.seat,v1_0.status,v1_0.transmission,v1_0.update_at,v1_0.year from vehicles v1_0 left join brand b1_0 on b1_0.id=v1_0.brand_id left join categories c1_0 on c1_0.id=v1_0.category_id where v1_0.id=?
2026-09-15T11:57:57.330+07:00 DEBUG 21060 --- [vehicles_rental] [nio-8080-exec-9] org.hibernate.SQL                        : select b1_0.id,b1_0.brand_name,b1_0.create_at,b1_0.logo,b1_0.update_at from brand b1_0 where b1_0.id=?
Hibernate: select b1_0.id,b1_0.brand_name,b1_0.create_at,b1_0.logo,b1_0.update_at from brand b1_0 where b1_0.id=?
2026-09-15T11:57:57.331+07:00 DEBUG 21060 --- [vehicles_rental] [io-8080-exec-10] o.s.w.s.m.m.a.HttpEntityMethodProcessor  : Using 'application/json', given [application/json, text/plain, */*] and supported [application/json, application/*+json]
2026-09-15T11:57:57.332+07:00 DEBUG 21060 --- [vehicles_rental] [io-8080-exec-10] o.s.w.s.m.m.a.HttpEntityMethodProcessor  : Writing [ApiResponse(msg=Bookings retrieved successfully, status=200, data=[BookingResponse(id=4, userId=7, u (truncated)...]
2026-09-15T11:57:57.333+07:00 DEBUG 21060 --- [vehicles_rental] [io-8080-exec-10] o.s.web.servlet.DispatcherServlet        : Completed 200 OK
2026-09-15T11:57:57.334+07:00 DEBUG 21060 --- [vehicles_rental] [nio-8080-exec-9] m.m.a.RequestResponseBodyMethodProcessor : Using 'application/json', given [application/json, text/plain, */*] and supported [application/json, application/*+json]
2026-09-15T11:57:57.334+07:00 DEBUG 21060 --- [vehicles_rental] [nio-8080-exec-9] m.m.a.RequestResponseBodyMethodProcessor : Writing [ApiResponse(msg=get all vehicles successfully, status=200, data=[VehicleResponse(id=1, category_name (truncated)...]
2026-09-15T11:57:57.335+07:00 DEBUG 21060 --- [vehicles_rental] [nio-8080-exec-9] o.s.web.servlet.DispatcherServlet        : Completed 200 OK
2026-09-15T11:58:57.660+07:00 DEBUG 21060 --- [vehicles_rental] [nio-8080-exec-2] org.hibernate.SQL                        : select u1_0.id,u1_0.email,u1_0.gender,u1_0.is_active,u1_0.name,u1_0.profile_image,u1_0.pwd,u1_0.role,u1_0.tell from tb_users u1_0 where u1_0.email=?
Hibernate: select u1_0.id,u1_0.email,u1_0.gender,u1_0.is_active,u1_0.name,u1_0.profile_image,u1_0.pwd,u1_0.role,u1_0.tell from tb_users u1_0 where u1_0.email=?
2026-09-15T11:58:57.661+07:00 DEBUG 21060 --- [vehicles_rental] [nio-8080-exec-2] org.hibernate.SQL                        : select o1_0.id,o1_0.expiry_time,o1_0.otp,u1_0.id,u1_0.email,u1_0.gender,u1_0.is_active,u1_0.name,u1_0.profile_image,u1_0.pwd,u1_0.role,u1_0.tell,o1_0.verified from otp o1_0 left join tb_users u1_0 on u1_0.id=o1_0.user_id where o1_0.user_id=?
Hibernate: select o1_0.id,o1_0.expiry_time,o1_0.otp,u1_0.id,u1_0.email,u1_0.gender,u1_0.is_active,u1_0.name,u1_0.profile_image,u1_0.pwd,u1_0.role,u1_0.tell,o1_0.verified from otp o1_0 left join tb_users u1_0 on u1_0.id=o1_0.user_id where o1_0.user_id=?
2026-09-15T11:58:57.664+07:00 DEBUG 21060 --- [vehicles_rental] [nio-8080-exec-2] o.s.web.servlet.DispatcherServlet        : GET "/api/vehicle/getById/4", parameters={}
2026-09-15T11:58:57.664+07:00 DEBUG 21060 --- [vehicles_rental] [nio-8080-exec-2] s.w.s.m.m.a.RequestMappingHandlerMapping : Mapped to org.example.vehicles_rental.controller.VehicleController#getById(Long)
2026-09-15T11:58:57.665+07:00 DEBUG 21060 --- [vehicles_rental] [nio-8080-exec-2] org.hibernate.SQL                        : select v1_0.id,b1_0.id,b1_0.brand_name,b1_0.create_at,b1_0.logo,b1_0.update_at,c1_0.id,c1_0.category_name,c1_0.create_at,c1_0.description,c1_0.update_at,v1_0.create_at,v1_0.description,v1_0.fuel_type,v1_0.model,v1_0.name,v1_0.plate_number,v1_0.price_per_day,v1_0.seat,v1_0.status,v1_0.transmission,v1_0.update_at,v1_0.year from vehicles v1_0 left join brand b1_0 on b1_0.id=v1_0.brand_id left join categories c1_0 on c1_0.id=v1_0.category_id where v1_0.id=?
Hibernate: select v1_0.id,b1_0.id,b1_0.brand_name,b1_0.create_at,b1_0.logo,b1_0.update_at,c1_0.id,c1_0.category_name,c1_0.create_at,c1_0.description,c1_0.update_at,v1_0.create_at,v1_0.description,v1_0.fuel_type,v1_0.model,v1_0.name,v1_0.plate_number,v1_0.price_per_day,v1_0.seat,v1_0.status,v1_0.transmission,v1_0.update_at,v1_0.year from vehicles v1_0 left join brand b1_0 on b1_0.id=v1_0.brand_id left join categories c1_0 on c1_0.id=v1_0.category_id where v1_0.id=?
2026-09-15T11:58:57.668+07:00 DEBUG 21060 --- [vehicles_rental] [nio-8080-exec-2] m.m.a.RequestResponseBodyMethodProcessor : Using 'application/json', given [application/json, text/plain, */*] and supported [application/json, application/*+json]
2026-09-15T11:58:57.669+07:00 DEBUG 21060 --- [vehicles_rental] [nio-8080-exec-2] m.m.a.RequestResponseBodyMethodProcessor : Writing [ApiResponse(msg=get vehicle ById successfully, status=200, data=VehicleResponse(id=4, category_name= (truncated)...]
2026-09-15T11:58:57.669+07:00 DEBUG 21060 --- [vehicles_rental] [nio-8080-exec-2] o.s.web.servlet.DispatcherServlet        : Completed 200 OK
2026-09-15T11:59:00.012+07:00 DEBUG 21060 --- [vehicles_rental] [nio-8080-exec-3] org.hibernate.SQL                        : select u1_0.id,u1_0.email,u1_0.gender,u1_0.is_active,u1_0.name,u1_0.profile_image,u1_0.pwd,u1_0.role,u1_0.tell from tb_users u1_0 where u1_0.email=?
Hibernate: select u1_0.id,u1_0.email,u1_0.gender,u1_0.is_active,u1_0.name,u1_0.profile_image,u1_0.pwd,u1_0.role,u1_0.tell from tb_users u1_0 where u1_0.email=?
2026-09-15T11:59:00.013+07:00 DEBUG 21060 --- [vehicles_rental] [nio-8080-exec-3] org.hibernate.SQL                        : select o1_0.id,o1_0.expiry_time,o1_0.otp,u1_0.id,u1_0.email,u1_0.gender,u1_0.is_active,u1_0.name,u1_0.profile_image,u1_0.pwd,u1_0.role,u1_0.tell,o1_0.verified from otp o1_0 left join tb_users u1_0 on u1_0.id=o1_0.user_id where o1_0.user_id=?
Hibernate: select o1_0.id,o1_0.expiry_time,o1_0.otp,u1_0.id,u1_0.email,u1_0.gender,u1_0.is_active,u1_0.name,u1_0.profile_image,u1_0.pwd,u1_0.role,u1_0.tell,o1_0.verified from otp o1_0 left join tb_users u1_0 on u1_0.id=o1_0.user_id where o1_0.user_id=?
2026-09-15T11:59:00.015+07:00 DEBUG 21060 --- [vehicles_rental] [nio-8080-exec-3] o.s.web.servlet.DispatcherServlet        : POST "/api/bookings", parameters={}
2026-09-15T11:59:00.015+07:00 DEBUG 21060 --- [vehicles_rental] [nio-8080-exec-3] s.w.s.m.m.a.RequestMappingHandlerMapping : Mapped to org.example.vehicles_rental.controller.BookingController#create(BookingRequest)
2026-09-15T11:59:00.016+07:00 DEBUG 21060 --- [vehicles_rental] [nio-8080-exec-3] m.m.a.RequestResponseBodyMethodProcessor : Read "application/json;charset=UTF-8" to [BookingRequest(userId=null, vehicleId=4, pickupDate=2026-09-16, returnDate=2026-09-20, status=null)]
2026-09-15T11:59:00.016+07:00 DEBUG 21060 --- [vehicles_rental] [nio-8080-exec-3] org.hibernate.SQL                        : select u1_0.id,u1_0.email,u1_0.gender,u1_0.is_active,u1_0.name,u1_0.profile_image,u1_0.pwd,u1_0.role,u1_0.tell from tb_users u1_0 where u1_0.email=?
Hibernate: select u1_0.id,u1_0.email,u1_0.gender,u1_0.is_active,u1_0.name,u1_0.profile_image,u1_0.pwd,u1_0.role,u1_0.tell from tb_users u1_0 where u1_0.email=?
2026-09-15T11:59:00.017+07:00 DEBUG 21060 --- [vehicles_rental] [nio-8080-exec-3] org.hibernate.SQL                        : select o1_0.id,o1_0.expiry_time,o1_0.otp,u1_0.id,u1_0.email,u1_0.gender,u1_0.is_active,u1_0.name,u1_0.profile_image,u1_0.pwd,u1_0.role,u1_0.tell,o1_0.verified from otp o1_0 left join tb_users u1_0 on u1_0.id=o1_0.user_id where o1_0.user_id=?
Hibernate: select o1_0.id,o1_0.expiry_time,o1_0.otp,u1_0.id,u1_0.email,u1_0.gender,u1_0.is_active,u1_0.name,u1_0.profile_image,u1_0.pwd,u1_0.role,u1_0.tell,o1_0.verified from otp o1_0 left join tb_users u1_0 on u1_0.id=o1_0.user_id where o1_0.user_id=?
2026-09-15T11:59:00.019+07:00 DEBUG 21060 --- [vehicles_rental] [nio-8080-exec-3] org.hibernate.SQL                        : select v1_0.id,b1_0.id,b1_0.brand_name,b1_0.create_at,b1_0.logo,b1_0.update_at,c1_0.id,c1_0.category_name,c1_0.create_at,c1_0.description,c1_0.update_at,v1_0.create_at,v1_0.description,v1_0.fuel_type,v1_0.model,v1_0.name,v1_0.plate_number,v1_0.price_per_day,v1_0.seat,v1_0.status,v1_0.transmission,v1_0.update_at,v1_0.year from vehicles v1_0 left join brand b1_0 on b1_0.id=v1_0.brand_id left join categories c1_0 on c1_0.id=v1_0.category_id where v1_0.id=?
Hibernate: select v1_0.id,b1_0.id,b1_0.brand_name,b1_0.create_at,b1_0.logo,b1_0.update_at,c1_0.id,c1_0.category_name,c1_0.create_at,c1_0.description,c1_0.update_at,v1_0.create_at,v1_0.description,v1_0.fuel_type,v1_0.model,v1_0.name,v1_0.plate_number,v1_0.price_per_day,v1_0.seat,v1_0.status,v1_0.transmission,v1_0.update_at,v1_0.year from vehicles v1_0 left join brand b1_0 on b1_0.id=v1_0.brand_id left join categories c1_0 on c1_0.id=v1_0.category_id where v1_0.id=?
2026-09-15T11:59:00.023+07:00 DEBUG 21060 --- [vehicles_rental] [nio-8080-exec-3] org.hibernate.SQL                        : select count(b1_0.id)>0 from bookings b1_0 where b1_0.vehicle_id=? and b1_0.pickup_date<? and b1_0.return_date>? and b1_0.status in (?,?) and b1_0.user_id<>?
Hibernate: select count(b1_0.id)>0 from bookings b1_0 where b1_0.vehicle_id=? and b1_0.pickup_date<? and b1_0.return_date>? and b1_0.status in (?,?) and b1_0.user_id<>?
2026-09-15T11:59:00.025+07:00 DEBUG 21060 --- [vehicles_rental] [nio-8080-exec-3] org.hibernate.SQL                        : insert into bookings (created_at,pickup_date,return_date,status,total_days,total_price,updated_at,user_id,vehicle_id) values (?,?,?,?,?,?,?,?,?)
Hibernate: insert into bookings (created_at,pickup_date,return_date,status,total_days,total_price,updated_at,user_id,vehicle_id) values (?,?,?,?,?,?,?,?,?)
2026-09-15T11:59:00.028+07:00 DEBUG 21060 --- [vehicles_rental] [nio-8080-exec-3] org.hibernate.SQL                        : select ns1_0.id,ns1_0.booking_cancellation,ns1_0.daily_summary_report,ns1_0.low_availability_alert,ns1_0.new_booking,ns1_0.new_user_registration,ns1_0.payment_received from notification_settings ns1_0 where ns1_0.id=?
Hibernate: select ns1_0.id,ns1_0.booking_cancellation,ns1_0.daily_summary_report,ns1_0.low_availability_alert,ns1_0.new_booking,ns1_0.new_user_registration,ns1_0.payment_received from notification_settings ns1_0 where ns1_0.id=?
2026-09-15T11:59:00.030+07:00 DEBUG 21060 --- [vehicles_rental] [nio-8080-exec-3] org.hibernate.SQL                        : select u1_0.id,u1_0.email,u1_0.gender,u1_0.is_active,u1_0.name,u1_0.profile_image,u1_0.pwd,u1_0.role,u1_0.tell from tb_users u1_0 where u1_0.role=?
Hibernate: select u1_0.id,u1_0.email,u1_0.gender,u1_0.is_active,u1_0.name,u1_0.profile_image,u1_0.pwd,u1_0.role,u1_0.tell from tb_users u1_0 where u1_0.role=?
2026-09-15T11:59:00.031+07:00 DEBUG 21060 --- [vehicles_rental] [nio-8080-exec-3] o.s.w.s.m.m.a.HttpEntityMethodProcessor  : Using 'application/json', given [application/json, text/plain, */*] and supported [application/json, application/*+json]
2026-09-15T11:59:00.031+07:00 DEBUG 21060 --- [vehicles_rental] [nio-8080-exec-3] o.s.w.s.m.m.a.HttpEntityMethodProcessor  : Writing [ApiResponse(msg=Booking created successfully, status=201, data=BookingResponse(id=13, userId=7, user (truncated)...]
2026-09-15T11:59:00.032+07:00 DEBUG 21060 --- [vehicles_rental] [nio-8080-exec-3] o.s.web.servlet.DispatcherServlet        : Completed 200 OK
2026-09-15T11:59:00.071+07:00 DEBUG 21060 --- [vehicles_rental] [nio-8080-exec-4] org.hibernate.SQL                        : select u1_0.id,u1_0.email,u1_0.gender,u1_0.is_active,u1_0.name,u1_0.profile_image,u1_0.pwd,u1_0.role,u1_0.tell from tb_users u1_0 where u1_0.email=?
Hibernate: select u1_0.id,u1_0.email,u1_0.gender,u1_0.is_active,u1_0.name,u1_0.profile_image,u1_0.pwd,u1_0.role,u1_0.tell from tb_users u1_0 where u1_0.email=?
2026-09-15T11:59:00.073+07:00 DEBUG 21060 --- [vehicles_rental] [nio-8080-exec-4] org.hibernate.SQL                        : select o1_0.id,o1_0.expiry_time,o1_0.otp,u1_0.id,u1_0.email,u1_0.gender,u1_0.is_active,u1_0.name,u1_0.profile_image,u1_0.pwd,u1_0.role,u1_0.tell,o1_0.verified from otp o1_0 left join tb_users u1_0 on u1_0.id=o1_0.user_id where o1_0.user_id=?
Hibernate: select o1_0.id,o1_0.expiry_time,o1_0.otp,u1_0.id,u1_0.email,u1_0.gender,u1_0.is_active,u1_0.name,u1_0.profile_image,u1_0.pwd,u1_0.role,u1_0.tell,o1_0.verified from otp o1_0 left join tb_users u1_0 on u1_0.id=o1_0.user_id where o1_0.user_id=?
2026-09-15T11:59:00.078+07:00 DEBUG 21060 --- [vehicles_rental] [nio-8080-exec-4] o.s.web.servlet.DispatcherServlet        : GET "/api/paymentMethods", parameters={}
2026-09-15T11:59:00.078+07:00 DEBUG 21060 --- [vehicles_rental] [nio-8080-exec-4] s.w.s.m.m.a.RequestMappingHandlerMapping : Mapped to org.example.vehicles_rental.controller.PaymentMethodController#getAll()
2026-09-15T11:59:00.080+07:00 DEBUG 21060 --- [vehicles_rental] [nio-8080-exec-4] org.hibernate.SQL                        : select pm1_0.id,pm1_0.description,pm1_0.method_name,pm1_0.status from payment_methods pm1_0
Hibernate: select pm1_0.id,pm1_0.description,pm1_0.method_name,pm1_0.status from payment_methods pm1_0
2026-09-15T11:59:00.084+07:00 DEBUG 21060 --- [vehicles_rental] [nio-8080-exec-4] o.s.w.s.m.m.a.HttpEntityMethodProcessor  : Using 'application/json', given [application/json, text/plain, */*] and supported [application/json, application/*+json]
2026-09-15T11:59:00.084+07:00 DEBUG 21060 --- [vehicles_rental] [nio-8080-exec-4] o.s.w.s.m.m.a.HttpEntityMethodProcessor  : Writing [ApiResponse(msg=Payment methods retrieved successfully, status=200, data=[PaymentMethodResponse(id=1 (truncated)...]
2026-09-15T11:59:00.085+07:00 DEBUG 21060 --- [vehicles_rental] [nio-8080-exec-4] o.s.web.servlet.DispatcherServlet        : Completed 200 OK
2026-09-15T11:59:00.095+07:00 DEBUG 21060 --- [vehicles_rental] [nio-8080-exec-6] org.hibernate.SQL                        : select u1_0.id,u1_0.email,u1_0.gender,u1_0.is_active,u1_0.name,u1_0.profile_image,u1_0.pwd,u1_0.role,u1_0.tell from tb_users u1_0 where u1_0.email=?
Hibernate: select u1_0.id,u1_0.email,u1_0.gender,u1_0.is_active,u1_0.name,u1_0.profile_image,u1_0.pwd,u1_0.role,u1_0.tell from tb_users u1_0 where u1_0.email=?
2026-09-15T11:59:00.096+07:00 DEBUG 21060 --- [vehicles_rental] [nio-8080-exec-6] org.hibernate.SQL                        : select o1_0.id,o1_0.expiry_time,o1_0.otp,u1_0.id,u1_0.email,u1_0.gender,u1_0.is_active,u1_0.name,u1_0.profile_image,u1_0.pwd,u1_0.role,u1_0.tell,o1_0.verified from otp o1_0 left join tb_users u1_0 on u1_0.id=o1_0.user_id where o1_0.user_id=?
Hibernate: select o1_0.id,o1_0.expiry_time,o1_0.otp,u1_0.id,u1_0.email,u1_0.gender,u1_0.is_active,u1_0.name,u1_0.profile_image,u1_0.pwd,u1_0.role,u1_0.tell,o1_0.verified from otp o1_0 left join tb_users u1_0 on u1_0.id=o1_0.user_id where o1_0.user_id=?
2026-09-15T11:59:00.100+07:00 DEBUG 21060 --- [vehicles_rental] [nio-8080-exec-6] o.s.web.servlet.DispatcherServlet        : GET "/api/payments/bakong/scan-status?amount=0.4&currency=USD", parameters={masked}
2026-09-15T11:59:00.100+07:00 DEBUG 21060 --- [vehicles_rental] [nio-8080-exec-6] s.w.s.m.m.a.RequestMappingHandlerMapping : Mapped to org.example.vehicles_rental.controller.PaymentController#checkBakongScanPayment(String, BigDecimal, String)
2026-09-15T11:59:00.101+07:00 DEBUG 21060 --- [vehicles_rental] [nio-8080-exec-6] o.s.w.s.m.m.a.HttpEntityMethodProcessor  : Using 'application/json', given [application/json, text/plain, */*] and supported [application/json, application/*+json]
2026-09-15T11:59:00.102+07:00 DEBUG 21060 --- [vehicles_rental] [nio-8080-exec-6] o.s.w.s.m.m.a.HttpEntityMethodProcessor  : Writing [BakongPaymentResponse(paymentId=null, bookingId=null, amount=0.4, currency=USD, transactionId=null,  (truncated)...]
2026-09-15T11:59:00.102+07:00 DEBUG 21060 --- [vehicles_rental] [nio-8080-exec-6] o.s.web.servlet.DispatcherServlet        : Completed 200 OK
2026-09-15T11:59:00.111+07:00 DEBUG 21060 --- [vehicles_rental] [nio-8080-exec-7] org.hibernate.SQL                        : select u1_0.id,u1_0.email,u1_0.gender,u1_0.is_active,u1_0.name,u1_0.profile_image,u1_0.pwd,u1_0.role,u1_0.tell from tb_users u1_0 where u1_0.email=?
Hibernate: select u1_0.id,u1_0.email,u1_0.gender,u1_0.is_active,u1_0.name,u1_0.profile_image,u1_0.pwd,u1_0.role,u1_0.tell from tb_users u1_0 where u1_0.email=?
2026-09-15T11:59:00.111+07:00 DEBUG 21060 --- [vehicles_rental] [nio-8080-exec-7] org.hibernate.SQL                        : select o1_0.id,o1_0.expiry_time,o1_0.otp,u1_0.id,u1_0.email,u1_0.gender,u1_0.is_active,u1_0.name,u1_0.profile_image,u1_0.pwd,u1_0.role,u1_0.tell,o1_0.verified from otp o1_0 left join tb_users u1_0 on u1_0.id=o1_0.user_id where o1_0.user_id=?
Hibernate: select o1_0.id,o1_0.expiry_time,o1_0.otp,u1_0.id,u1_0.email,u1_0.gender,u1_0.is_active,u1_0.name,u1_0.profile_image,u1_0.pwd,u1_0.role,u1_0.tell,o1_0.verified from otp o1_0 left join tb_users u1_0 on u1_0.id=o1_0.user_id where o1_0.user_id=?
2026-09-15T11:59:00.115+07:00 DEBUG 21060 --- [vehicles_rental] [nio-8080-exec-7] o.s.web.servlet.DispatcherServlet        : POST "/api/payments/bakong/scan-qr", parameters={}
2026-09-15T11:59:00.116+07:00 DEBUG 21060 --- [vehicles_rental] [nio-8080-exec-7] s.w.s.m.m.a.RequestMappingHandlerMapping : Mapped to org.example.vehicles_rental.controller.PaymentController#createBakongScanQr(CreatePaymentRequest)
2026-09-15T11:59:00.117+07:00 DEBUG 21060 --- [vehicles_rental] [nio-8080-exec-7] m.m.a.RequestResponseBodyMethodProcessor : Read "application/json;charset=UTF-8" to [CreatePaymentRequest(bookingId=13, paymentMethodId=null, amount=0.8, currency=USD)]
2026-09-15T11:59:00.118+07:00 DEBUG 21060 --- [vehicles_rental] [nio-8080-exec-7] o.s.w.s.m.m.a.HttpEntityMethodProcessor  : Using 'application/json', given [application/json, text/plain, */*] and supported [application/json, application/*+json]
2026-09-15T11:59:00.118+07:00 DEBUG 21060 --- [vehicles_rental] [nio-8080-exec-7] o.s.w.s.m.m.a.HttpEntityMethodProcessor  : Writing [BakongPaymentResponse(paymentId=null, bookingId=13, amount=0.8, currency=USD, transactionId=BOOK-13, (truncated)...]
2026-09-15T11:59:00.120+07:00 DEBUG 21060 --- [vehicles_rental] [nio-8080-exec-7] o.s.web.servlet.DispatcherServlet        : Completed 200 OK
2026-09-15T11:59:00.158+07:00 DEBUG 21060 --- [vehicles_rental] [io-8080-exec-10] org.hibernate.SQL                        : select u1_0.id,u1_0.email,u1_0.gender,u1_0.is_active,u1_0.name,u1_0.profile_image,u1_0.pwd,u1_0.role,u1_0.tell from tb_users u1_0 where u1_0.email=?
Hibernate: select u1_0.id,u1_0.email,u1_0.gender,u1_0.is_active,u1_0.name,u1_0.profile_image,u1_0.pwd,u1_0.role,u1_0.tell from tb_users u1_0 where u1_0.email=?
2026-09-15T11:59:00.160+07:00 DEBUG 21060 --- [vehicles_rental] [io-8080-exec-10] org.hibernate.SQL                        : select o1_0.id,o1_0.expiry_time,o1_0.otp,u1_0.id,u1_0.email,u1_0.gender,u1_0.is_active,u1_0.name,u1_0.profile_image,u1_0.pwd,u1_0.role,u1_0.tell,o1_0.verified from otp o1_0 left join tb_users u1_0 on u1_0.id=o1_0.user_id where o1_0.user_id=?
Hibernate: select o1_0.id,o1_0.expiry_time,o1_0.otp,u1_0.id,u1_0.email,u1_0.gender,u1_0.is_active,u1_0.name,u1_0.profile_image,u1_0.pwd,u1_0.role,u1_0.tell,o1_0.verified from otp o1_0 left join tb_users u1_0 on u1_0.id=o1_0.user_id where o1_0.user_id=?
2026-09-15T11:59:00.163+07:00 DEBUG 21060 --- [vehicles_rental] [io-8080-exec-10] o.s.web.servlet.DispatcherServlet        : GET "/api/payments/bakong/scan-status?reference=8b38c86a37d76c4ba03b0d4f6acb4b71&amount=0.8&currency=USD", parameters={masked}
2026-09-15T11:59:00.163+07:00 DEBUG 21060 --- [vehicles_rental] [io-8080-exec-10] s.w.s.m.m.a.RequestMappingHandlerMapping : Mapped to org.example.vehicles_rental.controller.PaymentController#checkBakongScanPayment(String, BigDecimal, String)
2026-09-15T11:59:00.164+07:00 DEBUG 21060 --- [vehicles_rental] [io-8080-exec-10] o.s.web.client.RestTemplate              : HTTP POST https://api-bakong.nbc.gov.kh/v1/check_transaction_by_md5
2026-09-15T11:59:00.164+07:00 DEBUG 21060 --- [vehicles_rental] [io-8080-exec-10] o.s.web.client.RestTemplate              : Accept=[application/json, application/*+json]
2026-09-15T11:59:00.164+07:00 DEBUG 21060 --- [vehicles_rental] [io-8080-exec-10] o.s.web.client.RestTemplate              : Writing [{md5=8b38c86a37d76c4ba03b0d4f6acb4b71}] as "application/json"
2026-09-15T11:59:00.666+07:00 DEBUG 21060 --- [vehicles_rental] [io-8080-exec-10] o.s.web.client.RestTemplate              : Response 200 OK
2026-09-15T11:59:00.666+07:00 DEBUG 21060 --- [vehicles_rental] [io-8080-exec-10] o.s.web.client.RestTemplate              : Reading to [java.util.Map<java.lang.String, java.lang.Object>]
2026-09-15T11:59:00.667+07:00 DEBUG 21060 --- [vehicles_rental] [io-8080-exec-10] o.s.w.s.m.m.a.HttpEntityMethodProcessor  : Using 'application/json', given [application/json, text/plain, */*] and supported [application/json, application/*+json]
2026-09-15T11:59:00.668+07:00 DEBUG 21060 --- [vehicles_rental] [io-8080-exec-10] o.s.w.s.m.m.a.HttpEntityMethodProcessor  : Writing [BakongPaymentResponse(paymentId=null, bookingId=null, amount=null, currency=null, transactionId=null (truncated)...]
2026-09-15T11:59:00.669+07:00 DEBUG 21060 --- [vehicles_rental] [io-8080-exec-10] o.s.web.servlet.DispatcherServlet        : Completed 200 OK
2026-09-15T11:59:05.155+07:00 DEBUG 21060 --- [vehicles_rental] [nio-8080-exec-9] org.hibernate.SQL                        : select u1_0.id,u1_0.email,u1_0.gender,u1_0.is_active,u1_0.name,u1_0.profile_image,u1_0.pwd,u1_0.role,u1_0.tell from tb_users u1_0 where u1_0.email=?
Hibernate: select u1_0.id,u1_0.email,u1_0.gender,u1_0.is_active,u1_0.name,u1_0.profile_image,u1_0.pwd,u1_0.role,u1_0.tell from tb_users u1_0 where u1_0.email=?
2026-09-15T11:59:05.156+07:00 DEBUG 21060 --- [vehicles_rental] [nio-8080-exec-9] org.hibernate.SQL                        : select o1_0.id,o1_0.expiry_time,o1_0.otp,u1_0.id,u1_0.email,u1_0.gender,u1_0.is_active,u1_0.name,u1_0.profile_image,u1_0.pwd,u1_0.role,u1_0.tell,o1_0.verified from otp o1_0 left join tb_users u1_0 on u1_0.id=o1_0.user_id where o1_0.user_id=?
Hibernate: select o1_0.id,o1_0.expiry_time,o1_0.otp,u1_0.id,u1_0.email,u1_0.gender,u1_0.is_active,u1_0.name,u1_0.profile_image,u1_0.pwd,u1_0.role,u1_0.tell,o1_0.verified from otp o1_0 left join tb_users u1_0 on u1_0.id=o1_0.user_id where o1_0.user_id=?
2026-09-15T11:59:05.158+07:00 DEBUG 21060 --- [vehicles_rental] [nio-8080-exec-9] o.s.web.servlet.DispatcherServlet        : GET "/api/payments/bakong/scan-status?reference=8b38c86a37d76c4ba03b0d4f6acb4b71&amount=0.8&currency=USD", parameters={masked}
2026-09-15T11:59:05.159+07:00 DEBUG 21060 --- [vehicles_rental] [nio-8080-exec-9] s.w.s.m.m.a.RequestMappingHandlerMapping : Mapped to org.example.vehicles_rental.controller.PaymentController#checkBakongScanPayment(String, BigDecimal, String)
2026-09-15T11:59:05.159+07:00 DEBUG 21060 --- [vehicles_rental] [nio-8080-exec-9] o.s.web.client.RestTemplate              : HTTP POST https://api-bakong.nbc.gov.kh/v1/check_transaction_by_md5
2026-09-15T11:59:05.160+07:00 DEBUG 21060 --- [vehicles_rental] [nio-8080-exec-9] o.s.web.client.RestTemplate              : Accept=[application/json, application/*+json]
2026-09-15T11:59:05.160+07:00 DEBUG 21060 --- [vehicles_rental] [nio-8080-exec-9] o.s.web.client.RestTemplate              : Writing [{md5=8b38c86a37d76c4ba03b0d4f6acb4b71}] as "application/json"
2026-09-15T11:59:05.359+07:00 DEBUG 21060 --- [vehicles_rental] [nio-8080-exec-9] o.s.web.client.RestTemplate              : Response 200 OK
2026-09-15T11:59:05.359+07:00 DEBUG 21060 --- [vehicles_rental] [nio-8080-exec-9] o.s.web.client.RestTemplate              : Reading to [java.util.Map<java.lang.String, java.lang.Object>]
2026-09-15T11:59:05.360+07:00 DEBUG 21060 --- [vehicles_rental] [nio-8080-exec-9] o.s.w.s.m.m.a.HttpEntityMethodProcessor  : Using 'application/json', given [application/json, text/plain, */*] and supported [application/json, application/*+json]
2026-09-15T11:59:05.360+07:00 DEBUG 21060 --- [vehicles_rental] [nio-8080-exec-9] o.s.w.s.m.m.a.HttpEntityMethodProcessor  : Writing [BakongPaymentResponse(paymentId=null, bookingId=null, amount=null, currency=null, transactionId=null (truncated)...]
2026-09-15T11:59:05.361+07:00 DEBUG 21060 --- [vehicles_rental] [nio-8080-exec-9] o.s.web.servlet.DispatcherServlet        : Completed 200 OK
2026-09-15T11:59:10.156+07:00 DEBUG 21060 --- [vehicles_rental] [nio-8080-exec-2] org.hibernate.SQL                        : select u1_0.id,u1_0.email,u1_0.gender,u1_0.is_active,u1_0.name,u1_0.profile_image,u1_0.pwd,u1_0.role,u1_0.tell from tb_users u1_0 where u1_0.email=?
Hibernate: select u1_0.id,u1_0.email,u1_0.gender,u1_0.is_active,u1_0.name,u1_0.profile_image,u1_0.pwd,u1_0.role,u1_0.tell from tb_users u1_0 where u1_0.email=?
2026-09-15T11:59:10.157+07:00 DEBUG 21060 --- [vehicles_rental] [nio-8080-exec-2] org.hibernate.SQL                        : select o1_0.id,o1_0.expiry_time,o1_0.otp,u1_0.id,u1_0.email,u1_0.gender,u1_0.is_active,u1_0.name,u1_0.profile_image,u1_0.pwd,u1_0.role,u1_0.tell,o1_0.verified from otp o1_0 left join tb_users u1_0 on u1_0.id=o1_0.user_id where o1_0.user_id=?
Hibernate: select o1_0.id,o1_0.expiry_time,o1_0.otp,u1_0.id,u1_0.email,u1_0.gender,u1_0.is_active,u1_0.name,u1_0.profile_image,u1_0.pwd,u1_0.role,u1_0.tell,o1_0.verified from otp o1_0 left join tb_users u1_0 on u1_0.id=o1_0.user_id where o1_0.user_id=?
2026-09-15T11:59:10.160+07:00 DEBUG 21060 --- [vehicles_rental] [nio-8080-exec-2] o.s.web.servlet.DispatcherServlet        : GET "/api/payments/bakong/scan-status?reference=8b38c86a37d76c4ba03b0d4f6acb4b71&amount=0.8&currency=USD", parameters={masked}
2026-09-15T11:59:10.160+07:00 DEBUG 21060 --- [vehicles_rental] [nio-8080-exec-2] s.w.s.m.m.a.RequestMappingHandlerMapping : Mapped to org.example.vehicles_rental.controller.PaymentController#checkBakongScanPayment(String, BigDecimal, String)
2026-09-15T11:59:10.161+07:00 DEBUG 21060 --- [vehicles_rental] [nio-8080-exec-2] o.s.web.client.RestTemplate              : HTTP POST https://api-bakong.nbc.gov.kh/v1/check_transaction_by_md5
2026-09-15T11:59:10.161+07:00 DEBUG 21060 --- [vehicles_rental] [nio-8080-exec-2] o.s.web.client.RestTemplate              : Accept=[application/json, application/*+json]
2026-09-15T11:59:10.161+07:00 DEBUG 21060 --- [vehicles_rental] [nio-8080-exec-2] o.s.web.client.RestTemplate              : Writing [{md5=8b38c86a37d76c4ba03b0d4f6acb4b71}] as "application/json"
2026-09-15T11:59:10.366+07:00 DEBUG 21060 --- [vehicles_rental] [nio-8080-exec-2] o.s.web.client.RestTemplate              : Response 200 OK
2026-09-15T11:59:10.366+07:00 DEBUG 21060 --- [vehicles_rental] [nio-8080-exec-2] o.s.web.client.RestTemplate              : Reading to [java.util.Map<java.lang.String, java.lang.Object>]
2026-09-15T11:59:10.367+07:00 DEBUG 21060 --- [vehicles_rental] [nio-8080-exec-2] o.s.w.s.m.m.a.HttpEntityMethodProcessor  : Using 'application/json', given [application/json, text/plain, */*] and supported [application/json, application/*+json]
2026-09-15T11:59:10.368+07:00 DEBUG 21060 --- [vehicles_rental] [nio-8080-exec-2] o.s.w.s.m.m.a.HttpEntityMethodProcessor  : Writing [BakongPaymentResponse(paymentId=null, bookingId=null, amount=null, currency=null, transactionId=null (truncated)...]
2026-09-15T11:59:10.369+07:00 DEBUG 21060 --- [vehicles_rental] [nio-8080-exec-2] o.s.web.servlet.DispatcherServlet        : Completed 200 OK
2026-09-15T11:59:15.155+07:00 DEBUG 21060 --- [vehicles_rental] [nio-8080-exec-1] org.hibernate.SQL                        : select u1_0.id,u1_0.email,u1_0.gender,u1_0.is_active,u1_0.name,u1_0.profile_image,u1_0.pwd,u1_0.role,u1_0.tell from tb_users u1_0 where u1_0.email=?
Hibernate: select u1_0.id,u1_0.email,u1_0.gender,u1_0.is_active,u1_0.name,u1_0.profile_image,u1_0.pwd,u1_0.role,u1_0.tell from tb_users u1_0 where u1_0.email=?
2026-09-15T11:59:15.156+07:00 DEBUG 21060 --- [vehicles_rental] [nio-8080-exec-1] org.hibernate.SQL                        : select o1_0.id,o1_0.expiry_time,o1_0.otp,u1_0.id,u1_0.email,u1_0.gender,u1_0.is_active,u1_0.name,u1_0.profile_image,u1_0.pwd,u1_0.role,u1_0.tell,o1_0.verified from otp o1_0 left join tb_users u1_0 on u1_0.id=o1_0.user_id where o1_0.user_id=?
Hibernate: select o1_0.id,o1_0.expiry_time,o1_0.otp,u1_0.id,u1_0.email,u1_0.gender,u1_0.is_active,u1_0.name,u1_0.profile_image,u1_0.pwd,u1_0.role,u1_0.tell,o1_0.verified from otp o1_0 left join tb_users u1_0 on u1_0.id=o1_0.user_id where o1_0.user_id=?
2026-09-15T11:59:15.158+07:00 DEBUG 21060 --- [vehicles_rental] [nio-8080-exec-1] o.s.web.servlet.DispatcherServlet        : GET "/api/payments/bakong/scan-status?reference=8b38c86a37d76c4ba03b0d4f6acb4b71&amount=0.8&currency=USD", parameters={masked}
2026-09-15T11:59:15.159+07:00 DEBUG 21060 --- [vehicles_rental] [nio-8080-exec-1] s.w.s.m.m.a.RequestMappingHandlerMapping : Mapped to org.example.vehicles_rental.controller.PaymentController#checkBakongScanPayment(String, BigDecimal, String)
2026-09-15T11:59:15.160+07:00 DEBUG 21060 --- [vehicles_rental] [nio-8080-exec-1] o.s.web.client.RestTemplate              : HTTP POST https://api-bakong.nbc.gov.kh/v1/check_transaction_by_md5
2026-09-15T11:59:15.160+07:00 DEBUG 21060 --- [vehicles_rental] [nio-8080-exec-1] o.s.web.client.RestTemplate              : Accept=[application/json, application/*+json]
2026-09-15T11:59:15.160+07:00 DEBUG 21060 --- [vehicles_rental] [nio-8080-exec-1] o.s.web.client.RestTemplate              : Writing [{md5=8b38c86a37d76c4ba03b0d4f6acb4b71}] as "application/json"
2026-09-15T11:59:15.358+07:00 DEBUG 21060 --- [vehicles_rental] [nio-8080-exec-1] o.s.web.client.RestTemplate              : Response 200 OK
2026-09-15T11:59:15.358+07:00 DEBUG 21060 --- [vehicles_rental] [nio-8080-exec-1] o.s.web.client.RestTemplate              : Reading to [java.util.Map<java.lang.String, java.lang.Object>]
2026-09-15T11:59:15.359+07:00 DEBUG 21060 --- [vehicles_rental] [nio-8080-exec-1] o.s.w.s.m.m.a.HttpEntityMethodProcessor  : Using 'application/json', given [application/json, text/plain, */*] and supported [application/json, application/*+json]
2026-09-15T11:59:15.359+07:00 DEBUG 21060 --- [vehicles_rental] [nio-8080-exec-1] o.s.w.s.m.m.a.HttpEntityMethodProcessor  : Writing [BakongPaymentResponse(paymentId=null, bookingId=null, amount=null, currency=null, transactionId=null (truncated)...]
2026-09-15T11:59:15.360+07:00 DEBUG 21060 --- [vehicles_rental] [nio-8080-exec-1] o.s.web.servlet.DispatcherServlet        : Completed 200 OK
2026-09-15T11:59:20.156+07:00 DEBUG 21060 --- [vehicles_rental] [nio-8080-exec-3] org.hibernate.SQL                        : select u1_0.id,u1_0.email,u1_0.gender,u1_0.is_active,u1_0.name,u1_0.profile_image,u1_0.pwd,u1_0.role,u1_0.tell from tb_users u1_0 where u1_0.email=?
Hibernate: select u1_0.id,u1_0.email,u1_0.gender,u1_0.is_active,u1_0.name,u1_0.profile_image,u1_0.pwd,u1_0.role,u1_0.tell from tb_users u1_0 where u1_0.email=?
2026-09-15T11:59:20.157+07:00 DEBUG 21060 --- [vehicles_rental] [nio-8080-exec-3] org.hibernate.SQL                        : select o1_0.id,o1_0.expiry_time,o1_0.otp,u1_0.id,u1_0.email,u1_0.gender,u1_0.is_active,u1_0.name,u1_0.profile_image,u1_0.pwd,u1_0.role,u1_0.tell,o1_0.verified from otp o1_0 left join tb_users u1_0 on u1_0.id=o1_0.user_id where o1_0.user_id=?
Hibernate: select o1_0.id,o1_0.expiry_time,o1_0.otp,u1_0.id,u1_0.email,u1_0.gender,u1_0.is_active,u1_0.name,u1_0.profile_image,u1_0.pwd,u1_0.role,u1_0.tell,o1_0.verified from otp o1_0 left join tb_users u1_0 on u1_0.id=o1_0.user_id where o1_0.user_id=?
2026-09-15T11:59:20.160+07:00 DEBUG 21060 --- [vehicles_rental] [nio-8080-exec-3] o.s.web.servlet.DispatcherServlet        : GET "/api/payments/bakong/scan-status?reference=8b38c86a37d76c4ba03b0d4f6acb4b71&amount=0.8&currency=USD", parameters={masked}
2026-09-15T11:59:20.160+07:00 DEBUG 21060 --- [vehicles_rental] [nio-8080-exec-3] s.w.s.m.m.a.RequestMappingHandlerMapping : Mapped to org.example.vehicles_rental.controller.PaymentController#checkBakongScanPayment(String, BigDecimal, String)
2026-09-15T11:59:20.161+07:00 DEBUG 21060 --- [vehicles_rental] [nio-8080-exec-3] o.s.web.client.RestTemplate              : HTTP POST https://api-bakong.nbc.gov.kh/v1/check_transaction_by_md5
2026-09-15T11:59:20.161+07:00 DEBUG 21060 --- [vehicles_rental] [nio-8080-exec-3] o.s.web.client.RestTemplate              : Accept=[application/json, application/*+json]
2026-09-15T11:59:20.162+07:00 DEBUG 21060 --- [vehicles_rental] [nio-8080-exec-3] o.s.web.client.RestTemplate              : Writing [{md5=8b38c86a37d76c4ba03b0d4f6acb4b71}] as "application/json"
2026-09-15T11:59:20.360+07:00 DEBUG 21060 --- [vehicles_rental] [nio-8080-exec-3] o.s.web.client.RestTemplate              : Response 200 OK
2026-09-15T11:59:20.361+07:00 DEBUG 21060 --- [vehicles_rental] [nio-8080-exec-3] o.s.web.client.RestTemplate              : Reading to [java.util.Map<java.lang.String, java.lang.Object>]
2026-09-15T11:59:20.362+07:00 DEBUG 21060 --- [vehicles_rental] [nio-8080-exec-3] o.s.w.s.m.m.a.HttpEntityMethodProcessor  : Using 'application/json', given [application/json, text/plain, */*] and supported [application/json, application/*+json]
2026-09-15T11:59:20.362+07:00 DEBUG 21060 --- [vehicles_rental] [nio-8080-exec-3] o.s.w.s.m.m.a.HttpEntityMethodProcessor  : Writing [BakongPaymentResponse(paymentId=null, bookingId=null, amount=null, currency=null, transactionId=null (truncated)...]
2026-09-15T11:59:20.363+07:00 DEBUG 21060 --- [vehicles_rental] [nio-8080-exec-3] o.s.web.servlet.DispatcherServlet        : Completed 200 OK
2026-09-15T11:59:25.157+07:00 DEBUG 21060 --- [vehicles_rental] [nio-8080-exec-4] org.hibernate.SQL                        : select u1_0.id,u1_0.email,u1_0.gender,u1_0.is_active,u1_0.name,u1_0.profile_image,u1_0.pwd,u1_0.role,u1_0.tell from tb_users u1_0 where u1_0.email=?
Hibernate: select u1_0.id,u1_0.email,u1_0.gender,u1_0.is_active,u1_0.name,u1_0.profile_image,u1_0.pwd,u1_0.role,u1_0.tell from tb_users u1_0 where u1_0.email=?
2026-09-15T11:59:25.158+07:00 DEBUG 21060 --- [vehicles_rental] [nio-8080-exec-4] org.hibernate.SQL                        : select o1_0.id,o1_0.expiry_time,o1_0.otp,u1_0.id,u1_0.email,u1_0.gender,u1_0.is_active,u1_0.name,u1_0.profile_image,u1_0.pwd,u1_0.role,u1_0.tell,o1_0.verified from otp o1_0 left join tb_users u1_0 on u1_0.id=o1_0.user_id where o1_0.user_id=?
Hibernate: select o1_0.id,o1_0.expiry_time,o1_0.otp,u1_0.id,u1_0.email,u1_0.gender,u1_0.is_active,u1_0.name,u1_0.profile_image,u1_0.pwd,u1_0.role,u1_0.tell,o1_0.verified from otp o1_0 left join tb_users u1_0 on u1_0.id=o1_0.user_id where o1_0.user_id=?
2026-09-15T11:59:25.161+07:00 DEBUG 21060 --- [vehicles_rental] [nio-8080-exec-4] o.s.web.servlet.DispatcherServlet        : GET "/api/payments/bakong/scan-status?reference=8b38c86a37d76c4ba03b0d4f6acb4b71&amount=0.8&currency=USD", parameters={masked}
2026-09-15T11:59:25.162+07:00 DEBUG 21060 --- [vehicles_rental] [nio-8080-exec-4] s.w.s.m.m.a.RequestMappingHandlerMapping : Mapped to org.example.vehicles_rental.controller.PaymentController#checkBakongScanPayment(String, BigDecimal, String)
2026-09-15T11:59:25.162+07:00 DEBUG 21060 --- [vehicles_rental] [nio-8080-exec-4] o.s.web.client.RestTemplate              : HTTP POST https://api-bakong.nbc.gov.kh/v1/check_transaction_by_md5
2026-09-15T11:59:25.163+07:00 DEBUG 21060 --- [vehicles_rental] [nio-8080-exec-4] o.s.web.client.RestTemplate              : Accept=[application/json, application/*+json]
2026-09-15T11:59:25.163+07:00 DEBUG 21060 --- [vehicles_rental] [nio-8080-exec-4] o.s.web.client.RestTemplate              : Writing [{md5=8b38c86a37d76c4ba03b0d4f6acb4b71}] as "application/json"
2026-09-15T11:59:25.369+07:00 DEBUG 21060 --- [vehicles_rental] [nio-8080-exec-4] o.s.web.client.RestTemplate              : Response 200 OK
2026-09-15T11:59:25.369+07:00 DEBUG 21060 --- [vehicles_rental] [nio-8080-exec-4] o.s.web.client.RestTemplate              : Reading to [java.util.Map<java.lang.String, java.lang.Object>]
2026-09-15T11:59:25.370+07:00 DEBUG 21060 --- [vehicles_rental] [nio-8080-exec-4] o.s.w.s.m.m.a.HttpEntityMethodProcessor  : Using 'application/json', given [application/json, text/plain, */*] and supported [application/json, application/*+json]
2026-09-15T11:59:25.370+07:00 DEBUG 21060 --- [vehicles_rental] [nio-8080-exec-4] o.s.w.s.m.m.a.HttpEntityMethodProcessor  : Writing [BakongPaymentResponse(paymentId=null, bookingId=null, amount=null, currency=null, transactionId=null (truncated)...]
2026-09-15T11:59:25.372+07:00 DEBUG 21060 --- [vehicles_rental] [nio-8080-exec-4] o.s.web.servlet.DispatcherServlet        : Completed 200 OK
2026-09-15T11:59:30.370+07:00 DEBUG 21060 --- [vehicles_rental] [nio-8080-exec-5] org.hibernate.SQL                        : select u1_0.id,u1_0.email,u1_0.gender,u1_0.is_active,u1_0.name,u1_0.profile_image,u1_0.pwd,u1_0.role,u1_0.tell from tb_users u1_0 where u1_0.email=?
Hibernate: select u1_0.id,u1_0.email,u1_0.gender,u1_0.is_active,u1_0.name,u1_0.profile_image,u1_0.pwd,u1_0.role,u1_0.tell from tb_users u1_0 where u1_0.email=?
2026-09-15T11:59:30.372+07:00 DEBUG 21060 --- [vehicles_rental] [nio-8080-exec-5] org.hibernate.SQL                        : select o1_0.id,o1_0.expiry_time,o1_0.otp,u1_0.id,u1_0.email,u1_0.gender,u1_0.is_active,u1_0.name,u1_0.profile_image,u1_0.pwd,u1_0.role,u1_0.tell,o1_0.verified from otp o1_0 left join tb_users u1_0 on u1_0.id=o1_0.user_id where o1_0.user_id=?
Hibernate: select o1_0.id,o1_0.expiry_time,o1_0.otp,u1_0.id,u1_0.email,u1_0.gender,u1_0.is_active,u1_0.name,u1_0.profile_image,u1_0.pwd,u1_0.role,u1_0.tell,o1_0.verified from otp o1_0 left join tb_users u1_0 on u1_0.id=o1_0.user_id where o1_0.user_id=?
2026-09-15T11:59:30.375+07:00 DEBUG 21060 --- [vehicles_rental] [nio-8080-exec-5] o.s.web.servlet.DispatcherServlet        : GET "/api/payments/bakong/scan-status?reference=8b38c86a37d76c4ba03b0d4f6acb4b71&amount=0.8&currency=USD", parameters={masked}
2026-09-15T11:59:30.375+07:00 DEBUG 21060 --- [vehicles_rental] [nio-8080-exec-5] s.w.s.m.m.a.RequestMappingHandlerMapping : Mapped to org.example.vehicles_rental.controller.PaymentController#checkBakongScanPayment(String, BigDecimal, String)
2026-09-15T11:59:30.376+07:00 DEBUG 21060 --- [vehicles_rental] [nio-8080-exec-5] o.s.web.client.RestTemplate              : HTTP POST https://api-bakong.nbc.gov.kh/v1/check_transaction_by_md5
2026-09-15T11:59:30.376+07:00 DEBUG 21060 --- [vehicles_rental] [nio-8080-exec-5] o.s.web.client.RestTemplate              : Accept=[application/json, application/*+json]
2026-09-15T11:59:30.376+07:00 DEBUG 21060 --- [vehicles_rental] [nio-8080-exec-5] o.s.web.client.RestTemplate              : Writing [{md5=8b38c86a37d76c4ba03b0d4f6acb4b71}] as "application/json"
2026-09-15T11:59:30.793+07:00 DEBUG 21060 --- [vehicles_rental] [nio-8080-exec-5] o.s.web.client.RestTemplate              : Response 200 OK
2026-09-15T11:59:30.793+07:00 DEBUG 21060 --- [vehicles_rental] [nio-8080-exec-5] o.s.web.client.RestTemplate              : Reading to [java.util.Map<java.lang.String, java.lang.Object>]
2026-09-15T11:59:30.793+07:00 DEBUG 21060 --- [vehicles_rental] [nio-8080-exec-5] o.s.w.s.m.m.a.HttpEntityMethodProcessor  : Using 'application/json', given [application/json, text/plain, */*] and supported [application/json, application/*+json]
2026-09-15T11:59:30.793+07:00 DEBUG 21060 --- [vehicles_rental] [nio-8080-exec-5] o.s.w.s.m.m.a.HttpEntityMethodProcessor  : Writing [BakongPaymentResponse(paymentId=null, bookingId=null, amount=null, currency=null, transactionId=null (truncated)...]
2026-09-15T11:59:30.793+07:00 DEBUG 21060 --- [vehicles_rental] [nio-8080-exec-5] o.s.web.servlet.DispatcherServlet        : Completed 200 OK
2026-09-15T11:59:35.155+07:00 DEBUG 21060 --- [vehicles_rental] [nio-8080-exec-6] org.hibernate.SQL                        : select u1_0.id,u1_0.email,u1_0.gender,u1_0.is_active,u1_0.name,u1_0.profile_image,u1_0.pwd,u1_0.role,u1_0.tell from tb_users u1_0 where u1_0.email=?
Hibernate: select u1_0.id,u1_0.email,u1_0.gender,u1_0.is_active,u1_0.name,u1_0.profile_image,u1_0.pwd,u1_0.role,u1_0.tell from tb_users u1_0 where u1_0.email=?
2026-09-15T11:59:35.156+07:00 DEBUG 21060 --- [vehicles_rental] [nio-8080-exec-6] org.hibernate.SQL                        : select o1_0.id,o1_0.expiry_time,o1_0.otp,u1_0.id,u1_0.email,u1_0.gender,u1_0.is_active,u1_0.name,u1_0.profile_image,u1_0.pwd,u1_0.role,u1_0.tell,o1_0.verified from otp o1_0 left join tb_users u1_0 on u1_0.id=o1_0.user_id where o1_0.user_id=?
Hibernate: select o1_0.id,o1_0.expiry_time,o1_0.otp,u1_0.id,u1_0.email,u1_0.gender,u1_0.is_active,u1_0.name,u1_0.profile_image,u1_0.pwd,u1_0.role,u1_0.tell,o1_0.verified from otp o1_0 left join tb_users u1_0 on u1_0.id=o1_0.user_id where o1_0.user_id=?
2026-09-15T11:59:35.159+07:00 DEBUG 21060 --- [vehicles_rental] [nio-8080-exec-6] o.s.web.servlet.DispatcherServlet        : GET "/api/payments/bakong/scan-status?reference=8b38c86a37d76c4ba03b0d4f6acb4b71&amount=0.8&currency=USD", parameters={masked}
2026-09-15T11:59:35.160+07:00 DEBUG 21060 --- [vehicles_rental] [nio-8080-exec-6] s.w.s.m.m.a.RequestMappingHandlerMapping : Mapped to org.example.vehicles_rental.controller.PaymentController#checkBakongScanPayment(String, BigDecimal, String)
2026-09-15T11:59:35.160+07:00 DEBUG 21060 --- [vehicles_rental] [nio-8080-exec-6] o.s.web.client.RestTemplate              : HTTP POST https://api-bakong.nbc.gov.kh/v1/check_transaction_by_md5
2026-09-15T11:59:35.161+07:00 DEBUG 21060 --- [vehicles_rental] [nio-8080-exec-6] o.s.web.client.RestTemplate              : Accept=[application/json, application/*+json]
2026-09-15T11:59:35.161+07:00 DEBUG 21060 --- [vehicles_rental] [nio-8080-exec-6] o.s.web.client.RestTemplate              : Writing [{md5=8b38c86a37d76c4ba03b0d4f6acb4b71}] as "application/json"
2026-09-15T11:59:35.364+07:00 DEBUG 21060 --- [vehicles_rental] [nio-8080-exec-6] o.s.web.client.RestTemplate              : Response 200 OK
2026-09-15T11:59:35.364+07:00 DEBUG 21060 --- [vehicles_rental] [nio-8080-exec-6] o.s.web.client.RestTemplate              : Reading to [java.util.Map<java.lang.String, java.lang.Object>]
2026-09-15T11:59:35.365+07:00 DEBUG 21060 --- [vehicles_rental] [nio-8080-exec-6] o.s.w.s.m.m.a.HttpEntityMethodProcessor  : Using 'application/json', given [application/json, text/plain, */*] and supported [application/json, application/*+json]
2026-09-15T11:59:35.365+07:00 DEBUG 21060 --- [vehicles_rental] [nio-8080-exec-6] o.s.w.s.m.m.a.HttpEntityMethodProcessor  : Writing [BakongPaymentResponse(paymentId=null, bookingId=null, amount=null, currency=null, transactionId=null (truncated)...]
2026-09-15T11:59:35.366+07:00 DEBUG 21060 --- [vehicles_rental] [nio-8080-exec-6] o.s.web.servlet.DispatcherServlet        : Completed 200 OK
2026-09-15T11:59:38.192+07:00 DEBUG 21060 --- [vehicles_rental] [nio-8080-exec-7] org.hibernate.SQL                        : select u1_0.id,u1_0.email,u1_0.gender,u1_0.is_active,u1_0.name,u1_0.profile_image,u1_0.pwd,u1_0.role,u1_0.tell from tb_users u1_0 where u1_0.email=?
Hibernate: select u1_0.id,u1_0.email,u1_0.gender,u1_0.is_active,u1_0.name,u1_0.profile_image,u1_0.pwd,u1_0.role,u1_0.tell from tb_users u1_0 where u1_0.email=?
2026-09-15T11:59:38.193+07:00 DEBUG 21060 --- [vehicles_rental] [nio-8080-exec-7] org.hibernate.SQL                        : select o1_0.id,o1_0.expiry_time,o1_0.otp,u1_0.id,u1_0.email,u1_0.gender,u1_0.is_active,u1_0.name,u1_0.profile_image,u1_0.pwd,u1_0.role,u1_0.tell,o1_0.verified from otp o1_0 left join tb_users u1_0 on u1_0.id=o1_0.user_id where o1_0.user_id=?
Hibernate: select o1_0.id,o1_0.expiry_time,o1_0.otp,u1_0.id,u1_0.email,u1_0.gender,u1_0.is_active,u1_0.name,u1_0.profile_image,u1_0.pwd,u1_0.role,u1_0.tell,o1_0.verified from otp o1_0 left join tb_users u1_0 on u1_0.id=o1_0.user_id where o1_0.user_id=?
2026-09-15T11:59:38.197+07:00 DEBUG 21060 --- [vehicles_rental] [nio-8080-exec-7] o.s.web.servlet.DispatcherServlet        : POST "/api/payments/bakong/scan-qr", parameters={}
2026-09-15T11:59:38.198+07:00 DEBUG 21060 --- [vehicles_rental] [nio-8080-exec-7] s.w.s.m.m.a.RequestMappingHandlerMapping : Mapped to org.example.vehicles_rental.controller.PaymentController#createBakongScanQr(CreatePaymentRequest)
2026-09-15T11:59:38.198+07:00 DEBUG 21060 --- [vehicles_rental] [nio-8080-exec-7] m.m.a.RequestResponseBodyMethodProcessor : Read "application/json;charset=UTF-8" to [CreatePaymentRequest(bookingId=13, paymentMethodId=null, amount=0.8, currency=USD)]
2026-09-15T11:59:38.202+07:00 DEBUG 21060 --- [vehicles_rental] [nio-8080-exec-7] o.s.w.s.m.m.a.HttpEntityMethodProcessor  : Using 'application/json', given [application/json, text/plain, */*] and supported [application/json, application/*+json]
2026-09-15T11:59:38.203+07:00 DEBUG 21060 --- [vehicles_rental] [nio-8080-exec-7] o.s.w.s.m.m.a.HttpEntityMethodProcessor  : Writing [BakongPaymentResponse(paymentId=null, bookingId=13, amount=0.8, currency=USD, transactionId=BOOK-13, (truncated)...]
2026-09-15T11:59:38.205+07:00 DEBUG 21060 --- [vehicles_rental] [nio-8080-exec-7] o.s.web.servlet.DispatcherServlet        : Completed 200 OK
2026-09-15T11:59:38.251+07:00 DEBUG 21060 --- [vehicles_rental] [io-8080-exec-10] org.hibernate.SQL                        : select u1_0.id,u1_0.email,u1_0.gender,u1_0.is_active,u1_0.name,u1_0.profile_image,u1_0.pwd,u1_0.role,u1_0.tell from tb_users u1_0 where u1_0.email=?
Hibernate: select u1_0.id,u1_0.email,u1_0.gender,u1_0.is_active,u1_0.name,u1_0.profile_image,u1_0.pwd,u1_0.role,u1_0.tell from tb_users u1_0 where u1_0.email=?
2026-09-15T11:59:38.253+07:00 DEBUG 21060 --- [vehicles_rental] [io-8080-exec-10] org.hibernate.SQL                        : select o1_0.id,o1_0.expiry_time,o1_0.otp,u1_0.id,u1_0.email,u1_0.gender,u1_0.is_active,u1_0.name,u1_0.profile_image,u1_0.pwd,u1_0.role,u1_0.tell,o1_0.verified from otp o1_0 left join tb_users u1_0 on u1_0.id=o1_0.user_id where o1_0.user_id=?
Hibernate: select o1_0.id,o1_0.expiry_time,o1_0.otp,u1_0.id,u1_0.email,u1_0.gender,u1_0.is_active,u1_0.name,u1_0.profile_image,u1_0.pwd,u1_0.role,u1_0.tell,o1_0.verified from otp o1_0 left join tb_users u1_0 on u1_0.id=o1_0.user_id where o1_0.user_id=?
2026-09-15T11:59:38.256+07:00 DEBUG 21060 --- [vehicles_rental] [io-8080-exec-10] o.s.web.servlet.DispatcherServlet        : GET "/api/payments/bakong/scan-status?reference=8fe63478a25cd17d490d06c569d5f9ca&amount=0.8&currency=USD", parameters={masked}
2026-09-15T11:59:38.256+07:00 DEBUG 21060 --- [vehicles_rental] [io-8080-exec-10] s.w.s.m.m.a.RequestMappingHandlerMapping : Mapped to org.example.vehicles_rental.controller.PaymentController#checkBakongScanPayment(String, BigDecimal, String)
2026-09-15T11:59:38.257+07:00 DEBUG 21060 --- [vehicles_rental] [io-8080-exec-10] o.s.web.client.RestTemplate              : HTTP POST https://api-bakong.nbc.gov.kh/v1/check_transaction_by_md5
2026-09-15T11:59:38.257+07:00 DEBUG 21060 --- [vehicles_rental] [io-8080-exec-10] o.s.web.client.RestTemplate              : Accept=[application/json, application/*+json]
2026-09-15T11:59:38.258+07:00 DEBUG 21060 --- [vehicles_rental] [io-8080-exec-10] o.s.web.client.RestTemplate              : Writing [{md5=8fe63478a25cd17d490d06c569d5f9ca}] as "application/json"
2026-09-15T11:59:38.465+07:00 DEBUG 21060 --- [vehicles_rental] [io-8080-exec-10] o.s.web.client.RestTemplate              : Response 200 OK
2026-09-15T11:59:38.465+07:00 DEBUG 21060 --- [vehicles_rental] [io-8080-exec-10] o.s.web.client.RestTemplate              : Reading to [java.util.Map<java.lang.String, java.lang.Object>]
2026-09-15T11:59:38.465+07:00 DEBUG 21060 --- [vehicles_rental] [io-8080-exec-10] o.s.w.s.m.m.a.HttpEntityMethodProcessor  : Using 'application/json', given [application/json, text/plain, */*] and supported [application/json, application/*+json]
2026-09-15T11:59:38.465+07:00 DEBUG 21060 --- [vehicles_rental] [io-8080-exec-10] o.s.w.s.m.m.a.HttpEntityMethodProcessor  : Writing [BakongPaymentResponse(paymentId=null, bookingId=null, amount=null, currency=null, transactionId=null (truncated)...]
2026-09-15T11:59:38.466+07:00 DEBUG 21060 --- [vehicles_rental] [io-8080-exec-10] o.s.web.servlet.DispatcherServlet        : Completed 200 OK
2026-09-15T11:59:43.245+07:00 DEBUG 21060 --- [vehicles_rental] [nio-8080-exec-9] org.hibernate.SQL                        : select u1_0.id,u1_0.email,u1_0.gender,u1_0.is_active,u1_0.name,u1_0.profile_image,u1_0.pwd,u1_0.role,u1_0.tell from tb_users u1_0 where u1_0.email=?
Hibernate: select u1_0.id,u1_0.email,u1_0.gender,u1_0.is_active,u1_0.name,u1_0.profile_image,u1_0.pwd,u1_0.role,u1_0.tell from tb_users u1_0 where u1_0.email=?
2026-09-15T11:59:43.247+07:00 DEBUG 21060 --- [vehicles_rental] [nio-8080-exec-9] org.hibernate.SQL                        : select o1_0.id,o1_0.expiry_time,o1_0.otp,u1_0.id,u1_0.email,u1_0.gender,u1_0.is_active,u1_0.name,u1_0.profile_image,u1_0.pwd,u1_0.role,u1_0.tell,o1_0.verified from otp o1_0 left join tb_users u1_0 on u1_0.id=o1_0.user_id where o1_0.user_id=?
Hibernate: select o1_0.id,o1_0.expiry_time,o1_0.otp,u1_0.id,u1_0.email,u1_0.gender,u1_0.is_active,u1_0.name,u1_0.profile_image,u1_0.pwd,u1_0.role,u1_0.tell,o1_0.verified from otp o1_0 left join tb_users u1_0 on u1_0.id=o1_0.user_id where o1_0.user_id=?
2026-09-15T11:59:43.249+07:00 DEBUG 21060 --- [vehicles_rental] [nio-8080-exec-9] o.s.web.servlet.DispatcherServlet        : GET "/api/payments/bakong/scan-status?reference=8fe63478a25cd17d490d06c569d5f9ca&amount=0.8&currency=USD", parameters={masked}
2026-09-15T11:59:43.249+07:00 DEBUG 21060 --- [vehicles_rental] [nio-8080-exec-9] s.w.s.m.m.a.RequestMappingHandlerMapping : Mapped to org.example.vehicles_rental.controller.PaymentController#checkBakongScanPayment(String, BigDecimal, String)
2026-09-15T11:59:43.250+07:00 DEBUG 21060 --- [vehicles_rental] [nio-8080-exec-9] o.s.web.client.RestTemplate              : HTTP POST https://api-bakong.nbc.gov.kh/v1/check_transaction_by_md5
2026-09-15T11:59:43.250+07:00 DEBUG 21060 --- [vehicles_rental] [nio-8080-exec-9] o.s.web.client.RestTemplate              : Accept=[application/json, application/*+json]
2026-09-15T11:59:43.250+07:00 DEBUG 21060 --- [vehicles_rental] [nio-8080-exec-9] o.s.web.client.RestTemplate              : Writing [{md5=8fe63478a25cd17d490d06c569d5f9ca}] as "application/json"
2026-09-15T11:59:43.455+07:00 DEBUG 21060 --- [vehicles_rental] [nio-8080-exec-9] o.s.web.client.RestTemplate              : Response 200 OK
2026-09-15T11:59:43.455+07:00 DEBUG 21060 --- [vehicles_rental] [nio-8080-exec-9] o.s.web.client.RestTemplate              : Reading to [java.util.Map<java.lang.String, java.lang.Object>]
2026-09-15T11:59:43.456+07:00 DEBUG 21060 --- [vehicles_rental] [nio-8080-exec-9] o.s.w.s.m.m.a.HttpEntityMethodProcessor  : Using 'application/json', given [application/json, text/plain, */*] and supported [application/json, application/*+json]
2026-09-15T11:59:43.456+07:00 DEBUG 21060 --- [vehicles_rental] [nio-8080-exec-9] o.s.w.s.m.m.a.HttpEntityMethodProcessor  : Writing [BakongPaymentResponse(paymentId=null, bookingId=null, amount=null, currency=null, transactionId=null (truncated)...]
2026-09-15T11:59:43.457+07:00 DEBUG 21060 --- [vehicles_rental] [nio-8080-exec-9] o.s.web.servlet.DispatcherServlet        : Completed 200 OK
2026-09-15T11:59:48.246+07:00 DEBUG 21060 --- [vehicles_rental] [nio-8080-exec-2] org.hibernate.SQL                        : select u1_0.id,u1_0.email,u1_0.gender,u1_0.is_active,u1_0.name,u1_0.profile_image,u1_0.pwd,u1_0.role,u1_0.tell from tb_users u1_0 where u1_0.email=?
Hibernate: select u1_0.id,u1_0.email,u1_0.gender,u1_0.is_active,u1_0.name,u1_0.profile_image,u1_0.pwd,u1_0.role,u1_0.tell from tb_users u1_0 where u1_0.email=?
2026-09-15T11:59:48.247+07:00 DEBUG 21060 --- [vehicles_rental] [nio-8080-exec-2] org.hibernate.SQL                        : select o1_0.id,o1_0.expiry_time,o1_0.otp,u1_0.id,u1_0.email,u1_0.gender,u1_0.is_active,u1_0.name,u1_0.profile_image,u1_0.pwd,u1_0.role,u1_0.tell,o1_0.verified from otp o1_0 left join tb_users u1_0 on u1_0.id=o1_0.user_id where o1_0.user_id=?
Hibernate: select o1_0.id,o1_0.expiry_time,o1_0.otp,u1_0.id,u1_0.email,u1_0.gender,u1_0.is_active,u1_0.name,u1_0.profile_image,u1_0.pwd,u1_0.role,u1_0.tell,o1_0.verified from otp o1_0 left join tb_users u1_0 on u1_0.id=o1_0.user_id where o1_0.user_id=?
2026-09-15T11:59:48.250+07:00 DEBUG 21060 --- [vehicles_rental] [nio-8080-exec-2] o.s.web.servlet.DispatcherServlet        : GET "/api/payments/bakong/scan-status?reference=8fe63478a25cd17d490d06c569d5f9ca&amount=0.8&currency=USD", parameters={masked}
2026-09-15T11:59:48.250+07:00 DEBUG 21060 --- [vehicles_rental] [nio-8080-exec-2] s.w.s.m.m.a.RequestMappingHandlerMapping : Mapped to org.example.vehicles_rental.controller.PaymentController#checkBakongScanPayment(String, BigDecimal, String)
2026-09-15T11:59:48.251+07:00 DEBUG 21060 --- [vehicles_rental] [nio-8080-exec-2] o.s.web.client.RestTemplate              : HTTP POST https://api-bakong.nbc.gov.kh/v1/check_transaction_by_md5
2026-09-15T11:59:48.251+07:00 DEBUG 21060 --- [vehicles_rental] [nio-8080-exec-2] o.s.web.client.RestTemplate              : Accept=[application/json, application/*+json]
2026-09-15T11:59:48.251+07:00 DEBUG 21060 --- [vehicles_rental] [nio-8080-exec-2] o.s.web.client.RestTemplate              : Writing [{md5=8fe63478a25cd17d490d06c569d5f9ca}] as "application/json"
2026-09-15T11:59:48.457+07:00 DEBUG 21060 --- [vehicles_rental] [nio-8080-exec-2] o.s.web.client.RestTemplate              : Response 200 OK
2026-09-15T11:59:48.457+07:00 DEBUG 21060 --- [vehicles_rental] [nio-8080-exec-2] o.s.web.client.RestTemplate              : Reading to [java.util.Map<java.lang.String, java.lang.Object>]
2026-09-15T11:59:48.458+07:00 DEBUG 21060 --- [vehicles_rental] [nio-8080-exec-2] o.s.w.s.m.m.a.HttpEntityMethodProcessor  : Using 'application/json', given [application/json, text/plain, */*] and supported [application/json, application/*+json]
2026-09-15T11:59:48.458+07:00 DEBUG 21060 --- [vehicles_rental] [nio-8080-exec-2] o.s.w.s.m.m.a.HttpEntityMethodProcessor  : Writing [BakongPaymentResponse(paymentId=null, bookingId=null, amount=null, currency=null, transactionId=null (truncated)...]
2026-09-15T11:59:48.459+07:00 DEBUG 21060 --- [vehicles_rental] [nio-8080-exec-2] o.s.web.servlet.DispatcherServlet        : Completed 200 OK
2026-09-15T11:59:53.247+07:00 DEBUG 21060 --- [vehicles_rental] [nio-8080-exec-1] org.hibernate.SQL                        : select u1_0.id,u1_0.email,u1_0.gender,u1_0.is_active,u1_0.name,u1_0.profile_image,u1_0.pwd,u1_0.role,u1_0.tell from tb_users u1_0 where u1_0.email=?
Hibernate: select u1_0.id,u1_0.email,u1_0.gender,u1_0.is_active,u1_0.name,u1_0.profile_image,u1_0.pwd,u1_0.role,u1_0.tell from tb_users u1_0 where u1_0.email=?
2026-09-15T11:59:53.248+07:00 DEBUG 21060 --- [vehicles_rental] [nio-8080-exec-1] org.hibernate.SQL                        : select o1_0.id,o1_0.expiry_time,o1_0.otp,u1_0.id,u1_0.email,u1_0.gender,u1_0.is_active,u1_0.name,u1_0.profile_image,u1_0.pwd,u1_0.role,u1_0.tell,o1_0.verified from otp o1_0 left join tb_users u1_0 on u1_0.id=o1_0.user_id where o1_0.user_id=?
Hibernate: select o1_0.id,o1_0.expiry_time,o1_0.otp,u1_0.id,u1_0.email,u1_0.gender,u1_0.is_active,u1_0.name,u1_0.profile_image,u1_0.pwd,u1_0.role,u1_0.tell,o1_0.verified from otp o1_0 left join tb_users u1_0 on u1_0.id=o1_0.user_id where o1_0.user_id=?
2026-09-15T11:59:53.251+07:00 DEBUG 21060 --- [vehicles_rental] [nio-8080-exec-1] o.s.web.servlet.DispatcherServlet        : GET "/api/payments/bakong/scan-status?reference=8fe63478a25cd17d490d06c569d5f9ca&amount=0.8&currency=USD", parameters={masked}
2026-09-15T11:59:53.251+07:00 DEBUG 21060 --- [vehicles_rental] [nio-8080-exec-1] s.w.s.m.m.a.RequestMappingHandlerMapping : Mapped to org.example.vehicles_rental.controller.PaymentController#checkBakongScanPayment(String, BigDecimal, String)
2026-09-15T11:59:53.252+07:00 DEBUG 21060 --- [vehicles_rental] [nio-8080-exec-1] o.s.web.client.RestTemplate              : HTTP POST https://api-bakong.nbc.gov.kh/v1/check_transaction_by_md5
2026-09-15T11:59:53.252+07:00 DEBUG 21060 --- [vehicles_rental] [nio-8080-exec-1] o.s.web.client.RestTemplate              : Accept=[application/json, application/*+json]
2026-09-15T11:59:53.252+07:00 DEBUG 21060 --- [vehicles_rental] [nio-8080-exec-1] o.s.web.client.RestTemplate              : Writing [{md5=8fe63478a25cd17d490d06c569d5f9ca}] as "application/json"
2026-09-15T11:59:53.454+07:00 DEBUG 21060 --- [vehicles_rental] [nio-8080-exec-1] o.s.web.client.RestTemplate              : Response 200 OK
2026-09-15T11:59:53.454+07:00 DEBUG 21060 --- [vehicles_rental] [nio-8080-exec-1] o.s.web.client.RestTemplate              : Reading to [java.util.Map<java.lang.String, java.lang.Object>]
2026-09-15T11:59:53.454+07:00 DEBUG 21060 --- [vehicles_rental] [nio-8080-exec-1] o.s.w.s.m.m.a.HttpEntityMethodProcessor  : Using 'application/json', given [application/json, text/plain, */*] and supported [application/json, application/*+json]
2026-09-15T11:59:53.455+07:00 DEBUG 21060 --- [vehicles_rental] [nio-8080-exec-1] o.s.w.s.m.m.a.HttpEntityMethodProcessor  : Writing [BakongPaymentResponse(paymentId=null, bookingId=null, amount=null, currency=null, transactionId=null (truncated)...]
2026-09-15T11:59:53.455+07:00 DEBUG 21060 --- [vehicles_rental] [nio-8080-exec-1] o.s.web.servlet.DispatcherServlet        : Completed 200 OK
2026-09-15T11:59:58.247+07:00 DEBUG 21060 --- [vehicles_rental] [nio-8080-exec-3] org.hibernate.SQL                        : select u1_0.id,u1_0.email,u1_0.gender,u1_0.is_active,u1_0.name,u1_0.profile_image,u1_0.pwd,u1_0.role,u1_0.tell from tb_users u1_0 where u1_0.email=?
Hibernate: select u1_0.id,u1_0.email,u1_0.gender,u1_0.is_active,u1_0.name,u1_0.profile_image,u1_0.pwd,u1_0.role,u1_0.tell from tb_users u1_0 where u1_0.email=?
2026-09-15T11:59:58.247+07:00 DEBUG 21060 --- [vehicles_rental] [nio-8080-exec-3] org.hibernate.SQL                        : select o1_0.id,o1_0.expiry_time,o1_0.otp,u1_0.id,u1_0.email,u1_0.gender,u1_0.is_active,u1_0.name,u1_0.profile_image,u1_0.pwd,u1_0.role,u1_0.tell,o1_0.verified from otp o1_0 left join tb_users u1_0 on u1_0.id=o1_0.user_id where o1_0.user_id=?
Hibernate: select o1_0.id,o1_0.expiry_time,o1_0.otp,u1_0.id,u1_0.email,u1_0.gender,u1_0.is_active,u1_0.name,u1_0.profile_image,u1_0.pwd,u1_0.role,u1_0.tell,o1_0.verified from otp o1_0 left join tb_users u1_0 on u1_0.id=o1_0.user_id where o1_0.user_id=?
2026-09-15T11:59:58.250+07:00 DEBUG 21060 --- [vehicles_rental] [nio-8080-exec-3] o.s.web.servlet.DispatcherServlet        : GET "/api/payments/bakong/scan-status?reference=8fe63478a25cd17d490d06c569d5f9ca&amount=0.8&currency=USD", parameters={masked}
2026-09-15T11:59:58.250+07:00 DEBUG 21060 --- [vehicles_rental] [nio-8080-exec-3] s.w.s.m.m.a.RequestMappingHandlerMapping : Mapped to org.example.vehicles_rental.controller.PaymentController#checkBakongScanPayment(String, BigDecimal, String)
2026-09-15T11:59:58.251+07:00 DEBUG 21060 --- [vehicles_rental] [nio-8080-exec-3] o.s.web.client.RestTemplate              : HTTP POST https://api-bakong.nbc.gov.kh/v1/check_transaction_by_md5
2026-09-15T11:59:58.252+07:00 DEBUG 21060 --- [vehicles_rental] [nio-8080-exec-3] o.s.web.client.RestTemplate              : Accept=[application/json, application/*+json]
2026-09-15T11:59:58.252+07:00 DEBUG 21060 --- [vehicles_rental] [nio-8080-exec-3] o.s.web.client.RestTemplate              : Writing [{md5=8fe63478a25cd17d490d06c569d5f9ca}] as "application/json"
2026-09-15T11:59:58.461+07:00 DEBUG 21060 --- [vehicles_rental] [nio-8080-exec-3] o.s.web.client.RestTemplate              : Response 200 OK
2026-09-15T11:59:58.462+07:00 DEBUG 21060 --- [vehicles_rental] [nio-8080-exec-3] o.s.web.client.RestTemplate              : Reading to [java.util.Map<java.lang.String, java.lang.Object>]
2026-09-15T11:59:58.464+07:00 DEBUG 21060 --- [vehicles_rental] [nio-8080-exec-3] o.s.w.s.m.m.a.HttpEntityMethodProcessor  : Using 'application/json', given [application/json, text/plain, */*] and supported [application/json, application/*+json]
2026-09-15T11:59:58.464+07:00 DEBUG 21060 --- [vehicles_rental] [nio-8080-exec-3] o.s.w.s.m.m.a.HttpEntityMethodProcessor  : Writing [BakongPaymentResponse(paymentId=null, bookingId=null, amount=0.8, currency=USD, transactionId=1433f2 (truncated)...]
2026-09-15T11:59:58.465+07:00 DEBUG 21060 --- [vehicles_rental] [nio-8080-exec-3] o.s.web.servlet.DispatcherServlet        : Completed 200 OK
2026-09-15T12:00:03.663+07:00 DEBUG 21060 --- [vehicles_rental] [nio-8080-exec-4] org.hibernate.SQL                        : select u1_0.id,u1_0.email,u1_0.gender,u1_0.is_active,u1_0.name,u1_0.profile_image,u1_0.pwd,u1_0.role,u1_0.tell from tb_users u1_0 where u1_0.email=?
Hibernate: select u1_0.id,u1_0.email,u1_0.gender,u1_0.is_active,u1_0.name,u1_0.profile_image,u1_0.pwd,u1_0.role,u1_0.tell from tb_users u1_0 where u1_0.email=?
2026-09-15T12:00:03.664+07:00 DEBUG 21060 --- [vehicles_rental] [nio-8080-exec-4] org.hibernate.SQL                        : select o1_0.id,o1_0.expiry_time,o1_0.otp,u1_0.id,u1_0.email,u1_0.gender,u1_0.is_active,u1_0.name,u1_0.profile_image,u1_0.pwd,u1_0.role,u1_0.tell,o1_0.verified from otp o1_0 left join tb_users u1_0 on u1_0.id=o1_0.user_id where o1_0.user_id=?
Hibernate: select o1_0.id,o1_0.expiry_time,o1_0.otp,u1_0.id,u1_0.email,u1_0.gender,u1_0.is_active,u1_0.name,u1_0.profile_image,u1_0.pwd,u1_0.role,u1_0.tell,o1_0.verified from otp o1_0 left join tb_users u1_0 on u1_0.id=o1_0.user_id where o1_0.user_id=?
2026-09-15T12:00:03.667+07:00 DEBUG 21060 --- [vehicles_rental] [nio-8080-exec-4] o.s.web.servlet.DispatcherServlet        : GET "/api/bookings", parameters={}
2026-09-15T12:00:03.668+07:00 DEBUG 21060 --- [vehicles_rental] [nio-8080-exec-4] s.w.s.m.m.a.RequestMappingHandlerMapping : Mapped to org.example.vehicles_rental.controller.BookingController#getAll()
2026-09-15T12:00:03.669+07:00 DEBUG 21060 --- [vehicles_rental] [nio-8080-exec-4] org.hibernate.SQL                        : select u1_0.id,u1_0.email,u1_0.gender,u1_0.is_active,u1_0.name,u1_0.profile_image,u1_0.pwd,u1_0.role,u1_0.tell from tb_users u1_0 where u1_0.email=?
Hibernate: select u1_0.id,u1_0.email,u1_0.gender,u1_0.is_active,u1_0.name,u1_0.profile_image,u1_0.pwd,u1_0.role,u1_0.tell from tb_users u1_0 where u1_0.email=?
2026-09-15T12:00:03.670+07:00 DEBUG 21060 --- [vehicles_rental] [nio-8080-exec-4] org.hibernate.SQL                        : select o1_0.id,o1_0.expiry_time,o1_0.otp,u1_0.id,u1_0.email,u1_0.gender,u1_0.is_active,u1_0.name,u1_0.profile_image,u1_0.pwd,u1_0.role,u1_0.tell,o1_0.verified from otp o1_0 left join tb_users u1_0 on u1_0.id=o1_0.user_id where o1_0.user_id=?
Hibernate: select o1_0.id,o1_0.expiry_time,o1_0.otp,u1_0.id,u1_0.email,u1_0.gender,u1_0.is_active,u1_0.name,u1_0.profile_image,u1_0.pwd,u1_0.role,u1_0.tell,o1_0.verified from otp o1_0 left join tb_users u1_0 on u1_0.id=o1_0.user_id where o1_0.user_id=?
2026-09-15T12:00:03.672+07:00 DEBUG 21060 --- [vehicles_rental] [nio-8080-exec-4] org.hibernate.SQL                        : select b1_0.id,b1_0.created_at,b1_0.pickup_date,b1_0.return_date,b1_0.status,b1_0.total_days,b1_0.total_price,b1_0.updated_at,b1_0.user_id,b1_0.vehicle_id from bookings b1_0 where b1_0.user_id=?
Hibernate: select b1_0.id,b1_0.created_at,b1_0.pickup_date,b1_0.return_date,b1_0.status,b1_0.total_days,b1_0.total_price,b1_0.updated_at,b1_0.user_id,b1_0.vehicle_id from bookings b1_0 where b1_0.user_id=?
2026-09-15T12:00:03.675+07:00 DEBUG 21060 --- [vehicles_rental] [nio-8080-exec-4] org.hibernate.SQL                        : select v1_0.id,b1_0.id,b1_0.brand_name,b1_0.create_at,b1_0.logo,b1_0.update_at,c1_0.id,c1_0.category_name,c1_0.create_at,c1_0.description,c1_0.update_at,v1_0.create_at,v1_0.description,v1_0.fuel_type,v1_0.model,v1_0.name,v1_0.plate_number,v1_0.price_per_day,v1_0.seat,v1_0.status,v1_0.transmission,v1_0.update_at,v1_0.year from vehicles v1_0 left join brand b1_0 on b1_0.id=v1_0.brand_id left join categories c1_0 on c1_0.id=v1_0.category_id where v1_0.id=?
Hibernate: select v1_0.id,b1_0.id,b1_0.brand_name,b1_0.create_at,b1_0.logo,b1_0.update_at,c1_0.id,c1_0.category_name,c1_0.create_at,c1_0.description,c1_0.update_at,v1_0.create_at,v1_0.description,v1_0.fuel_type,v1_0.model,v1_0.name,v1_0.plate_number,v1_0.price_per_day,v1_0.seat,v1_0.status,v1_0.transmission,v1_0.update_at,v1_0.year from vehicles v1_0 left join brand b1_0 on b1_0.id=v1_0.brand_id left join categories c1_0 on c1_0.id=v1_0.category_id where v1_0.id=?
2026-09-15T12:00:03.677+07:00 DEBUG 21060 --- [vehicles_rental] [nio-8080-exec-4] org.hibernate.SQL                        : select v1_0.id,b1_0.id,b1_0.brand_name,b1_0.create_at,b1_0.logo,b1_0.update_at,c1_0.id,c1_0.category_name,c1_0.create_at,c1_0.description,c1_0.update_at,v1_0.create_at,v1_0.description,v1_0.fuel_type,v1_0.model,v1_0.name,v1_0.plate_number,v1_0.price_per_day,v1_0.seat,v1_0.status,v1_0.transmission,v1_0.update_at,v1_0.year from vehicles v1_0 left join brand b1_0 on b1_0.id=v1_0.brand_id left join categories c1_0 on c1_0.id=v1_0.category_id where v1_0.id=?
Hibernate: select v1_0.id,b1_0.id,b1_0.brand_name,b1_0.create_at,b1_0.logo,b1_0.update_at,c1_0.id,c1_0.category_name,c1_0.create_at,c1_0.description,c1_0.update_at,v1_0.create_at,v1_0.description,v1_0.fuel_type,v1_0.model,v1_0.name,v1_0.plate_number,v1_0.price_per_day,v1_0.seat,v1_0.status,v1_0.transmission,v1_0.update_at,v1_0.year from vehicles v1_0 left join brand b1_0 on b1_0.id=v1_0.brand_id left join categories c1_0 on c1_0.id=v1_0.category_id where v1_0.id=?
2026-09-15T12:00:03.679+07:00 DEBUG 21060 --- [vehicles_rental] [nio-8080-exec-4] org.hibernate.SQL                        : select v1_0.id,b1_0.id,b1_0.brand_name,b1_0.create_at,b1_0.logo,b1_0.update_at,c1_0.id,c1_0.category_name,c1_0.create_at,c1_0.description,c1_0.update_at,v1_0.create_at,v1_0.description,v1_0.fuel_type,v1_0.model,v1_0.name,v1_0.plate_number,v1_0.price_per_day,v1_0.seat,v1_0.status,v1_0.transmission,v1_0.update_at,v1_0.year from vehicles v1_0 left join brand b1_0 on b1_0.id=v1_0.brand_id left join categories c1_0 on c1_0.id=v1_0.category_id where v1_0.id=?
Hibernate: select v1_0.id,b1_0.id,b1_0.brand_name,b1_0.create_at,b1_0.logo,b1_0.update_at,c1_0.id,c1_0.category_name,c1_0.create_at,c1_0.description,c1_0.update_at,v1_0.create_at,v1_0.description,v1_0.fuel_type,v1_0.model,v1_0.name,v1_0.plate_number,v1_0.price_per_day,v1_0.seat,v1_0.status,v1_0.transmission,v1_0.update_at,v1_0.year from vehicles v1_0 left join brand b1_0 on b1_0.id=v1_0.brand_id left join categories c1_0 on c1_0.id=v1_0.category_id where v1_0.id=?
2026-09-15T12:00:03.681+07:00 DEBUG 21060 --- [vehicles_rental] [nio-8080-exec-4] org.hibernate.SQL                        : select v1_0.id,b1_0.id,b1_0.brand_name,b1_0.create_at,b1_0.logo,b1_0.update_at,c1_0.id,c1_0.category_name,c1_0.create_at,c1_0.description,c1_0.update_at,v1_0.create_at,v1_0.description,v1_0.fuel_type,v1_0.model,v1_0.name,v1_0.plate_number,v1_0.price_per_day,v1_0.seat,v1_0.status,v1_0.transmission,v1_0.update_at,v1_0.year from vehicles v1_0 left join brand b1_0 on b1_0.id=v1_0.brand_id left join categories c1_0 on c1_0.id=v1_0.category_id where v1_0.id=?
Hibernate: select v1_0.id,b1_0.id,b1_0.brand_name,b1_0.create_at,b1_0.logo,b1_0.update_at,c1_0.id,c1_0.category_name,c1_0.create_at,c1_0.description,c1_0.update_at,v1_0.create_at,v1_0.description,v1_0.fuel_type,v1_0.model,v1_0.name,v1_0.plate_number,v1_0.price_per_day,v1_0.seat,v1_0.status,v1_0.transmission,v1_0.update_at,v1_0.year from vehicles v1_0 left join brand b1_0 on b1_0.id=v1_0.brand_id left join categories c1_0 on c1_0.id=v1_0.category_id where v1_0.id=?
2026-09-15T12:00:03.683+07:00 DEBUG 21060 --- [vehicles_rental] [nio-8080-exec-4] org.hibernate.SQL                        : select v1_0.id,b1_0.id,b1_0.brand_name,b1_0.create_at,b1_0.logo,b1_0.update_at,c1_0.id,c1_0.category_name,c1_0.create_at,c1_0.description,c1_0.update_at,v1_0.create_at,v1_0.description,v1_0.fuel_type,v1_0.model,v1_0.name,v1_0.plate_number,v1_0.price_per_day,v1_0.seat,v1_0.status,v1_0.transmission,v1_0.update_at,v1_0.year from vehicles v1_0 left join brand b1_0 on b1_0.id=v1_0.brand_id left join categories c1_0 on c1_0.id=v1_0.category_id where v1_0.id=?
Hibernate: select v1_0.id,b1_0.id,b1_0.brand_name,b1_0.create_at,b1_0.logo,b1_0.update_at,c1_0.id,c1_0.category_name,c1_0.create_at,c1_0.description,c1_0.update_at,v1_0.create_at,v1_0.description,v1_0.fuel_type,v1_0.model,v1_0.name,v1_0.plate_number,v1_0.price_per_day,v1_0.seat,v1_0.status,v1_0.transmission,v1_0.update_at,v1_0.year from vehicles v1_0 left join brand b1_0 on b1_0.id=v1_0.brand_id left join categories c1_0 on c1_0.id=v1_0.category_id where v1_0.id=?
2026-09-15T12:00:03.685+07:00 DEBUG 21060 --- [vehicles_rental] [nio-8080-exec-4] org.hibernate.SQL                        : select v1_0.id,b1_0.id,b1_0.brand_name,b1_0.create_at,b1_0.logo,b1_0.update_at,c1_0.id,c1_0.category_name,c1_0.create_at,c1_0.description,c1_0.update_at,v1_0.create_at,v1_0.description,v1_0.fuel_type,v1_0.model,v1_0.name,v1_0.plate_number,v1_0.price_per_day,v1_0.seat,v1_0.status,v1_0.transmission,v1_0.update_at,v1_0.year from vehicles v1_0 left join brand b1_0 on b1_0.id=v1_0.brand_id left join categories c1_0 on c1_0.id=v1_0.category_id where v1_0.id=?
Hibernate: select v1_0.id,b1_0.id,b1_0.brand_name,b1_0.create_at,b1_0.logo,b1_0.update_at,c1_0.id,c1_0.category_name,c1_0.create_at,c1_0.description,c1_0.update_at,v1_0.create_at,v1_0.description,v1_0.fuel_type,v1_0.model,v1_0.name,v1_0.plate_number,v1_0.price_per_day,v1_0.seat,v1_0.status,v1_0.transmission,v1_0.update_at,v1_0.year from vehicles v1_0 left join brand b1_0 on b1_0.id=v1_0.brand_id left join categories c1_0 on c1_0.id=v1_0.category_id where v1_0.id=?
2026-09-15T12:00:03.686+07:00 DEBUG 21060 --- [vehicles_rental] [nio-8080-exec-4] o.s.w.s.m.m.a.HttpEntityMethodProcessor  : Using 'application/json', given [application/json, text/plain, */*] and supported [application/json, application/*+json]
2026-09-15T12:00:03.687+07:00 DEBUG 21060 --- [vehicles_rental] [nio-8080-exec-4] o.s.w.s.m.m.a.HttpEntityMethodProcessor  : Writing [ApiResponse(msg=Bookings retrieved successfully, status=200, data=[BookingResponse(id=4, userId=7, u (truncated)...]
2026-09-15T12:00:03.689+07:00 DEBUG 21060 --- [vehicles_rental] [nio-8080-exec-4] o.s.web.servlet.DispatcherServlet        : Completed 200 OK
2026-09-15T12:00:05.744+07:00 DEBUG 21060 --- [vehicles_rental] [nio-8080-exec-5] org.hibernate.SQL                        : select u1_0.id,u1_0.email,u1_0.gender,u1_0.is_active,u1_0.name,u1_0.profile_image,u1_0.pwd,u1_0.role,u1_0.tell from tb_users u1_0 where u1_0.email=?
Hibernate: select u1_0.id,u1_0.email,u1_0.gender,u1_0.is_active,u1_0.name,u1_0.profile_image,u1_0.pwd,u1_0.role,u1_0.tell from tb_users u1_0 where u1_0.email=?
2026-09-15T12:00:05.745+07:00 DEBUG 21060 --- [vehicles_rental] [nio-8080-exec-5] org.hibernate.SQL                        : select o1_0.id,o1_0.expiry_time,o1_0.otp,u1_0.id,u1_0.email,u1_0.gender,u1_0.is_active,u1_0.name,u1_0.profile_image,u1_0.pwd,u1_0.role,u1_0.tell,o1_0.verified from otp o1_0 left join tb_users u1_0 on u1_0.id=o1_0.user_id where o1_0.user_id=?
2026-09-15T12:00:05.745+07:00 DEBUG 21060 --- [vehicles_rental] [nio-8080-exec-6] org.hibernate.SQL                        : select u1_0.id,u1_0.email,u1_0.gender,u1_0.is_active,u1_0.name,u1_0.profile_image,u1_0.pwd,u1_0.role,u1_0.tell from tb_users u1_0 where u1_0.email=?
Hibernate: select u1_0.id,u1_0.email,u1_0.gender,u1_0.is_active,u1_0.name,u1_0.profile_image,u1_0.pwd,u1_0.role,u1_0.tell from tb_users u1_0 where u1_0.email=?
Hibernate: select o1_0.id,o1_0.expiry_time,o1_0.otp,u1_0.id,u1_0.email,u1_0.gender,u1_0.is_active,u1_0.name,u1_0.profile_image,u1_0.pwd,u1_0.role,u1_0.tell,o1_0.verified from otp o1_0 left join tb_users u1_0 on u1_0.id=o1_0.user_id where o1_0.user_id=?
2026-09-15T12:00:05.745+07:00 DEBUG 21060 --- [vehicles_rental] [nio-8080-exec-6] org.hibernate.SQL                        : select o1_0.id,o1_0.expiry_time,o1_0.otp,u1_0.id,u1_0.email,u1_0.gender,u1_0.is_active,u1_0.name,u1_0.profile_image,u1_0.pwd,u1_0.role,u1_0.tell,o1_0.verified from otp o1_0 left join tb_users u1_0 on u1_0.id=o1_0.user_id where o1_0.user_id=?
Hibernate: select o1_0.id,o1_0.expiry_time,o1_0.otp,u1_0.id,u1_0.email,u1_0.gender,u1_0.is_active,u1_0.name,u1_0.profile_image,u1_0.pwd,u1_0.role,u1_0.tell,o1_0.verified from otp o1_0 left join tb_users u1_0 on u1_0.id=o1_0.user_id where o1_0.user_id=?
2026-09-15T12:00:05.747+07:00 DEBUG 21060 --- [vehicles_rental] [nio-8080-exec-5] o.s.web.servlet.DispatcherServlet        : GET "/api/vehicle/getAll", parameters={}
2026-09-15T12:00:05.748+07:00 DEBUG 21060 --- [vehicles_rental] [nio-8080-exec-5] s.w.s.m.m.a.RequestMappingHandlerMapping : Mapped to org.example.vehicles_rental.controller.VehicleController#getAll()
2026-09-15T12:00:05.748+07:00 DEBUG 21060 --- [vehicles_rental] [nio-8080-exec-6] o.s.web.servlet.DispatcherServlet        : GET "/api/bookings", parameters={}
2026-09-15T12:00:05.748+07:00 DEBUG 21060 --- [vehicles_rental] [nio-8080-exec-6] s.w.s.m.m.a.RequestMappingHandlerMapping : Mapped to org.example.vehicles_rental.controller.BookingController#getAll()
2026-09-15T12:00:05.748+07:00 DEBUG 21060 --- [vehicles_rental] [nio-8080-exec-6] org.hibernate.SQL                        : select u1_0.id,u1_0.email,u1_0.gender,u1_0.is_active,u1_0.name,u1_0.profile_image,u1_0.pwd,u1_0.role,u1_0.tell from tb_users u1_0 where u1_0.email=?
Hibernate: select u1_0.id,u1_0.email,u1_0.gender,u1_0.is_active,u1_0.name,u1_0.profile_image,u1_0.pwd,u1_0.role,u1_0.tell from tb_users u1_0 where u1_0.email=?
2026-09-15T12:00:05.751+07:00 DEBUG 21060 --- [vehicles_rental] [nio-8080-exec-6] org.hibernate.SQL                        : select o1_0.id,o1_0.expiry_time,o1_0.otp,u1_0.id,u1_0.email,u1_0.gender,u1_0.is_active,u1_0.name,u1_0.profile_image,u1_0.pwd,u1_0.role,u1_0.tell,o1_0.verified from otp o1_0 left join tb_users u1_0 on u1_0.id=o1_0.user_id where o1_0.user_id=?
Hibernate: select o1_0.id,o1_0.expiry_time,o1_0.otp,u1_0.id,u1_0.email,u1_0.gender,u1_0.is_active,u1_0.name,u1_0.profile_image,u1_0.pwd,u1_0.role,u1_0.tell,o1_0.verified from otp o1_0 left join tb_users u1_0 on u1_0.id=o1_0.user_id where o1_0.user_id=?
2026-09-15T12:00:05.751+07:00 DEBUG 21060 --- [vehicles_rental] [nio-8080-exec-5] org.hibernate.SQL                        : select v1_0.id,v1_0.brand_id,v1_0.category_id,v1_0.create_at,v1_0.description,v1_0.fuel_type,v1_0.model,v1_0.name,v1_0.plate_number,v1_0.price_per_day,v1_0.seat,v1_0.status,v1_0.transmission,v1_0.update_at,v1_0.year from vehicles v1_0
Hibernate: select v1_0.id,v1_0.brand_id,v1_0.category_id,v1_0.create_at,v1_0.description,v1_0.fuel_type,v1_0.model,v1_0.name,v1_0.plate_number,v1_0.price_per_day,v1_0.seat,v1_0.status,v1_0.transmission,v1_0.update_at,v1_0.year from vehicles v1_0
2026-09-15T12:00:05.752+07:00 DEBUG 21060 --- [vehicles_rental] [nio-8080-exec-5] org.hibernate.SQL                        : select b1_0.id,b1_0.brand_name,b1_0.create_at,b1_0.logo,b1_0.update_at from brand b1_0 where b1_0.id=?
Hibernate: select b1_0.id,b1_0.brand_name,b1_0.create_at,b1_0.logo,b1_0.update_at from brand b1_0 where b1_0.id=?
2026-09-15T12:00:05.752+07:00 DEBUG 21060 --- [vehicles_rental] [nio-8080-exec-6] org.hibernate.SQL                        : select b1_0.id,b1_0.created_at,b1_0.pickup_date,b1_0.return_date,b1_0.status,b1_0.total_days,b1_0.total_price,b1_0.updated_at,b1_0.user_id,b1_0.vehicle_id from bookings b1_0 where b1_0.user_id=?
Hibernate: select b1_0.id,b1_0.created_at,b1_0.pickup_date,b1_0.return_date,b1_0.status,b1_0.total_days,b1_0.total_price,b1_0.updated_at,b1_0.user_id,b1_0.vehicle_id from bookings b1_0 where b1_0.user_id=?
2026-09-15T12:00:05.753+07:00 DEBUG 21060 --- [vehicles_rental] [nio-8080-exec-5] org.hibernate.SQL                        : select c1_0.id,c1_0.category_name,c1_0.create_at,c1_0.description,c1_0.update_at from categories c1_0 where c1_0.id=?
Hibernate: select c1_0.id,c1_0.category_name,c1_0.create_at,c1_0.description,c1_0.update_at from categories c1_0 where c1_0.id=?
2026-09-15T12:00:05.754+07:00 DEBUG 21060 --- [vehicles_rental] [nio-8080-exec-6] org.hibernate.SQL                        : select v1_0.id,b1_0.id,b1_0.brand_name,b1_0.create_at,b1_0.logo,b1_0.update_at,c1_0.id,c1_0.category_name,c1_0.create_at,c1_0.description,c1_0.update_at,v1_0.create_at,v1_0.description,v1_0.fuel_type,v1_0.model,v1_0.name,v1_0.plate_number,v1_0.price_per_day,v1_0.seat,v1_0.status,v1_0.transmission,v1_0.update_at,v1_0.year from vehicles v1_0 left join brand b1_0 on b1_0.id=v1_0.brand_id left join categories c1_0 on c1_0.id=v1_0.category_id where v1_0.id=?
Hibernate: select v1_0.id,b1_0.id,b1_0.brand_name,b1_0.create_at,b1_0.logo,b1_0.update_at,c1_0.id,c1_0.category_name,c1_0.create_at,c1_0.description,c1_0.update_at,v1_0.create_at,v1_0.description,v1_0.fuel_type,v1_0.model,v1_0.name,v1_0.plate_number,v1_0.price_per_day,v1_0.seat,v1_0.status,v1_0.transmission,v1_0.update_at,v1_0.year from vehicles v1_0 left join brand b1_0 on b1_0.id=v1_0.brand_id left join categories c1_0 on c1_0.id=v1_0.category_id where v1_0.id=?
2026-09-15T12:00:05.754+07:00 DEBUG 21060 --- [vehicles_rental] [nio-8080-exec-5] org.hibernate.SQL                        : select b1_0.id,b1_0.brand_name,b1_0.create_at,b1_0.logo,b1_0.update_at from brand b1_0 where b1_0.id=?
Hibernate: select b1_0.id,b1_0.brand_name,b1_0.create_at,b1_0.logo,b1_0.update_at from brand b1_0 where b1_0.id=?
2026-09-15T12:00:05.755+07:00 DEBUG 21060 --- [vehicles_rental] [nio-8080-exec-5] org.hibernate.SQL                        : select c1_0.id,c1_0.category_name,c1_0.create_at,c1_0.description,c1_0.update_at from categories c1_0 where c1_0.id=?
Hibernate: select c1_0.id,c1_0.category_name,c1_0.create_at,c1_0.description,c1_0.update_at from categories c1_0 where c1_0.id=?
2026-09-15T12:00:05.755+07:00 DEBUG 21060 --- [vehicles_rental] [nio-8080-exec-6] org.hibernate.SQL                        : select v1_0.id,b1_0.id,b1_0.brand_name,b1_0.create_at,b1_0.logo,b1_0.update_at,c1_0.id,c1_0.category_name,c1_0.create_at,c1_0.description,c1_0.update_at,v1_0.create_at,v1_0.description,v1_0.fuel_type,v1_0.model,v1_0.name,v1_0.plate_number,v1_0.price_per_day,v1_0.seat,v1_0.status,v1_0.transmission,v1_0.update_at,v1_0.year from vehicles v1_0 left join brand b1_0 on b1_0.id=v1_0.brand_id left join categories c1_0 on c1_0.id=v1_0.category_id where v1_0.id=?
Hibernate: select v1_0.id,b1_0.id,b1_0.brand_name,b1_0.create_at,b1_0.logo,b1_0.update_at,c1_0.id,c1_0.category_name,c1_0.create_at,c1_0.description,c1_0.update_at,v1_0.create_at,v1_0.description,v1_0.fuel_type,v1_0.model,v1_0.name,v1_0.plate_number,v1_0.price_per_day,v1_0.seat,v1_0.status,v1_0.transmission,v1_0.update_at,v1_0.year from vehicles v1_0 left join brand b1_0 on b1_0.id=v1_0.brand_id left join categories c1_0 on c1_0.id=v1_0.category_id where v1_0.id=?
2026-09-15T12:00:05.756+07:00 DEBUG 21060 --- [vehicles_rental] [nio-8080-exec-5] org.hibernate.SQL                        : select b1_0.id,b1_0.brand_name,b1_0.create_at,b1_0.logo,b1_0.update_at from brand b1_0 where b1_0.id=?
Hibernate: select b1_0.id,b1_0.brand_name,b1_0.create_at,b1_0.logo,b1_0.update_at from brand b1_0 where b1_0.id=?
2026-09-15T12:00:05.756+07:00 DEBUG 21060 --- [vehicles_rental] [nio-8080-exec-6] org.hibernate.SQL                        : select v1_0.id,b1_0.id,b1_0.brand_name,b1_0.create_at,b1_0.logo,b1_0.update_at,c1_0.id,c1_0.category_name,c1_0.create_at,c1_0.description,c1_0.update_at,v1_0.create_at,v1_0.description,v1_0.fuel_type,v1_0.model,v1_0.name,v1_0.plate_number,v1_0.price_per_day,v1_0.seat,v1_0.status,v1_0.transmission,v1_0.update_at,v1_0.year from vehicles v1_0 left join brand b1_0 on b1_0.id=v1_0.brand_id left join categories c1_0 on c1_0.id=v1_0.category_id where v1_0.id=?
Hibernate: select v1_0.id,b1_0.id,b1_0.brand_name,b1_0.create_at,b1_0.logo,b1_0.update_at,c1_0.id,c1_0.category_name,c1_0.create_at,c1_0.description,c1_0.update_at,v1_0.create_at,v1_0.description,v1_0.fuel_type,v1_0.model,v1_0.name,v1_0.plate_number,v1_0.price_per_day,v1_0.seat,v1_0.status,v1_0.transmission,v1_0.update_at,v1_0.year from vehicles v1_0 left join brand b1_0 on b1_0.id=v1_0.brand_id left join categories c1_0 on c1_0.id=v1_0.category_id where v1_0.id=?
2026-09-15T12:00:05.756+07:00 DEBUG 21060 --- [vehicles_rental] [nio-8080-exec-5] org.hibernate.SQL                        : select c1_0.id,c1_0.category_name,c1_0.create_at,c1_0.description,c1_0.update_at from categories c1_0 where c1_0.id=?
Hibernate: select c1_0.id,c1_0.category_name,c1_0.create_at,c1_0.description,c1_0.update_at from categories c1_0 where c1_0.id=?
2026-09-15T12:00:05.757+07:00 DEBUG 21060 --- [vehicles_rental] [nio-8080-exec-6] org.hibernate.SQL                        : select v1_0.id,b1_0.id,b1_0.brand_name,b1_0.create_at,b1_0.logo,b1_0.update_at,c1_0.id,c1_0.category_name,c1_0.create_at,c1_0.description,c1_0.update_at,v1_0.create_at,v1_0.description,v1_0.fuel_type,v1_0.model,v1_0.name,v1_0.plate_number,v1_0.price_per_day,v1_0.seat,v1_0.status,v1_0.transmission,v1_0.update_at,v1_0.year from vehicles v1_0 left join brand b1_0 on b1_0.id=v1_0.brand_id left join categories c1_0 on c1_0.id=v1_0.category_id where v1_0.id=?
Hibernate: select v1_0.id,b1_0.id,b1_0.brand_name,b1_0.create_at,b1_0.logo,b1_0.update_at,c1_0.id,c1_0.category_name,c1_0.create_at,c1_0.description,c1_0.update_at,v1_0.create_at,v1_0.description,v1_0.fuel_type,v1_0.model,v1_0.name,v1_0.plate_number,v1_0.price_per_day,v1_0.seat,v1_0.status,v1_0.transmission,v1_0.update_at,v1_0.year from vehicles v1_0 left join brand b1_0 on b1_0.id=v1_0.brand_id left join categories c1_0 on c1_0.id=v1_0.category_id where v1_0.id=?
2026-09-15T12:00:05.757+07:00 DEBUG 21060 --- [vehicles_rental] [nio-8080-exec-5] org.hibernate.SQL                        : select b1_0.id,b1_0.brand_name,b1_0.create_at,b1_0.logo,b1_0.update_at from brand b1_0 where b1_0.id=?
Hibernate: select b1_0.id,b1_0.brand_name,b1_0.create_at,b1_0.logo,b1_0.update_at from brand b1_0 where b1_0.id=?
2026-09-15T12:00:05.758+07:00 DEBUG 21060 --- [vehicles_rental] [nio-8080-exec-6] org.hibernate.SQL                        : select v1_0.id,b1_0.id,b1_0.brand_name,b1_0.create_at,b1_0.logo,b1_0.update_at,c1_0.id,c1_0.category_name,c1_0.create_at,c1_0.description,c1_0.update_at,v1_0.create_at,v1_0.description,v1_0.fuel_type,v1_0.model,v1_0.name,v1_0.plate_number,v1_0.price_per_day,v1_0.seat,v1_0.status,v1_0.transmission,v1_0.update_at,v1_0.year from vehicles v1_0 left join brand b1_0 on b1_0.id=v1_0.brand_id left join categories c1_0 on c1_0.id=v1_0.category_id where v1_0.id=?
Hibernate: select v1_0.id,b1_0.id,b1_0.brand_name,b1_0.create_at,b1_0.logo,b1_0.update_at,c1_0.id,c1_0.category_name,c1_0.create_at,c1_0.description,c1_0.update_at,v1_0.create_at,v1_0.description,v1_0.fuel_type,v1_0.model,v1_0.name,v1_0.plate_number,v1_0.price_per_day,v1_0.seat,v1_0.status,v1_0.transmission,v1_0.update_at,v1_0.year from vehicles v1_0 left join brand b1_0 on b1_0.id=v1_0.brand_id left join categories c1_0 on c1_0.id=v1_0.category_id where v1_0.id=?
2026-09-15T12:00:05.758+07:00 DEBUG 21060 --- [vehicles_rental] [nio-8080-exec-5] org.hibernate.SQL                        : select c1_0.id,c1_0.category_name,c1_0.create_at,c1_0.description,c1_0.update_at from categories c1_0 where c1_0.id=?
Hibernate: select c1_0.id,c1_0.category_name,c1_0.create_at,c1_0.description,c1_0.update_at from categories c1_0 where c1_0.id=?
2026-09-15T12:00:05.760+07:00 DEBUG 21060 --- [vehicles_rental] [nio-8080-exec-6] org.hibernate.SQL                        : select v1_0.id,b1_0.id,b1_0.brand_name,b1_0.create_at,b1_0.logo,b1_0.update_at,c1_0.id,c1_0.category_name,c1_0.create_at,c1_0.description,c1_0.update_at,v1_0.create_at,v1_0.description,v1_0.fuel_type,v1_0.model,v1_0.name,v1_0.plate_number,v1_0.price_per_day,v1_0.seat,v1_0.status,v1_0.transmission,v1_0.update_at,v1_0.year from vehicles v1_0 left join brand b1_0 on b1_0.id=v1_0.brand_id left join categories c1_0 on c1_0.id=v1_0.category_id where v1_0.id=?
Hibernate: select v1_0.id,b1_0.id,b1_0.brand_name,b1_0.create_at,b1_0.logo,b1_0.update_at,c1_0.id,c1_0.category_name,c1_0.create_at,c1_0.description,c1_0.update_at,v1_0.create_at,v1_0.description,v1_0.fuel_type,v1_0.model,v1_0.name,v1_0.plate_number,v1_0.price_per_day,v1_0.seat,v1_0.status,v1_0.transmission,v1_0.update_at,v1_0.year from vehicles v1_0 left join brand b1_0 on b1_0.id=v1_0.brand_id left join categories c1_0 on c1_0.id=v1_0.category_id where v1_0.id=?
2026-09-15T12:00:05.760+07:00 DEBUG 21060 --- [vehicles_rental] [nio-8080-exec-5] org.hibernate.SQL                        : select b1_0.id,b1_0.brand_name,b1_0.create_at,b1_0.logo,b1_0.update_at from brand b1_0 where b1_0.id=?
Hibernate: select b1_0.id,b1_0.brand_name,b1_0.create_at,b1_0.logo,b1_0.update_at from brand b1_0 where b1_0.id=?
2026-09-15T12:00:05.761+07:00 DEBUG 21060 --- [vehicles_rental] [nio-8080-exec-6] o.s.w.s.m.m.a.HttpEntityMethodProcessor  : Using 'application/json', given [application/json, text/plain, */*] and supported [application/json, application/*+json]
2026-09-15T12:00:05.761+07:00 DEBUG 21060 --- [vehicles_rental] [nio-8080-exec-6] o.s.w.s.m.m.a.HttpEntityMethodProcessor  : Writing [ApiResponse(msg=Bookings retrieved successfully, status=200, data=[BookingResponse(id=4, userId=7, u (truncated)...]
2026-09-15T12:00:05.761+07:00 DEBUG 21060 --- [vehicles_rental] [nio-8080-exec-5] m.m.a.RequestResponseBodyMethodProcessor : Using 'application/json', given [application/json, text/plain, */*] and supported [application/json, application/*+json]
2026-09-15T12:00:05.761+07:00 DEBUG 21060 --- [vehicles_rental] [nio-8080-exec-5] m.m.a.RequestResponseBodyMethodProcessor : Writing [ApiResponse(msg=get all vehicles successfully, status=200, data=[VehicleResponse(id=1, category_name (truncated)...]
2026-09-15T12:00:05.762+07:00 DEBUG 21060 --- [vehicles_rental] [nio-8080-exec-5] o.s.web.servlet.DispatcherServlet        : Completed 200 OK
2026-09-15T12:00:05.762+07:00 DEBUG 21060 --- [vehicles_rental] [nio-8080-exec-6] o.s.web.servlet.DispatcherServlet        : Completed 200 OK
2026-09-15T12:00:07.509+07:00 DEBUG 21060 --- [vehicles_rental] [nio-8080-exec-7] org.hibernate.SQL                        : select u1_0.id,u1_0.email,u1_0.gender,u1_0.is_active,u1_0.name,u1_0.profile_image,u1_0.pwd,u1_0.role,u1_0.tell from tb_users u1_0 where u1_0.email=?
Hibernate: select u1_0.id,u1_0.email,u1_0.gender,u1_0.is_active,u1_0.name,u1_0.profile_image,u1_0.pwd,u1_0.role,u1_0.tell from tb_users u1_0 where u1_0.email=?
2026-09-15T12:00:07.510+07:00 DEBUG 21060 --- [vehicles_rental] [nio-8080-exec-7] org.hibernate.SQL                        : select o1_0.id,o1_0.expiry_time,o1_0.otp,u1_0.id,u1_0.email,u1_0.gender,u1_0.is_active,u1_0.name,u1_0.profile_image,u1_0.pwd,u1_0.role,u1_0.tell,o1_0.verified from otp o1_0 left join tb_users u1_0 on u1_0.id=o1_0.user_id where o1_0.user_id=?
Hibernate: select o1_0.id,o1_0.expiry_time,o1_0.otp,u1_0.id,u1_0.email,u1_0.gender,u1_0.is_active,u1_0.name,u1_0.profile_image,u1_0.pwd,u1_0.role,u1_0.tell,o1_0.verified from otp o1_0 left join tb_users u1_0 on u1_0.id=o1_0.user_id where o1_0.user_id=?
2026-09-15T12:00:07.513+07:00 DEBUG 21060 --- [vehicles_rental] [nio-8080-exec-7] o.s.web.servlet.DispatcherServlet        : GET "/api/vehicle/getById/1", parameters={}
2026-09-15T12:00:07.513+07:00 DEBUG 21060 --- [vehicles_rental] [nio-8080-exec-7] s.w.s.m.m.a.RequestMappingHandlerMapping : Mapped to org.example.vehicles_rental.controller.VehicleController#getById(Long)
2026-09-15T12:00:07.515+07:00 DEBUG 21060 --- [vehicles_rental] [nio-8080-exec-7] org.hibernate.SQL                        : select v1_0.id,b1_0.id,b1_0.brand_name,b1_0.create_at,b1_0.logo,b1_0.update_at,c1_0.id,c1_0.category_name,c1_0.create_at,c1_0.description,c1_0.update_at,v1_0.create_at,v1_0.description,v1_0.fuel_type,v1_0.model,v1_0.name,v1_0.plate_number,v1_0.price_per_day,v1_0.seat,v1_0.status,v1_0.transmission,v1_0.update_at,v1_0.year from vehicles v1_0 left join brand b1_0 on b1_0.id=v1_0.brand_id left join categories c1_0 on c1_0.id=v1_0.category_id where v1_0.id=?
Hibernate: select v1_0.id,b1_0.id,b1_0.brand_name,b1_0.create_at,b1_0.logo,b1_0.update_at,c1_0.id,c1_0.category_name,c1_0.create_at,c1_0.description,c1_0.update_at,v1_0.create_at,v1_0.description,v1_0.fuel_type,v1_0.model,v1_0.name,v1_0.plate_number,v1_0.price_per_day,v1_0.seat,v1_0.status,v1_0.transmission,v1_0.update_at,v1_0.year from vehicles v1_0 left join brand b1_0 on b1_0.id=v1_0.brand_id left join categories c1_0 on c1_0.id=v1_0.category_id where v1_0.id=?
2026-09-15T12:00:07.517+07:00 DEBUG 21060 --- [vehicles_rental] [nio-8080-exec-7] m.m.a.RequestResponseBodyMethodProcessor : Using 'application/json', given [application/json, text/plain, */*] and supported [application/json, application/*+json]
2026-09-15T12:00:07.517+07:00 DEBUG 21060 --- [vehicles_rental] [nio-8080-exec-7] m.m.a.RequestResponseBodyMethodProcessor : Writing [ApiResponse(msg=get vehicle ById successfully, status=200, data=VehicleResponse(id=1, category_name= (truncated)...]
2026-09-15T12:00:07.518+07:00 DEBUG 21060 --- [vehicles_rental] [nio-8080-exec-7] o.s.web.servlet.DispatcherServlet        : Completed 200 OK
2026-09-15T12:00:09.619+07:00 DEBUG 21060 --- [vehicles_rental] [nio-8080-exec-8] org.hibernate.SQL                        : select u1_0.id,u1_0.email,u1_0.gender,u1_0.is_active,u1_0.name,u1_0.profile_image,u1_0.pwd,u1_0.role,u1_0.tell from tb_users u1_0 where u1_0.email=?
Hibernate: select u1_0.id,u1_0.email,u1_0.gender,u1_0.is_active,u1_0.name,u1_0.profile_image,u1_0.pwd,u1_0.role,u1_0.tell from tb_users u1_0 where u1_0.email=?
2026-09-15T12:00:09.620+07:00 DEBUG 21060 --- [vehicles_rental] [nio-8080-exec-8] org.hibernate.SQL                        : select o1_0.id,o1_0.expiry_time,o1_0.otp,u1_0.id,u1_0.email,u1_0.gender,u1_0.is_active,u1_0.name,u1_0.profile_image,u1_0.pwd,u1_0.role,u1_0.tell,o1_0.verified from otp o1_0 left join tb_users u1_0 on u1_0.id=o1_0.user_id where o1_0.user_id=?
Hibernate: select o1_0.id,o1_0.expiry_time,o1_0.otp,u1_0.id,u1_0.email,u1_0.gender,u1_0.is_active,u1_0.name,u1_0.profile_image,u1_0.pwd,u1_0.role,u1_0.tell,o1_0.verified from otp o1_0 left join tb_users u1_0 on u1_0.id=o1_0.user_id where o1_0.user_id=?
2026-09-15T12:00:09.623+07:00 DEBUG 21060 --- [vehicles_rental] [nio-8080-exec-8] o.s.web.servlet.DispatcherServlet        : POST "/api/bookings", parameters={}
2026-09-15T12:00:09.623+07:00 DEBUG 21060 --- [vehicles_rental] [nio-8080-exec-8] s.w.s.m.m.a.RequestMappingHandlerMapping : Mapped to org.example.vehicles_rental.controller.BookingController#create(BookingRequest)
2026-09-15T12:00:09.624+07:00 DEBUG 21060 --- [vehicles_rental] [nio-8080-exec-8] m.m.a.RequestResponseBodyMethodProcessor : Read "application/json;charset=UTF-8" to [BookingRequest(userId=null, vehicleId=1, pickupDate=2026-09-16, returnDate=2026-09-20, status=null)]
2026-09-15T12:00:09.625+07:00 DEBUG 21060 --- [vehicles_rental] [nio-8080-exec-8] org.hibernate.SQL                        : select u1_0.id,u1_0.email,u1_0.gender,u1_0.is_active,u1_0.name,u1_0.profile_image,u1_0.pwd,u1_0.role,u1_0.tell from tb_users u1_0 where u1_0.email=?
Hibernate: select u1_0.id,u1_0.email,u1_0.gender,u1_0.is_active,u1_0.name,u1_0.profile_image,u1_0.pwd,u1_0.role,u1_0.tell from tb_users u1_0 where u1_0.email=?
2026-09-15T12:00:09.625+07:00 DEBUG 21060 --- [vehicles_rental] [nio-8080-exec-8] org.hibernate.SQL                        : select o1_0.id,o1_0.expiry_time,o1_0.otp,u1_0.id,u1_0.email,u1_0.gender,u1_0.is_active,u1_0.name,u1_0.profile_image,u1_0.pwd,u1_0.role,u1_0.tell,o1_0.verified from otp o1_0 left join tb_users u1_0 on u1_0.id=o1_0.user_id where o1_0.user_id=?
Hibernate: select o1_0.id,o1_0.expiry_time,o1_0.otp,u1_0.id,u1_0.email,u1_0.gender,u1_0.is_active,u1_0.name,u1_0.profile_image,u1_0.pwd,u1_0.role,u1_0.tell,o1_0.verified from otp o1_0 left join tb_users u1_0 on u1_0.id=o1_0.user_id where o1_0.user_id=?
2026-09-15T12:00:09.626+07:00 DEBUG 21060 --- [vehicles_rental] [nio-8080-exec-8] org.hibernate.SQL                        : select v1_0.id,b1_0.id,b1_0.brand_name,b1_0.create_at,b1_0.logo,b1_0.update_at,c1_0.id,c1_0.category_name,c1_0.create_at,c1_0.description,c1_0.update_at,v1_0.create_at,v1_0.description,v1_0.fuel_type,v1_0.model,v1_0.name,v1_0.plate_number,v1_0.price_per_day,v1_0.seat,v1_0.status,v1_0.transmission,v1_0.update_at,v1_0.year from vehicles v1_0 left join brand b1_0 on b1_0.id=v1_0.brand_id left join categories c1_0 on c1_0.id=v1_0.category_id where v1_0.id=?
Hibernate: select v1_0.id,b1_0.id,b1_0.brand_name,b1_0.create_at,b1_0.logo,b1_0.update_at,c1_0.id,c1_0.category_name,c1_0.create_at,c1_0.description,c1_0.update_at,v1_0.create_at,v1_0.description,v1_0.fuel_type,v1_0.model,v1_0.name,v1_0.plate_number,v1_0.price_per_day,v1_0.seat,v1_0.status,v1_0.transmission,v1_0.update_at,v1_0.year from vehicles v1_0 left join brand b1_0 on b1_0.id=v1_0.brand_id left join categories c1_0 on c1_0.id=v1_0.category_id where v1_0.id=?
2026-09-15T12:00:09.628+07:00 DEBUG 21060 --- [vehicles_rental] [nio-8080-exec-8] org.hibernate.SQL                        : select count(b1_0.id)>0 from bookings b1_0 where b1_0.vehicle_id=? and b1_0.pickup_date<? and b1_0.return_date>? and b1_0.status in (?,?) and b1_0.user_id<>?
Hibernate: select count(b1_0.id)>0 from bookings b1_0 where b1_0.vehicle_id=? and b1_0.pickup_date<? and b1_0.return_date>? and b1_0.status in (?,?) and b1_0.user_id<>?
2026-09-15T12:00:09.631+07:00 DEBUG 21060 --- [vehicles_rental] [nio-8080-exec-8] org.hibernate.SQL                        : insert into bookings (created_at,pickup_date,return_date,status,total_days,total_price,updated_at,user_id,vehicle_id) values (?,?,?,?,?,?,?,?,?)
Hibernate: insert into bookings (created_at,pickup_date,return_date,status,total_days,total_price,updated_at,user_id,vehicle_id) values (?,?,?,?,?,?,?,?,?)
2026-09-15T12:00:09.641+07:00 DEBUG 21060 --- [vehicles_rental] [nio-8080-exec-8] org.hibernate.SQL                        : select ns1_0.id,ns1_0.booking_cancellation,ns1_0.daily_summary_report,ns1_0.low_availability_alert,ns1_0.new_booking,ns1_0.new_user_registration,ns1_0.payment_received from notification_settings ns1_0 where ns1_0.id=?
Hibernate: select ns1_0.id,ns1_0.booking_cancellation,ns1_0.daily_summary_report,ns1_0.low_availability_alert,ns1_0.new_booking,ns1_0.new_user_registration,ns1_0.payment_received from notification_settings ns1_0 where ns1_0.id=?
2026-09-15T12:00:09.644+07:00 DEBUG 21060 --- [vehicles_rental] [nio-8080-exec-8] org.hibernate.SQL                        : select u1_0.id,u1_0.email,u1_0.gender,u1_0.is_active,u1_0.name,u1_0.profile_image,u1_0.pwd,u1_0.role,u1_0.tell from tb_users u1_0 where u1_0.role=?
Hibernate: select u1_0.id,u1_0.email,u1_0.gender,u1_0.is_active,u1_0.name,u1_0.profile_image,u1_0.pwd,u1_0.role,u1_0.tell from tb_users u1_0 where u1_0.role=?
2026-09-15T12:00:09.645+07:00 DEBUG 21060 --- [vehicles_rental] [nio-8080-exec-8] o.s.w.s.m.m.a.HttpEntityMethodProcessor  : Using 'application/json', given [application/json, text/plain, */*] and supported [application/json, application/*+json]
2026-09-15T12:00:09.645+07:00 DEBUG 21060 --- [vehicles_rental] [nio-8080-exec-8] o.s.w.s.m.m.a.HttpEntityMethodProcessor  : Writing [ApiResponse(msg=Booking created successfully, status=201, data=BookingResponse(id=14, userId=7, user (truncated)...]
2026-09-15T12:00:09.646+07:00 DEBUG 21060 --- [vehicles_rental] [nio-8080-exec-8] o.s.web.servlet.DispatcherServlet        : Completed 200 OK
2026-09-15T12:00:09.686+07:00 DEBUG 21060 --- [vehicles_rental] [io-8080-exec-10] org.hibernate.SQL                        : select u1_0.id,u1_0.email,u1_0.gender,u1_0.is_active,u1_0.name,u1_0.profile_image,u1_0.pwd,u1_0.role,u1_0.tell from tb_users u1_0 where u1_0.email=?
Hibernate: select u1_0.id,u1_0.email,u1_0.gender,u1_0.is_active,u1_0.name,u1_0.profile_image,u1_0.pwd,u1_0.role,u1_0.tell from tb_users u1_0 where u1_0.email=?
2026-09-15T12:00:09.687+07:00 DEBUG 21060 --- [vehicles_rental] [io-8080-exec-10] org.hibernate.SQL                        : select o1_0.id,o1_0.expiry_time,o1_0.otp,u1_0.id,u1_0.email,u1_0.gender,u1_0.is_active,u1_0.name,u1_0.profile_image,u1_0.pwd,u1_0.role,u1_0.tell,o1_0.verified from otp o1_0 left join tb_users u1_0 on u1_0.id=o1_0.user_id where o1_0.user_id=?
Hibernate: select o1_0.id,o1_0.expiry_time,o1_0.otp,u1_0.id,u1_0.email,u1_0.gender,u1_0.is_active,u1_0.name,u1_0.profile_image,u1_0.pwd,u1_0.role,u1_0.tell,o1_0.verified from otp o1_0 left join tb_users u1_0 on u1_0.id=o1_0.user_id where o1_0.user_id=?
2026-09-15T12:00:09.690+07:00 DEBUG 21060 --- [vehicles_rental] [io-8080-exec-10] o.s.web.servlet.DispatcherServlet        : GET "/api/paymentMethods", parameters={}
2026-09-15T12:00:09.691+07:00 DEBUG 21060 --- [vehicles_rental] [io-8080-exec-10] s.w.s.m.m.a.RequestMappingHandlerMapping : Mapped to org.example.vehicles_rental.controller.PaymentMethodController#getAll()
2026-09-15T12:00:09.693+07:00 DEBUG 21060 --- [vehicles_rental] [io-8080-exec-10] org.hibernate.SQL                        : select pm1_0.id,pm1_0.description,pm1_0.method_name,pm1_0.status from payment_methods pm1_0
Hibernate: select pm1_0.id,pm1_0.description,pm1_0.method_name,pm1_0.status from payment_methods pm1_0
2026-09-15T12:00:09.696+07:00 DEBUG 21060 --- [vehicles_rental] [io-8080-exec-10] o.s.w.s.m.m.a.HttpEntityMethodProcessor  : Using 'application/json', given [application/json, text/plain, */*] and supported [application/json, application/*+json]
2026-09-15T12:00:09.696+07:00 DEBUG 21060 --- [vehicles_rental] [io-8080-exec-10] o.s.w.s.m.m.a.HttpEntityMethodProcessor  : Writing [ApiResponse(msg=Payment methods retrieved successfully, status=200, data=[PaymentMethodResponse(id=1 (truncated)...]
2026-09-15T12:00:09.697+07:00 DEBUG 21060 --- [vehicles_rental] [io-8080-exec-10] o.s.web.servlet.DispatcherServlet        : Completed 200 OK
2026-09-15T12:00:09.706+07:00 DEBUG 21060 --- [vehicles_rental] [nio-8080-exec-2] org.hibernate.SQL                        : select u1_0.id,u1_0.email,u1_0.gender,u1_0.is_active,u1_0.name,u1_0.profile_image,u1_0.pwd,u1_0.role,u1_0.tell from tb_users u1_0 where u1_0.email=?
Hibernate: select u1_0.id,u1_0.email,u1_0.gender,u1_0.is_active,u1_0.name,u1_0.profile_image,u1_0.pwd,u1_0.role,u1_0.tell from tb_users u1_0 where u1_0.email=?
2026-09-15T12:00:09.707+07:00 DEBUG 21060 --- [vehicles_rental] [nio-8080-exec-2] org.hibernate.SQL                        : select o1_0.id,o1_0.expiry_time,o1_0.otp,u1_0.id,u1_0.email,u1_0.gender,u1_0.is_active,u1_0.name,u1_0.profile_image,u1_0.pwd,u1_0.role,u1_0.tell,o1_0.verified from otp o1_0 left join tb_users u1_0 on u1_0.id=o1_0.user_id where o1_0.user_id=?
Hibernate: select o1_0.id,o1_0.expiry_time,o1_0.otp,u1_0.id,u1_0.email,u1_0.gender,u1_0.is_active,u1_0.name,u1_0.profile_image,u1_0.pwd,u1_0.role,u1_0.tell,o1_0.verified from otp o1_0 left join tb_users u1_0 on u1_0.id=o1_0.user_id where o1_0.user_id=?
2026-09-15T12:00:09.710+07:00 DEBUG 21060 --- [vehicles_rental] [nio-8080-exec-2] o.s.web.servlet.DispatcherServlet        : GET "/api/payments/bakong/scan-status?amount=0.8&currency=USD", parameters={masked}
2026-09-15T12:00:09.710+07:00 DEBUG 21060 --- [vehicles_rental] [nio-8080-exec-2] s.w.s.m.m.a.RequestMappingHandlerMapping : Mapped to org.example.vehicles_rental.controller.PaymentController#checkBakongScanPayment(String, BigDecimal, String)
2026-09-15T12:00:09.711+07:00 DEBUG 21060 --- [vehicles_rental] [nio-8080-exec-2] o.s.w.s.m.m.a.HttpEntityMethodProcessor  : Using 'application/json', given [application/json, text/plain, */*] and supported [application/json, application/*+json]
2026-09-15T12:00:09.712+07:00 DEBUG 21060 --- [vehicles_rental] [nio-8080-exec-2] o.s.w.s.m.m.a.HttpEntityMethodProcessor  : Writing [BakongPaymentResponse(paymentId=null, bookingId=null, amount=0.8, currency=USD, transactionId=null,  (truncated)...]
2026-09-15T12:00:09.713+07:00 DEBUG 21060 --- [vehicles_rental] [nio-8080-exec-2] o.s.web.servlet.DispatcherServlet        : Completed 200 OK
2026-09-15T12:00:09.718+07:00 DEBUG 21060 --- [vehicles_rental] [nio-8080-exec-1] org.hibernate.SQL                        : select u1_0.id,u1_0.email,u1_0.gender,u1_0.is_active,u1_0.name,u1_0.profile_image,u1_0.pwd,u1_0.role,u1_0.tell from tb_users u1_0 where u1_0.email=?
Hibernate: select u1_0.id,u1_0.email,u1_0.gender,u1_0.is_active,u1_0.name,u1_0.profile_image,u1_0.pwd,u1_0.role,u1_0.tell from tb_users u1_0 where u1_0.email=?
2026-09-15T12:00:09.719+07:00 DEBUG 21060 --- [vehicles_rental] [nio-8080-exec-1] org.hibernate.SQL                        : select o1_0.id,o1_0.expiry_time,o1_0.otp,u1_0.id,u1_0.email,u1_0.gender,u1_0.is_active,u1_0.name,u1_0.profile_image,u1_0.pwd,u1_0.role,u1_0.tell,o1_0.verified from otp o1_0 left join tb_users u1_0 on u1_0.id=o1_0.user_id where o1_0.user_id=?
Hibernate: select o1_0.id,o1_0.expiry_time,o1_0.otp,u1_0.id,u1_0.email,u1_0.gender,u1_0.is_active,u1_0.name,u1_0.profile_image,u1_0.pwd,u1_0.role,u1_0.tell,o1_0.verified from otp o1_0 left join tb_users u1_0 on u1_0.id=o1_0.user_id where o1_0.user_id=?
2026-09-15T12:00:09.722+07:00 DEBUG 21060 --- [vehicles_rental] [nio-8080-exec-1] o.s.web.servlet.DispatcherServlet        : POST "/api/payments/bakong/scan-qr", parameters={}
2026-09-15T12:00:09.722+07:00 DEBUG 21060 --- [vehicles_rental] [nio-8080-exec-1] s.w.s.m.m.a.RequestMappingHandlerMapping : Mapped to org.example.vehicles_rental.controller.PaymentController#createBakongScanQr(CreatePaymentRequest)
2026-09-15T12:00:09.723+07:00 DEBUG 21060 --- [vehicles_rental] [nio-8080-exec-1] m.m.a.RequestResponseBodyMethodProcessor : Read "application/json;charset=UTF-8" to [CreatePaymentRequest(bookingId=14, paymentMethodId=null, amount=0.4, currency=USD)]
2026-09-15T12:00:09.725+07:00 DEBUG 21060 --- [vehicles_rental] [nio-8080-exec-1] o.s.w.s.m.m.a.HttpEntityMethodProcessor  : Using 'application/json', given [application/json, text/plain, */*] and supported [application/json, application/*+json]
2026-09-15T12:00:09.725+07:00 DEBUG 21060 --- [vehicles_rental] [nio-8080-exec-1] o.s.w.s.m.m.a.HttpEntityMethodProcessor  : Writing [BakongPaymentResponse(paymentId=null, bookingId=14, amount=0.4, currency=USD, transactionId=BOOK-14, (truncated)...]
2026-09-15T12:00:09.726+07:00 DEBUG 21060 --- [vehicles_rental] [nio-8080-exec-1] o.s.web.servlet.DispatcherServlet        : Completed 200 OK
2026-09-15T12:00:09.756+07:00 DEBUG 21060 --- [vehicles_rental] [nio-8080-exec-4] org.hibernate.SQL                        : select u1_0.id,u1_0.email,u1_0.gender,u1_0.is_active,u1_0.name,u1_0.profile_image,u1_0.pwd,u1_0.role,u1_0.tell from tb_users u1_0 where u1_0.email=?
Hibernate: select u1_0.id,u1_0.email,u1_0.gender,u1_0.is_active,u1_0.name,u1_0.profile_image,u1_0.pwd,u1_0.role,u1_0.tell from tb_users u1_0 where u1_0.email=?
2026-09-15T12:00:09.756+07:00 DEBUG 21060 --- [vehicles_rental] [nio-8080-exec-4] org.hibernate.SQL                        : select o1_0.id,o1_0.expiry_time,o1_0.otp,u1_0.id,u1_0.email,u1_0.gender,u1_0.is_active,u1_0.name,u1_0.profile_image,u1_0.pwd,u1_0.role,u1_0.tell,o1_0.verified from otp o1_0 left join tb_users u1_0 on u1_0.id=o1_0.user_id where o1_0.user_id=?
Hibernate: select o1_0.id,o1_0.expiry_time,o1_0.otp,u1_0.id,u1_0.email,u1_0.gender,u1_0.is_active,u1_0.name,u1_0.profile_image,u1_0.pwd,u1_0.role,u1_0.tell,o1_0.verified from otp o1_0 left join tb_users u1_0 on u1_0.id=o1_0.user_id where o1_0.user_id=?
2026-09-15T12:00:09.760+07:00 DEBUG 21060 --- [vehicles_rental] [nio-8080-exec-4] o.s.web.servlet.DispatcherServlet        : GET "/api/payments/bakong/scan-status?reference=39af84df0d9289d910942610d71e3fac&amount=0.4&currency=USD", parameters={masked}
2026-09-15T12:00:09.760+07:00 DEBUG 21060 --- [vehicles_rental] [nio-8080-exec-4] s.w.s.m.m.a.RequestMappingHandlerMapping : Mapped to org.example.vehicles_rental.controller.PaymentController#checkBakongScanPayment(String, BigDecimal, String)
2026-09-15T12:00:09.761+07:00 DEBUG 21060 --- [vehicles_rental] [nio-8080-exec-4] o.s.web.client.RestTemplate              : HTTP POST https://api-bakong.nbc.gov.kh/v1/check_transaction_by_md5
2026-09-15T12:00:09.761+07:00 DEBUG 21060 --- [vehicles_rental] [nio-8080-exec-4] o.s.web.client.RestTemplate              : Accept=[application/json, application/*+json]
2026-09-15T12:00:09.762+07:00 DEBUG 21060 --- [vehicles_rental] [nio-8080-exec-4] o.s.web.client.RestTemplate              : Writing [{md5=39af84df0d9289d910942610d71e3fac}] as "application/json"
2026-09-15T12:00:10.157+07:00 DEBUG 21060 --- [vehicles_rental] [nio-8080-exec-4] o.s.web.client.RestTemplate              : Response 200 OK
2026-09-15T12:00:10.158+07:00 DEBUG 21060 --- [vehicles_rental] [nio-8080-exec-4] o.s.web.client.RestTemplate              : Reading to [java.util.Map<java.lang.String, java.lang.Object>]
2026-09-15T12:00:10.158+07:00 DEBUG 21060 --- [vehicles_rental] [nio-8080-exec-4] o.s.w.s.m.m.a.HttpEntityMethodProcessor  : Using 'application/json', given [application/json, text/plain, */*] and supported [application/json, application/*+json]
2026-09-15T12:00:10.158+07:00 DEBUG 21060 --- [vehicles_rental] [nio-8080-exec-4] o.s.w.s.m.m.a.HttpEntityMethodProcessor  : Writing [BakongPaymentResponse(paymentId=null, bookingId=null, amount=null, currency=null, transactionId=null (truncated)...]
2026-09-15T12:00:10.159+07:00 DEBUG 21060 --- [vehicles_rental] [nio-8080-exec-4] o.s.web.servlet.DispatcherServlet        : Completed 200 OK
2026-09-15T12:00:14.752+07:00 DEBUG 21060 --- [vehicles_rental] [nio-8080-exec-6] org.hibernate.SQL                        : select u1_0.id,u1_0.email,u1_0.gender,u1_0.is_active,u1_0.name,u1_0.profile_image,u1_0.pwd,u1_0.role,u1_0.tell from tb_users u1_0 where u1_0.email=?
Hibernate: select u1_0.id,u1_0.email,u1_0.gender,u1_0.is_active,u1_0.name,u1_0.profile_image,u1_0.pwd,u1_0.role,u1_0.tell from tb_users u1_0 where u1_0.email=?
2026-09-15T12:00:14.752+07:00 DEBUG 21060 --- [vehicles_rental] [nio-8080-exec-6] org.hibernate.SQL                        : select o1_0.id,o1_0.expiry_time,o1_0.otp,u1_0.id,u1_0.email,u1_0.gender,u1_0.is_active,u1_0.name,u1_0.profile_image,u1_0.pwd,u1_0.role,u1_0.tell,o1_0.verified from otp o1_0 left join tb_users u1_0 on u1_0.id=o1_0.user_id where o1_0.user_id=?
Hibernate: select o1_0.id,o1_0.expiry_time,o1_0.otp,u1_0.id,u1_0.email,u1_0.gender,u1_0.is_active,u1_0.name,u1_0.profile_image,u1_0.pwd,u1_0.role,u1_0.tell,o1_0.verified from otp o1_0 left join tb_users u1_0 on u1_0.id=o1_0.user_id where o1_0.user_id=?
2026-09-15T12:00:14.755+07:00 DEBUG 21060 --- [vehicles_rental] [nio-8080-exec-6] o.s.web.servlet.DispatcherServlet        : GET "/api/payments/bakong/scan-status?reference=39af84df0d9289d910942610d71e3fac&amount=0.4&currency=USD", parameters={masked}
2026-09-15T12:00:14.755+07:00 DEBUG 21060 --- [vehicles_rental] [nio-8080-exec-6] s.w.s.m.m.a.RequestMappingHandlerMapping : Mapped to org.example.vehicles_rental.controller.PaymentController#checkBakongScanPayment(String, BigDecimal, String)
2026-09-15T12:00:14.756+07:00 DEBUG 21060 --- [vehicles_rental] [nio-8080-exec-6] o.s.web.client.RestTemplate              : HTTP POST https://api-bakong.nbc.gov.kh/v1/check_transaction_by_md5
2026-09-15T12:00:14.756+07:00 DEBUG 21060 --- [vehicles_rental] [nio-8080-exec-6] o.s.web.client.RestTemplate              : Accept=[application/json, application/*+json]
2026-09-15T12:00:14.756+07:00 DEBUG 21060 --- [vehicles_rental] [nio-8080-exec-6] o.s.web.client.RestTemplate              : Writing [{md5=39af84df0d9289d910942610d71e3fac}] as "application/json"
2026-09-15T12:00:15.056+07:00 DEBUG 21060 --- [vehicles_rental] [nio-8080-exec-6] o.s.web.client.RestTemplate              : Response 200 OK
2026-09-15T12:00:15.056+07:00 DEBUG 21060 --- [vehicles_rental] [nio-8080-exec-6] o.s.web.client.RestTemplate              : Reading to [java.util.Map<java.lang.String, java.lang.Object>]
2026-09-15T12:00:15.057+07:00 DEBUG 21060 --- [vehicles_rental] [nio-8080-exec-6] o.s.w.s.m.m.a.HttpEntityMethodProcessor  : Using 'application/json', given [application/json, text/plain, */*] and supported [application/json, application/*+json]
2026-09-15T12:00:15.057+07:00 DEBUG 21060 --- [vehicles_rental] [nio-8080-exec-6] o.s.w.s.m.m.a.HttpEntityMethodProcessor  : Writing [BakongPaymentResponse(paymentId=null, bookingId=null, amount=null, currency=null, transactionId=null (truncated)...]
2026-09-15T12:00:15.058+07:00 DEBUG 21060 --- [vehicles_rental] [nio-8080-exec-6] o.s.web.servlet.DispatcherServlet        : Completed 200 OK
2026-09-15T12:00:19.752+07:00 DEBUG 21060 --- [vehicles_rental] [nio-8080-exec-5] org.hibernate.SQL                        : select u1_0.id,u1_0.email,u1_0.gender,u1_0.is_active,u1_0.name,u1_0.profile_image,u1_0.pwd,u1_0.role,u1_0.tell from tb_users u1_0 where u1_0.email=?
Hibernate: select u1_0.id,u1_0.email,u1_0.gender,u1_0.is_active,u1_0.name,u1_0.profile_image,u1_0.pwd,u1_0.role,u1_0.tell from tb_users u1_0 where u1_0.email=?
2026-09-15T12:00:19.752+07:00 DEBUG 21060 --- [vehicles_rental] [nio-8080-exec-5] org.hibernate.SQL                        : select o1_0.id,o1_0.expiry_time,o1_0.otp,u1_0.id,u1_0.email,u1_0.gender,u1_0.is_active,u1_0.name,u1_0.profile_image,u1_0.pwd,u1_0.role,u1_0.tell,o1_0.verified from otp o1_0 left join tb_users u1_0 on u1_0.id=o1_0.user_id where o1_0.user_id=?
Hibernate: select o1_0.id,o1_0.expiry_time,o1_0.otp,u1_0.id,u1_0.email,u1_0.gender,u1_0.is_active,u1_0.name,u1_0.profile_image,u1_0.pwd,u1_0.role,u1_0.tell,o1_0.verified from otp o1_0 left join tb_users u1_0 on u1_0.id=o1_0.user_id where o1_0.user_id=?
2026-09-15T12:00:19.754+07:00 DEBUG 21060 --- [vehicles_rental] [nio-8080-exec-5] o.s.web.servlet.DispatcherServlet        : GET "/api/payments/bakong/scan-status?reference=39af84df0d9289d910942610d71e3fac&amount=0.4&currency=USD", parameters={masked}
2026-09-15T12:00:19.754+07:00 DEBUG 21060 --- [vehicles_rental] [nio-8080-exec-5] s.w.s.m.m.a.RequestMappingHandlerMapping : Mapped to org.example.vehicles_rental.controller.PaymentController#checkBakongScanPayment(String, BigDecimal, String)
2026-09-15T12:00:19.755+07:00 DEBUG 21060 --- [vehicles_rental] [nio-8080-exec-5] o.s.web.client.RestTemplate              : HTTP POST https://api-bakong.nbc.gov.kh/v1/check_transaction_by_md5
2026-09-15T12:00:19.755+07:00 DEBUG 21060 --- [vehicles_rental] [nio-8080-exec-5] o.s.web.client.RestTemplate              : Accept=[application/json, application/*+json]
2026-09-15T12:00:19.755+07:00 DEBUG 21060 --- [vehicles_rental] [nio-8080-exec-5] o.s.web.client.RestTemplate              : Writing [{md5=39af84df0d9289d910942610d71e3fac}] as "application/json"
2026-09-15T12:00:19.972+07:00 DEBUG 21060 --- [vehicles_rental] [nio-8080-exec-5] o.s.web.client.RestTemplate              : Response 200 OK
2026-09-15T12:00:19.972+07:00 DEBUG 21060 --- [vehicles_rental] [nio-8080-exec-5] o.s.web.client.RestTemplate              : Reading to [java.util.Map<java.lang.String, java.lang.Object>]
2026-09-15T12:00:19.972+07:00 DEBUG 21060 --- [vehicles_rental] [nio-8080-exec-5] o.s.w.s.m.m.a.HttpEntityMethodProcessor  : Using 'application/json', given [application/json, text/plain, */*] and supported [application/json, application/*+json]
2026-09-15T12:00:19.972+07:00 DEBUG 21060 --- [vehicles_rental] [nio-8080-exec-5] o.s.w.s.m.m.a.HttpEntityMethodProcessor  : Writing [BakongPaymentResponse(paymentId=null, bookingId=null, amount=null, currency=null, transactionId=null (truncated)...]
2026-09-15T12:00:19.974+07:00 DEBUG 21060 --- [vehicles_rental] [nio-8080-exec-5] o.s.web.servlet.DispatcherServlet        : Completed 200 OK
2026-09-15T12:00:24.766+07:00 DEBUG 21060 --- [vehicles_rental] [nio-8080-exec-7] org.hibernate.SQL                        : select u1_0.id,u1_0.email,u1_0.gender,u1_0.is_active,u1_0.name,u1_0.profile_image,u1_0.pwd,u1_0.role,u1_0.tell from tb_users u1_0 where u1_0.email=?
Hibernate: select u1_0.id,u1_0.email,u1_0.gender,u1_0.is_active,u1_0.name,u1_0.profile_image,u1_0.pwd,u1_0.role,u1_0.tell from tb_users u1_0 where u1_0.email=?
2026-09-15T12:00:24.767+07:00 DEBUG 21060 --- [vehicles_rental] [nio-8080-exec-7] org.hibernate.SQL                        : select o1_0.id,o1_0.expiry_time,o1_0.otp,u1_0.id,u1_0.email,u1_0.gender,u1_0.is_active,u1_0.name,u1_0.profile_image,u1_0.pwd,u1_0.role,u1_0.tell,o1_0.verified from otp o1_0 left join tb_users u1_0 on u1_0.id=o1_0.user_id where o1_0.user_id=?
Hibernate: select o1_0.id,o1_0.expiry_time,o1_0.otp,u1_0.id,u1_0.email,u1_0.gender,u1_0.is_active,u1_0.name,u1_0.profile_image,u1_0.pwd,u1_0.role,u1_0.tell,o1_0.verified from otp o1_0 left join tb_users u1_0 on u1_0.id=o1_0.user_id where o1_0.user_id=?
2026-09-15T12:00:24.770+07:00 DEBUG 21060 --- [vehicles_rental] [nio-8080-exec-7] o.s.web.servlet.DispatcherServlet        : GET "/api/payments/bakong/scan-status?reference=39af84df0d9289d910942610d71e3fac&amount=0.4&currency=USD", parameters={masked}
2026-09-15T12:00:24.770+07:00 DEBUG 21060 --- [vehicles_rental] [nio-8080-exec-7] s.w.s.m.m.a.RequestMappingHandlerMapping : Mapped to org.example.vehicles_rental.controller.PaymentController#checkBakongScanPayment(String, BigDecimal, String)
2026-09-15T12:00:24.771+07:00 DEBUG 21060 --- [vehicles_rental] [nio-8080-exec-7] o.s.web.client.RestTemplate              : HTTP POST https://api-bakong.nbc.gov.kh/v1/check_transaction_by_md5
2026-09-15T12:00:24.771+07:00 DEBUG 21060 --- [vehicles_rental] [nio-8080-exec-7] o.s.web.client.RestTemplate              : Accept=[application/json, application/*+json]
2026-09-15T12:00:24.771+07:00 DEBUG 21060 --- [vehicles_rental] [nio-8080-exec-7] o.s.web.client.RestTemplate              : Writing [{md5=39af84df0d9289d910942610d71e3fac}] as "application/json"
2026-09-15T12:00:24.979+07:00 DEBUG 21060 --- [vehicles_rental] [nio-8080-exec-7] o.s.web.client.RestTemplate              : Response 200 OK
2026-09-15T12:00:24.979+07:00 DEBUG 21060 --- [vehicles_rental] [nio-8080-exec-7] o.s.web.client.RestTemplate              : Reading to [java.util.Map<java.lang.String, java.lang.Object>]
2026-09-15T12:00:24.979+07:00 DEBUG 21060 --- [vehicles_rental] [nio-8080-exec-7] o.s.w.s.m.m.a.HttpEntityMethodProcessor  : Using 'application/json', given [application/json, text/plain, */*] and supported [application/json, application/*+json]
2026-09-15T12:00:24.979+07:00 DEBUG 21060 --- [vehicles_rental] [nio-8080-exec-7] o.s.w.s.m.m.a.HttpEntityMethodProcessor  : Writing [BakongPaymentResponse(paymentId=null, bookingId=null, amount=null, currency=null, transactionId=null (truncated)...]
2026-09-15T12:00:24.979+07:00 DEBUG 21060 --- [vehicles_rental] [nio-8080-exec-7] o.s.web.servlet.DispatcherServlet        : Completed 200 OK
2026-09-15T12:00:30.354+07:00 DEBUG 21060 --- [vehicles_rental] [nio-8080-exec-8] org.hibernate.SQL                        : select u1_0.id,u1_0.email,u1_0.gender,u1_0.is_active,u1_0.name,u1_0.profile_image,u1_0.pwd,u1_0.role,u1_0.tell from tb_users u1_0 where u1_0.email=?
Hibernate: select u1_0.id,u1_0.email,u1_0.gender,u1_0.is_active,u1_0.name,u1_0.profile_image,u1_0.pwd,u1_0.role,u1_0.tell from tb_users u1_0 where u1_0.email=?
2026-09-15T12:00:30.355+07:00 DEBUG 21060 --- [vehicles_rental] [nio-8080-exec-8] org.hibernate.SQL                        : select o1_0.id,o1_0.expiry_time,o1_0.otp,u1_0.id,u1_0.email,u1_0.gender,u1_0.is_active,u1_0.name,u1_0.profile_image,u1_0.pwd,u1_0.role,u1_0.tell,o1_0.verified from otp o1_0 left join tb_users u1_0 on u1_0.id=o1_0.user_id where o1_0.user_id=?
Hibernate: select o1_0.id,o1_0.expiry_time,o1_0.otp,u1_0.id,u1_0.email,u1_0.gender,u1_0.is_active,u1_0.name,u1_0.profile_image,u1_0.pwd,u1_0.role,u1_0.tell,o1_0.verified from otp o1_0 left join tb_users u1_0 on u1_0.id=o1_0.user_id where o1_0.user_id=?
2026-09-15T12:00:30.357+07:00 DEBUG 21060 --- [vehicles_rental] [nio-8080-exec-8] o.s.web.servlet.DispatcherServlet        : GET "/api/payments/bakong/scan-status?reference=39af84df0d9289d910942610d71e3fac&amount=0.4&currency=USD", parameters={masked}
2026-09-15T12:00:30.357+07:00 DEBUG 21060 --- [vehicles_rental] [nio-8080-exec-8] s.w.s.m.m.a.RequestMappingHandlerMapping : Mapped to org.example.vehicles_rental.controller.PaymentController#checkBakongScanPayment(String, BigDecimal, String)
2026-09-15T12:00:30.358+07:00 DEBUG 21060 --- [vehicles_rental] [nio-8080-exec-8] o.s.web.client.RestTemplate              : HTTP POST https://api-bakong.nbc.gov.kh/v1/check_transaction_by_md5
2026-09-15T12:00:30.359+07:00 DEBUG 21060 --- [vehicles_rental] [nio-8080-exec-8] o.s.web.client.RestTemplate              : Accept=[application/json, application/*+json]
2026-09-15T12:00:30.359+07:00 DEBUG 21060 --- [vehicles_rental] [nio-8080-exec-8] o.s.web.client.RestTemplate              : Writing [{md5=39af84df0d9289d910942610d71e3fac}] as "application/json"
2026-09-15T12:00:30.686+07:00 DEBUG 21060 --- [vehicles_rental] [nio-8080-exec-8] o.s.web.client.RestTemplate              : Response 200 OK
2026-09-15T12:00:30.687+07:00 DEBUG 21060 --- [vehicles_rental] [nio-8080-exec-8] o.s.web.client.RestTemplate              : Reading to [java.util.Map<java.lang.String, java.lang.Object>]
2026-09-15T12:00:30.687+07:00 DEBUG 21060 --- [vehicles_rental] [nio-8080-exec-8] o.s.w.s.m.m.a.HttpEntityMethodProcessor  : Using 'application/json', given [application/json, text/plain, */*] and supported [application/json, application/*+json]
2026-09-15T12:00:30.688+07:00 DEBUG 21060 --- [vehicles_rental] [nio-8080-exec-8] o.s.w.s.m.m.a.HttpEntityMethodProcessor  : Writing [BakongPaymentResponse(paymentId=null, bookingId=null, amount=null, currency=null, transactionId=null (truncated)...]
2026-09-15T12:00:30.688+07:00 DEBUG 21060 --- [vehicles_rental] [nio-8080-exec-8] o.s.web.servlet.DispatcherServlet        : Completed 200 OK
2026-09-15T12:00:35.348+07:00 DEBUG 21060 --- [vehicles_rental] [io-8080-exec-10] org.hibernate.SQL                        : select u1_0.id,u1_0.email,u1_0.gender,u1_0.is_active,u1_0.name,u1_0.profile_image,u1_0.pwd,u1_0.role,u1_0.tell from tb_users u1_0 where u1_0.email=?
Hibernate: select u1_0.id,u1_0.email,u1_0.gender,u1_0.is_active,u1_0.name,u1_0.profile_image,u1_0.pwd,u1_0.role,u1_0.tell from tb_users u1_0 where u1_0.email=?
2026-09-15T12:00:35.348+07:00 DEBUG 21060 --- [vehicles_rental] [io-8080-exec-10] org.hibernate.SQL                        : select o1_0.id,o1_0.expiry_time,o1_0.otp,u1_0.id,u1_0.email,u1_0.gender,u1_0.is_active,u1_0.name,u1_0.profile_image,u1_0.pwd,u1_0.role,u1_0.tell,o1_0.verified from otp o1_0 left join tb_users u1_0 on u1_0.id=o1_0.user_id where o1_0.user_id=?
Hibernate: select o1_0.id,o1_0.expiry_time,o1_0.otp,u1_0.id,u1_0.email,u1_0.gender,u1_0.is_active,u1_0.name,u1_0.profile_image,u1_0.pwd,u1_0.role,u1_0.tell,o1_0.verified from otp o1_0 left join tb_users u1_0 on u1_0.id=o1_0.user_id where o1_0.user_id=?
2026-09-15T12:00:35.349+07:00 DEBUG 21060 --- [vehicles_rental] [io-8080-exec-10] o.s.web.servlet.DispatcherServlet        : GET "/api/payments/bakong/scan-status?reference=39af84df0d9289d910942610d71e3fac&amount=0.4&currency=USD", parameters={masked}
2026-09-15T12:00:35.350+07:00 DEBUG 21060 --- [vehicles_rental] [io-8080-exec-10] s.w.s.m.m.a.RequestMappingHandlerMapping : Mapped to org.example.vehicles_rental.controller.PaymentController#checkBakongScanPayment(String, BigDecimal, String)
2026-09-15T12:00:35.350+07:00 DEBUG 21060 --- [vehicles_rental] [io-8080-exec-10] o.s.web.client.RestTemplate              : HTTP POST https://api-bakong.nbc.gov.kh/v1/check_transaction_by_md5
2026-09-15T12:00:35.350+07:00 DEBUG 21060 --- [vehicles_rental] [io-8080-exec-10] o.s.web.client.RestTemplate              : Accept=[application/json, application/*+json]
2026-09-15T12:00:35.350+07:00 DEBUG 21060 --- [vehicles_rental] [io-8080-exec-10] o.s.web.client.RestTemplate              : Writing [{md5=39af84df0d9289d910942610d71e3fac}] as "application/json"
2026-09-15T12:00:35.558+07:00 DEBUG 21060 --- [vehicles_rental] [io-8080-exec-10] o.s.web.client.RestTemplate              : Response 200 OK
2026-09-15T12:00:35.558+07:00 DEBUG 21060 --- [vehicles_rental] [io-8080-exec-10] o.s.web.client.RestTemplate              : Reading to [java.util.Map<java.lang.String, java.lang.Object>]
2026-09-15T12:00:35.558+07:00 DEBUG 21060 --- [vehicles_rental] [io-8080-exec-10] o.s.w.s.m.m.a.HttpEntityMethodProcessor  : Using 'application/json', given [application/json, text/plain, */*] and supported [application/json, application/*+json]
2026-09-15T12:00:35.558+07:00 DEBUG 21060 --- [vehicles_rental] [io-8080-exec-10] o.s.w.s.m.m.a.HttpEntityMethodProcessor  : Writing [BakongPaymentResponse(paymentId=null, bookingId=null, amount=null, currency=null, transactionId=null (truncated)...]
2026-09-15T12:00:35.558+07:00 DEBUG 21060 --- [vehicles_rental] [io-8080-exec-10] o.s.web.servlet.DispatcherServlet        : Completed 200 OK
2026-09-15T12:00:40.363+07:00 DEBUG 21060 --- [vehicles_rental] [nio-8080-exec-9] org.hibernate.SQL                        : select u1_0.id,u1_0.email,u1_0.gender,u1_0.is_active,u1_0.name,u1_0.profile_image,u1_0.pwd,u1_0.role,u1_0.tell from tb_users u1_0 where u1_0.email=?
Hibernate: select u1_0.id,u1_0.email,u1_0.gender,u1_0.is_active,u1_0.name,u1_0.profile_image,u1_0.pwd,u1_0.role,u1_0.tell from tb_users u1_0 where u1_0.email=?
2026-09-15T12:00:40.364+07:00 DEBUG 21060 --- [vehicles_rental] [nio-8080-exec-9] org.hibernate.SQL                        : select o1_0.id,o1_0.expiry_time,o1_0.otp,u1_0.id,u1_0.email,u1_0.gender,u1_0.is_active,u1_0.name,u1_0.profile_image,u1_0.pwd,u1_0.role,u1_0.tell,o1_0.verified from otp o1_0 left join tb_users u1_0 on u1_0.id=o1_0.user_id where o1_0.user_id=?
Hibernate: select o1_0.id,o1_0.expiry_time,o1_0.otp,u1_0.id,u1_0.email,u1_0.gender,u1_0.is_active,u1_0.name,u1_0.profile_image,u1_0.pwd,u1_0.role,u1_0.tell,o1_0.verified from otp o1_0 left join tb_users u1_0 on u1_0.id=o1_0.user_id where o1_0.user_id=?
2026-09-15T12:00:40.365+07:00 DEBUG 21060 --- [vehicles_rental] [nio-8080-exec-9] o.s.web.servlet.DispatcherServlet        : GET "/api/payments/bakong/scan-status?reference=39af84df0d9289d910942610d71e3fac&amount=0.4&currency=USD", parameters={masked}
2026-09-15T12:00:40.365+07:00 DEBUG 21060 --- [vehicles_rental] [nio-8080-exec-9] s.w.s.m.m.a.RequestMappingHandlerMapping : Mapped to org.example.vehicles_rental.controller.PaymentController#checkBakongScanPayment(String, BigDecimal, String)
2026-09-15T12:00:40.366+07:00 DEBUG 21060 --- [vehicles_rental] [nio-8080-exec-9] o.s.web.client.RestTemplate              : HTTP POST https://api-bakong.nbc.gov.kh/v1/check_transaction_by_md5
2026-09-15T12:00:40.366+07:00 DEBUG 21060 --- [vehicles_rental] [nio-8080-exec-9] o.s.web.client.RestTemplate              : Accept=[application/json, application/*+json]
2026-09-15T12:00:40.366+07:00 DEBUG 21060 --- [vehicles_rental] [nio-8080-exec-9] o.s.web.client.RestTemplate              : Writing [{md5=39af84df0d9289d910942610d71e3fac}] as "application/json"
2026-09-15T12:00:40.583+07:00 DEBUG 21060 --- [vehicles_rental] [nio-8080-exec-9] o.s.web.client.RestTemplate              : Response 200 OK
2026-09-15T12:00:40.583+07:00 DEBUG 21060 --- [vehicles_rental] [nio-8080-exec-9] o.s.web.client.RestTemplate              : Reading to [java.util.Map<java.lang.String, java.lang.Object>]
2026-09-15T12:00:40.584+07:00 DEBUG 21060 --- [vehicles_rental] [nio-8080-exec-9] o.s.w.s.m.m.a.HttpEntityMethodProcessor  : Using 'application/json', given [application/json, text/plain, */*] and supported [application/json, application/*+json]
2026-09-15T12:00:40.584+07:00 DEBUG 21060 --- [vehicles_rental] [nio-8080-exec-9] o.s.w.s.m.m.a.HttpEntityMethodProcessor  : Writing [BakongPaymentResponse(paymentId=null, bookingId=null, amount=null, currency=null, transactionId=null (truncated)...]
2026-09-15T12:00:40.584+07:00 DEBUG 21060 --- [vehicles_rental] [nio-8080-exec-9] o.s.web.servlet.DispatcherServlet        : Completed 200 OK
2026-09-15T12:00:45.346+07:00 DEBUG 21060 --- [vehicles_rental] [nio-8080-exec-2] org.hibernate.SQL                        : select u1_0.id,u1_0.email,u1_0.gender,u1_0.is_active,u1_0.name,u1_0.profile_image,u1_0.pwd,u1_0.role,u1_0.tell from tb_users u1_0 where u1_0.email=?
Hibernate: select u1_0.id,u1_0.email,u1_0.gender,u1_0.is_active,u1_0.name,u1_0.profile_image,u1_0.pwd,u1_0.role,u1_0.tell from tb_users u1_0 where u1_0.email=?
2026-09-15T12:00:45.346+07:00 DEBUG 21060 --- [vehicles_rental] [nio-8080-exec-2] org.hibernate.SQL                        : select o1_0.id,o1_0.expiry_time,o1_0.otp,u1_0.id,u1_0.email,u1_0.gender,u1_0.is_active,u1_0.name,u1_0.profile_image,u1_0.pwd,u1_0.role,u1_0.tell,o1_0.verified from otp o1_0 left join tb_users u1_0 on u1_0.id=o1_0.user_id where o1_0.user_id=?
Hibernate: select o1_0.id,o1_0.expiry_time,o1_0.otp,u1_0.id,u1_0.email,u1_0.gender,u1_0.is_active,u1_0.name,u1_0.profile_image,u1_0.pwd,u1_0.role,u1_0.tell,o1_0.verified from otp o1_0 left join tb_users u1_0 on u1_0.id=o1_0.user_id where o1_0.user_id=?
2026-09-15T12:00:45.348+07:00 DEBUG 21060 --- [vehicles_rental] [nio-8080-exec-2] o.s.web.servlet.DispatcherServlet        : GET "/api/payments/bakong/scan-status?reference=39af84df0d9289d910942610d71e3fac&amount=0.4&currency=USD", parameters={masked}
2026-09-15T12:00:45.348+07:00 DEBUG 21060 --- [vehicles_rental] [nio-8080-exec-2] s.w.s.m.m.a.RequestMappingHandlerMapping : Mapped to org.example.vehicles_rental.controller.PaymentController#checkBakongScanPayment(String, BigDecimal, String)
2026-09-15T12:00:45.348+07:00 DEBUG 21060 --- [vehicles_rental] [nio-8080-exec-2] o.s.web.client.RestTemplate              : HTTP POST https://api-bakong.nbc.gov.kh/v1/check_transaction_by_md5
2026-09-15T12:00:45.348+07:00 DEBUG 21060 --- [vehicles_rental] [nio-8080-exec-2] o.s.web.client.RestTemplate              : Accept=[application/json, application/*+json]
2026-09-15T12:00:45.348+07:00 DEBUG 21060 --- [vehicles_rental] [nio-8080-exec-2] o.s.web.client.RestTemplate              : Writing [{md5=39af84df0d9289d910942610d71e3fac}] as "application/json"
2026-09-15T12:00:45.567+07:00 DEBUG 21060 --- [vehicles_rental] [nio-8080-exec-2] o.s.web.client.RestTemplate              : Response 200 OK
2026-09-15T12:00:45.567+07:00 DEBUG 21060 --- [vehicles_rental] [nio-8080-exec-2] o.s.web.client.RestTemplate              : Reading to [java.util.Map<java.lang.String, java.lang.Object>]
2026-09-15T12:00:45.567+07:00 DEBUG 21060 --- [vehicles_rental] [nio-8080-exec-2] o.s.w.s.m.m.a.HttpEntityMethodProcessor  : Using 'application/json', given [application/json, text/plain, */*] and supported [application/json, application/*+json]
2026-09-15T12:00:45.567+07:00 DEBUG 21060 --- [vehicles_rental] [nio-8080-exec-2] o.s.w.s.m.m.a.HttpEntityMethodProcessor  : Writing [BakongPaymentResponse(paymentId=null, bookingId=null, amount=null, currency=null, transactionId=null (truncated)...]
2026-09-15T12:00:45.568+07:00 DEBUG 21060 --- [vehicles_rental] [nio-8080-exec-2] o.s.web.servlet.DispatcherServlet        : Completed 200 OK
2026-09-15T12:00:50.350+07:00 DEBUG 21060 --- [vehicles_rental] [nio-8080-exec-1] org.hibernate.SQL                        : select u1_0.id,u1_0.email,u1_0.gender,u1_0.is_active,u1_0.name,u1_0.profile_image,u1_0.pwd,u1_0.role,u1_0.tell from tb_users u1_0 where u1_0.email=?
Hibernate: select u1_0.id,u1_0.email,u1_0.gender,u1_0.is_active,u1_0.name,u1_0.profile_image,u1_0.pwd,u1_0.role,u1_0.tell from tb_users u1_0 where u1_0.email=?
2026-09-15T12:00:50.350+07:00 DEBUG 21060 --- [vehicles_rental] [nio-8080-exec-1] org.hibernate.SQL                        : select o1_0.id,o1_0.expiry_time,o1_0.otp,u1_0.id,u1_0.email,u1_0.gender,u1_0.is_active,u1_0.name,u1_0.profile_image,u1_0.pwd,u1_0.role,u1_0.tell,o1_0.verified from otp o1_0 left join tb_users u1_0 on u1_0.id=o1_0.user_id where o1_0.user_id=?
Hibernate: select o1_0.id,o1_0.expiry_time,o1_0.otp,u1_0.id,u1_0.email,u1_0.gender,u1_0.is_active,u1_0.name,u1_0.profile_image,u1_0.pwd,u1_0.role,u1_0.tell,o1_0.verified from otp o1_0 left join tb_users u1_0 on u1_0.id=o1_0.user_id where o1_0.user_id=?
2026-09-15T12:00:50.350+07:00 DEBUG 21060 --- [vehicles_rental] [nio-8080-exec-1] o.s.web.servlet.DispatcherServlet        : GET "/api/payments/bakong/scan-status?reference=39af84df0d9289d910942610d71e3fac&amount=0.4&currency=USD", parameters={masked}
2026-09-15T12:00:50.350+07:00 DEBUG 21060 --- [vehicles_rental] [nio-8080-exec-1] s.w.s.m.m.a.RequestMappingHandlerMapping : Mapped to org.example.vehicles_rental.controller.PaymentController#checkBakongScanPayment(String, BigDecimal, String)
2026-09-15T12:00:50.350+07:00 DEBUG 21060 --- [vehicles_rental] [nio-8080-exec-1] o.s.web.client.RestTemplate              : HTTP POST https://api-bakong.nbc.gov.kh/v1/check_transaction_by_md5
2026-09-15T12:00:50.350+07:00 DEBUG 21060 --- [vehicles_rental] [nio-8080-exec-1] o.s.web.client.RestTemplate              : Accept=[application/json, application/*+json]
2026-09-15T12:00:50.350+07:00 DEBUG 21060 --- [vehicles_rental] [nio-8080-exec-1] o.s.web.client.RestTemplate              : Writing [{md5=39af84df0d9289d910942610d71e3fac}] as "application/json"
2026-09-15T12:00:50.576+07:00 DEBUG 21060 --- [vehicles_rental] [nio-8080-exec-1] o.s.web.client.RestTemplate              : Response 200 OK
2026-09-15T12:00:50.576+07:00 DEBUG 21060 --- [vehicles_rental] [nio-8080-exec-1] o.s.web.client.RestTemplate              : Reading to [java.util.Map<java.lang.String, java.lang.Object>]
2026-09-15T12:00:50.577+07:00 DEBUG 21060 --- [vehicles_rental] [nio-8080-exec-1] o.s.w.s.m.m.a.HttpEntityMethodProcessor  : Using 'application/json', given [application/json, text/plain, */*] and supported [application/json, application/*+json]
2026-09-15T12:00:50.577+07:00 DEBUG 21060 --- [vehicles_rental] [nio-8080-exec-1] o.s.w.s.m.m.a.HttpEntityMethodProcessor  : Writing [BakongPaymentResponse(paymentId=null, bookingId=null, amount=null, currency=null, transactionId=null (truncated)...]
2026-09-15T12:00:50.578+07:00 DEBUG 21060 --- [vehicles_rental] [nio-8080-exec-1] o.s.web.servlet.DispatcherServlet        : Completed 200 OK
2026-09-15T12:00:55.357+07:00 DEBUG 21060 --- [vehicles_rental] [nio-8080-exec-3] org.hibernate.SQL                        : select u1_0.id,u1_0.email,u1_0.gender,u1_0.is_active,u1_0.name,u1_0.profile_image,u1_0.pwd,u1_0.role,u1_0.tell from tb_users u1_0 where u1_0.email=?
Hibernate: select u1_0.id,u1_0.email,u1_0.gender,u1_0.is_active,u1_0.name,u1_0.profile_image,u1_0.pwd,u1_0.role,u1_0.tell from tb_users u1_0 where u1_0.email=?
2026-09-15T12:00:55.358+07:00 DEBUG 21060 --- [vehicles_rental] [nio-8080-exec-3] org.hibernate.SQL                        : select o1_0.id,o1_0.expiry_time,o1_0.otp,u1_0.id,u1_0.email,u1_0.gender,u1_0.is_active,u1_0.name,u1_0.profile_image,u1_0.pwd,u1_0.role,u1_0.tell,o1_0.verified from otp o1_0 left join tb_users u1_0 on u1_0.id=o1_0.user_id where o1_0.user_id=?
Hibernate: select o1_0.id,o1_0.expiry_time,o1_0.otp,u1_0.id,u1_0.email,u1_0.gender,u1_0.is_active,u1_0.name,u1_0.profile_image,u1_0.pwd,u1_0.role,u1_0.tell,o1_0.verified from otp o1_0 left join tb_users u1_0 on u1_0.id=o1_0.user_id where o1_0.user_id=?
2026-09-15T12:00:55.359+07:00 DEBUG 21060 --- [vehicles_rental] [nio-8080-exec-3] o.s.web.servlet.DispatcherServlet        : GET "/api/payments/bakong/scan-status?reference=39af84df0d9289d910942610d71e3fac&amount=0.4&currency=USD", parameters={masked}
2026-09-15T12:00:55.359+07:00 DEBUG 21060 --- [vehicles_rental] [nio-8080-exec-3] s.w.s.m.m.a.RequestMappingHandlerMapping : Mapped to org.example.vehicles_rental.controller.PaymentController#checkBakongScanPayment(String, BigDecimal, String)
2026-09-15T12:00:55.360+07:00 DEBUG 21060 --- [vehicles_rental] [nio-8080-exec-3] o.s.web.client.RestTemplate              : HTTP POST https://api-bakong.nbc.gov.kh/v1/check_transaction_by_md5
2026-09-15T12:00:55.360+07:00 DEBUG 21060 --- [vehicles_rental] [nio-8080-exec-3] o.s.web.client.RestTemplate              : Accept=[application/json, application/*+json]
2026-09-15T12:00:55.360+07:00 DEBUG 21060 --- [vehicles_rental] [nio-8080-exec-3] o.s.web.client.RestTemplate              : Writing [{md5=39af84df0d9289d910942610d71e3fac}] as "application/json"
2026-09-15T12:00:55.585+07:00 DEBUG 21060 --- [vehicles_rental] [nio-8080-exec-3] o.s.web.client.RestTemplate              : Response 200 OK
2026-09-15T12:00:55.585+07:00 DEBUG 21060 --- [vehicles_rental] [nio-8080-exec-3] o.s.web.client.RestTemplate              : Reading to [java.util.Map<java.lang.String, java.lang.Object>]
2026-09-15T12:00:55.585+07:00 DEBUG 21060 --- [vehicles_rental] [nio-8080-exec-3] o.s.w.s.m.m.a.HttpEntityMethodProcessor  : Using 'application/json', given [application/json, text/plain, */*] and supported [application/json, application/*+json]
2026-09-15T12:00:55.586+07:00 DEBUG 21060 --- [vehicles_rental] [nio-8080-exec-3] o.s.w.s.m.m.a.HttpEntityMethodProcessor  : Writing [BakongPaymentResponse(paymentId=null, bookingId=null, amount=null, currency=null, transactionId=null (truncated)...]
2026-09-15T12:00:55.586+07:00 DEBUG 21060 --- [vehicles_rental] [nio-8080-exec-3] o.s.web.servlet.DispatcherServlet        : Completed 200 OK
2026-09-15T12:01:00.368+07:00 DEBUG 21060 --- [vehicles_rental] [nio-8080-exec-4] org.hibernate.SQL                        : select u1_0.id,u1_0.email,u1_0.gender,u1_0.is_active,u1_0.name,u1_0.profile_image,u1_0.pwd,u1_0.role,u1_0.tell from tb_users u1_0 where u1_0.email=?
Hibernate: select u1_0.id,u1_0.email,u1_0.gender,u1_0.is_active,u1_0.name,u1_0.profile_image,u1_0.pwd,u1_0.role,u1_0.tell from tb_users u1_0 where u1_0.email=?
2026-09-15T12:01:00.369+07:00 DEBUG 21060 --- [vehicles_rental] [nio-8080-exec-4] org.hibernate.SQL                        : select o1_0.id,o1_0.expiry_time,o1_0.otp,u1_0.id,u1_0.email,u1_0.gender,u1_0.is_active,u1_0.name,u1_0.profile_image,u1_0.pwd,u1_0.role,u1_0.tell,o1_0.verified from otp o1_0 left join tb_users u1_0 on u1_0.id=o1_0.user_id where o1_0.user_id=?
Hibernate: select o1_0.id,o1_0.expiry_time,o1_0.otp,u1_0.id,u1_0.email,u1_0.gender,u1_0.is_active,u1_0.name,u1_0.profile_image,u1_0.pwd,u1_0.role,u1_0.tell,o1_0.verified from otp o1_0 left join tb_users u1_0 on u1_0.id=o1_0.user_id where o1_0.user_id=?
2026-09-15T12:01:00.371+07:00 DEBUG 21060 --- [vehicles_rental] [nio-8080-exec-4] o.s.web.servlet.DispatcherServlet        : GET "/api/payments/bakong/scan-status?reference=39af84df0d9289d910942610d71e3fac&amount=0.4&currency=USD", parameters={masked}
2026-09-15T12:01:00.371+07:00 DEBUG 21060 --- [vehicles_rental] [nio-8080-exec-4] s.w.s.m.m.a.RequestMappingHandlerMapping : Mapped to org.example.vehicles_rental.controller.PaymentController#checkBakongScanPayment(String, BigDecimal, String)
2026-09-15T12:01:00.372+07:00 DEBUG 21060 --- [vehicles_rental] [nio-8080-exec-4] o.s.web.client.RestTemplate              : HTTP POST https://api-bakong.nbc.gov.kh/v1/check_transaction_by_md5
2026-09-15T12:01:00.372+07:00 DEBUG 21060 --- [vehicles_rental] [nio-8080-exec-4] o.s.web.client.RestTemplate              : Accept=[application/json, application/*+json]
2026-09-15T12:01:00.372+07:00 DEBUG 21060 --- [vehicles_rental] [nio-8080-exec-4] o.s.web.client.RestTemplate              : Writing [{md5=39af84df0d9289d910942610d71e3fac}] as "application/json"
2026-09-15T12:01:00.598+07:00 DEBUG 21060 --- [vehicles_rental] [nio-8080-exec-4] o.s.web.client.RestTemplate              : Response 200 OK
2026-09-15T12:01:00.598+07:00 DEBUG 21060 --- [vehicles_rental] [nio-8080-exec-4] o.s.web.client.RestTemplate              : Reading to [java.util.Map<java.lang.String, java.lang.Object>]
2026-09-15T12:01:00.598+07:00 DEBUG 21060 --- [vehicles_rental] [nio-8080-exec-4] o.s.w.s.m.m.a.HttpEntityMethodProcessor  : Using 'application/json', given [application/json, text/plain, */*] and supported [application/json, application/*+json]
2026-09-15T12:01:00.598+07:00 DEBUG 21060 --- [vehicles_rental] [nio-8080-exec-4] o.s.w.s.m.m.a.HttpEntityMethodProcessor  : Writing [BakongPaymentResponse(paymentId=null, bookingId=null, amount=null, currency=null, transactionId=null (truncated)...]
2026-09-15T12:01:00.599+07:00 DEBUG 21060 --- [vehicles_rental] [nio-8080-exec-4] o.s.web.servlet.DispatcherServlet        : Completed 200 OK
2026-09-15T12:01:05.349+07:00 DEBUG 21060 --- [vehicles_rental] [nio-8080-exec-6] org.hibernate.SQL                        : select u1_0.id,u1_0.email,u1_0.gender,u1_0.is_active,u1_0.name,u1_0.profile_image,u1_0.pwd,u1_0.role,u1_0.tell from tb_users u1_0 where u1_0.email=?
Hibernate: select u1_0.id,u1_0.email,u1_0.gender,u1_0.is_active,u1_0.name,u1_0.profile_image,u1_0.pwd,u1_0.role,u1_0.tell from tb_users u1_0 where u1_0.email=?
2026-09-15T12:01:05.350+07:00 DEBUG 21060 --- [vehicles_rental] [nio-8080-exec-6] org.hibernate.SQL                        : select o1_0.id,o1_0.expiry_time,o1_0.otp,u1_0.id,u1_0.email,u1_0.gender,u1_0.is_active,u1_0.name,u1_0.profile_image,u1_0.pwd,u1_0.role,u1_0.tell,o1_0.verified from otp o1_0 left join tb_users u1_0 on u1_0.id=o1_0.user_id where o1_0.user_id=?
Hibernate: select o1_0.id,o1_0.expiry_time,o1_0.otp,u1_0.id,u1_0.email,u1_0.gender,u1_0.is_active,u1_0.name,u1_0.profile_image,u1_0.pwd,u1_0.role,u1_0.tell,o1_0.verified from otp o1_0 left join tb_users u1_0 on u1_0.id=o1_0.user_id where o1_0.user_id=?
2026-09-15T12:01:05.351+07:00 DEBUG 21060 --- [vehicles_rental] [nio-8080-exec-6] o.s.web.servlet.DispatcherServlet        : GET "/api/payments/bakong/scan-status?reference=39af84df0d9289d910942610d71e3fac&amount=0.4&currency=USD", parameters={masked}
2026-09-15T12:01:05.351+07:00 DEBUG 21060 --- [vehicles_rental] [nio-8080-exec-6] s.w.s.m.m.a.RequestMappingHandlerMapping : Mapped to org.example.vehicles_rental.controller.PaymentController#checkBakongScanPayment(String, BigDecimal, String)
2026-09-15T12:01:05.352+07:00 DEBUG 21060 --- [vehicles_rental] [nio-8080-exec-6] o.s.web.client.RestTemplate              : HTTP POST https://api-bakong.nbc.gov.kh/v1/check_transaction_by_md5
2026-09-15T12:01:05.352+07:00 DEBUG 21060 --- [vehicles_rental] [nio-8080-exec-6] o.s.web.client.RestTemplate              : Accept=[application/json, application/*+json]
2026-09-15T12:01:05.352+07:00 DEBUG 21060 --- [vehicles_rental] [nio-8080-exec-6] o.s.web.client.RestTemplate              : Writing [{md5=39af84df0d9289d910942610d71e3fac}] as "application/json"
2026-09-15T12:01:05.565+07:00 DEBUG 21060 --- [vehicles_rental] [nio-8080-exec-6] o.s.web.client.RestTemplate              : Response 200 OK
2026-09-15T12:01:05.565+07:00 DEBUG 21060 --- [vehicles_rental] [nio-8080-exec-6] o.s.web.client.RestTemplate              : Reading to [java.util.Map<java.lang.String, java.lang.Object>]
2026-09-15T12:01:05.566+07:00 DEBUG 21060 --- [vehicles_rental] [nio-8080-exec-6] o.s.w.s.m.m.a.HttpEntityMethodProcessor  : Using 'application/json', given [application/json, text/plain, */*] and supported [application/json, application/*+json]
2026-09-15T12:01:05.566+07:00 DEBUG 21060 --- [vehicles_rental] [nio-8080-exec-6] o.s.w.s.m.m.a.HttpEntityMethodProcessor  : Writing [BakongPaymentResponse(paymentId=null, bookingId=null, amount=null, currency=null, transactionId=null (truncated)...]
2026-09-15T12:01:05.567+07:00 DEBUG 21060 --- [vehicles_rental] [nio-8080-exec-6] o.s.web.servlet.DispatcherServlet        : Completed 200 OK
2026-09-15T12:01:10.361+07:00 DEBUG 21060 --- [vehicles_rental] [nio-8080-exec-7] org.hibernate.SQL                        : select u1_0.id,u1_0.email,u1_0.gender,u1_0.is_active,u1_0.name,u1_0.profile_image,u1_0.pwd,u1_0.role,u1_0.tell from tb_users u1_0 where u1_0.email=?
Hibernate: select u1_0.id,u1_0.email,u1_0.gender,u1_0.is_active,u1_0.name,u1_0.profile_image,u1_0.pwd,u1_0.role,u1_0.tell from tb_users u1_0 where u1_0.email=?
2026-09-15T12:01:10.362+07:00 DEBUG 21060 --- [vehicles_rental] [nio-8080-exec-7] org.hibernate.SQL                        : select o1_0.id,o1_0.expiry_time,o1_0.otp,u1_0.id,u1_0.email,u1_0.gender,u1_0.is_active,u1_0.name,u1_0.profile_image,u1_0.pwd,u1_0.role,u1_0.tell,o1_0.verified from otp o1_0 left join tb_users u1_0 on u1_0.id=o1_0.user_id where o1_0.user_id=?
Hibernate: select o1_0.id,o1_0.expiry_time,o1_0.otp,u1_0.id,u1_0.email,u1_0.gender,u1_0.is_active,u1_0.name,u1_0.profile_image,u1_0.pwd,u1_0.role,u1_0.tell,o1_0.verified from otp o1_0 left join tb_users u1_0 on u1_0.id=o1_0.user_id where o1_0.user_id=?
2026-09-15T12:01:10.363+07:00 DEBUG 21060 --- [vehicles_rental] [nio-8080-exec-7] o.s.web.servlet.DispatcherServlet        : GET "/api/payments/bakong/scan-status?reference=39af84df0d9289d910942610d71e3fac&amount=0.4&currency=USD", parameters={masked}
2026-09-15T12:01:10.363+07:00 DEBUG 21060 --- [vehicles_rental] [nio-8080-exec-7] s.w.s.m.m.a.RequestMappingHandlerMapping : Mapped to org.example.vehicles_rental.controller.PaymentController#checkBakongScanPayment(String, BigDecimal, String)
2026-09-15T12:01:10.364+07:00 DEBUG 21060 --- [vehicles_rental] [nio-8080-exec-7] o.s.web.client.RestTemplate              : HTTP POST https://api-bakong.nbc.gov.kh/v1/check_transaction_by_md5
2026-09-15T12:01:10.364+07:00 DEBUG 21060 --- [vehicles_rental] [nio-8080-exec-7] o.s.web.client.RestTemplate              : Accept=[application/json, application/*+json]
2026-09-15T12:01:10.364+07:00 DEBUG 21060 --- [vehicles_rental] [nio-8080-exec-7] o.s.web.client.RestTemplate              : Writing [{md5=39af84df0d9289d910942610d71e3fac}] as "application/json"
2026-09-15T12:01:10.590+07:00 DEBUG 21060 --- [vehicles_rental] [nio-8080-exec-7] o.s.web.client.RestTemplate              : Response 200 OK
2026-09-15T12:01:10.590+07:00 DEBUG 21060 --- [vehicles_rental] [nio-8080-exec-7] o.s.web.client.RestTemplate              : Reading to [java.util.Map<java.lang.String, java.lang.Object>]
2026-09-15T12:01:10.590+07:00 DEBUG 21060 --- [vehicles_rental] [nio-8080-exec-7] o.s.w.s.m.m.a.HttpEntityMethodProcessor  : Using 'application/json', given [application/json, text/plain, */*] and supported [application/json, application/*+json]
2026-09-15T12:01:10.590+07:00 DEBUG 21060 --- [vehicles_rental] [nio-8080-exec-7] o.s.w.s.m.m.a.HttpEntityMethodProcessor  : Writing [BakongPaymentResponse(paymentId=null, bookingId=null, amount=null, currency=null, transactionId=null (truncated)...]
2026-09-15T12:01:10.591+07:00 DEBUG 21060 --- [vehicles_rental] [nio-8080-exec-7] o.s.web.servlet.DispatcherServlet        : Completed 200 OK
2026-09-15T12:01:15.354+07:00 DEBUG 21060 --- [vehicles_rental] [nio-8080-exec-8] org.hibernate.SQL                        : select u1_0.id,u1_0.email,u1_0.gender,u1_0.is_active,u1_0.name,u1_0.profile_image,u1_0.pwd,u1_0.role,u1_0.tell from tb_users u1_0 where u1_0.email=?
Hibernate: select u1_0.id,u1_0.email,u1_0.gender,u1_0.is_active,u1_0.name,u1_0.profile_image,u1_0.pwd,u1_0.role,u1_0.tell from tb_users u1_0 where u1_0.email=?
2026-09-15T12:01:15.354+07:00 DEBUG 21060 --- [vehicles_rental] [nio-8080-exec-8] org.hibernate.SQL                        : select o1_0.id,o1_0.expiry_time,o1_0.otp,u1_0.id,u1_0.email,u1_0.gender,u1_0.is_active,u1_0.name,u1_0.profile_image,u1_0.pwd,u1_0.role,u1_0.tell,o1_0.verified from otp o1_0 left join tb_users u1_0 on u1_0.id=o1_0.user_id where o1_0.user_id=?
Hibernate: select o1_0.id,o1_0.expiry_time,o1_0.otp,u1_0.id,u1_0.email,u1_0.gender,u1_0.is_active,u1_0.name,u1_0.profile_image,u1_0.pwd,u1_0.role,u1_0.tell,o1_0.verified from otp o1_0 left join tb_users u1_0 on u1_0.id=o1_0.user_id where o1_0.user_id=?
2026-09-15T12:01:15.355+07:00 DEBUG 21060 --- [vehicles_rental] [nio-8080-exec-8] o.s.web.servlet.DispatcherServlet        : GET "/api/payments/bakong/scan-status?reference=39af84df0d9289d910942610d71e3fac&amount=0.4&currency=USD", parameters={masked}
2026-09-15T12:01:15.355+07:00 DEBUG 21060 --- [vehicles_rental] [nio-8080-exec-8] s.w.s.m.m.a.RequestMappingHandlerMapping : Mapped to org.example.vehicles_rental.controller.PaymentController#checkBakongScanPayment(String, BigDecimal, String)
2026-09-15T12:01:15.356+07:00 DEBUG 21060 --- [vehicles_rental] [nio-8080-exec-8] o.s.web.client.RestTemplate              : HTTP POST https://api-bakong.nbc.gov.kh/v1/check_transaction_by_md5
2026-09-15T12:01:15.356+07:00 DEBUG 21060 --- [vehicles_rental] [nio-8080-exec-8] o.s.web.client.RestTemplate              : Accept=[application/json, application/*+json]
2026-09-15T12:01:15.356+07:00 DEBUG 21060 --- [vehicles_rental] [nio-8080-exec-8] o.s.web.client.RestTemplate              : Writing [{md5=39af84df0d9289d910942610d71e3fac}] as "application/json"
2026-09-15T12:01:15.648+07:00 DEBUG 21060 --- [vehicles_rental] [nio-8080-exec-8] o.s.web.client.RestTemplate              : Response 200 OK
2026-09-15T12:01:15.648+07:00 DEBUG 21060 --- [vehicles_rental] [nio-8080-exec-8] o.s.web.client.RestTemplate              : Reading to [java.util.Map<java.lang.String, java.lang.Object>]
2026-09-15T12:01:15.649+07:00 DEBUG 21060 --- [vehicles_rental] [nio-8080-exec-8] o.s.w.s.m.m.a.HttpEntityMethodProcessor  : Using 'application/json', given [application/json, text/plain, */*] and supported [application/json, application/*+json]
2026-09-15T12:01:15.649+07:00 DEBUG 21060 --- [vehicles_rental] [nio-8080-exec-8] o.s.w.s.m.m.a.HttpEntityMethodProcessor  : Writing [BakongPaymentResponse(paymentId=null, bookingId=null, amount=null, currency=null, transactionId=null (truncated)...]
2026-09-15T12:01:15.649+07:00 DEBUG 21060 --- [vehicles_rental] [nio-8080-exec-8] o.s.web.servlet.DispatcherServlet        : Completed 200 OK
2026-09-15T12:01:20.358+07:00 DEBUG 21060 --- [vehicles_rental] [io-8080-exec-10] org.hibernate.SQL                        : select u1_0.id,u1_0.email,u1_0.gender,u1_0.is_active,u1_0.name,u1_0.profile_image,u1_0.pwd,u1_0.role,u1_0.tell from tb_users u1_0 where u1_0.email=?
Hibernate: select u1_0.id,u1_0.email,u1_0.gender,u1_0.is_active,u1_0.name,u1_0.profile_image,u1_0.pwd,u1_0.role,u1_0.tell from tb_users u1_0 where u1_0.email=?
2026-09-15T12:01:20.359+07:00 DEBUG 21060 --- [vehicles_rental] [io-8080-exec-10] org.hibernate.SQL                        : select o1_0.id,o1_0.expiry_time,o1_0.otp,u1_0.id,u1_0.email,u1_0.gender,u1_0.is_active,u1_0.name,u1_0.profile_image,u1_0.pwd,u1_0.role,u1_0.tell,o1_0.verified from otp o1_0 left join tb_users u1_0 on u1_0.id=o1_0.user_id where o1_0.user_id=?
Hibernate: select o1_0.id,o1_0.expiry_time,o1_0.otp,u1_0.id,u1_0.email,u1_0.gender,u1_0.is_active,u1_0.name,u1_0.profile_image,u1_0.pwd,u1_0.role,u1_0.tell,o1_0.verified from otp o1_0 left join tb_users u1_0 on u1_0.id=o1_0.user_id where o1_0.user_id=?
2026-09-15T12:01:20.361+07:00 DEBUG 21060 --- [vehicles_rental] [io-8080-exec-10] o.s.web.servlet.DispatcherServlet        : GET "/api/payments/bakong/scan-status?reference=39af84df0d9289d910942610d71e3fac&amount=0.4&currency=USD", parameters={masked}
2026-09-15T12:01:20.361+07:00 DEBUG 21060 --- [vehicles_rental] [io-8080-exec-10] s.w.s.m.m.a.RequestMappingHandlerMapping : Mapped to org.example.vehicles_rental.controller.PaymentController#checkBakongScanPayment(String, BigDecimal, String)
2026-09-15T12:01:20.362+07:00 DEBUG 21060 --- [vehicles_rental] [io-8080-exec-10] o.s.web.client.RestTemplate              : HTTP POST https://api-bakong.nbc.gov.kh/v1/check_transaction_by_md5
2026-09-15T12:01:20.362+07:00 DEBUG 21060 --- [vehicles_rental] [io-8080-exec-10] o.s.web.client.RestTemplate              : Accept=[application/json, application/*+json]
2026-09-15T12:01:20.362+07:00 DEBUG 21060 --- [vehicles_rental] [io-8080-exec-10] o.s.web.client.RestTemplate              : Writing [{md5=39af84df0d9289d910942610d71e3fac}] as "application/json"
2026-09-15T12:01:20.592+07:00 DEBUG 21060 --- [vehicles_rental] [io-8080-exec-10] o.s.web.client.RestTemplate              : Response 200 OK
2026-09-15T12:01:20.593+07:00 DEBUG 21060 --- [vehicles_rental] [io-8080-exec-10] o.s.web.client.RestTemplate              : Reading to [java.util.Map<java.lang.String, java.lang.Object>]
2026-09-15T12:01:20.593+07:00 DEBUG 21060 --- [vehicles_rental] [io-8080-exec-10] o.s.w.s.m.m.a.HttpEntityMethodProcessor  : Using 'application/json', given [application/json, text/plain, */*] and supported [application/json, application/*+json]
2026-09-15T12:01:20.593+07:00 DEBUG 21060 --- [vehicles_rental] [io-8080-exec-10] o.s.w.s.m.m.a.HttpEntityMethodProcessor  : Writing [BakongPaymentResponse(paymentId=null, bookingId=null, amount=null, currency=null, transactionId=null (truncated)...]
2026-09-15T12:01:20.593+07:00 DEBUG 21060 --- [vehicles_rental] [io-8080-exec-10] o.s.web.servlet.DispatcherServlet        : Completed 200 OK
2026-09-15T12:01:40.979+07:00 DEBUG 21060 --- [vehicles_rental] [nio-8080-exec-9] org.hibernate.SQL                        : select u1_0.id,u1_0.email,u1_0.gender,u1_0.is_active,u1_0.name,u1_0.profile_image,u1_0.pwd,u1_0.role,u1_0.tell from tb_users u1_0 where u1_0.email=?
Hibernate: select u1_0.id,u1_0.email,u1_0.gender,u1_0.is_active,u1_0.name,u1_0.profile_image,u1_0.pwd,u1_0.role,u1_0.tell from tb_users u1_0 where u1_0.email=?
2026-09-15T12:01:40.980+07:00 DEBUG 21060 --- [vehicles_rental] [nio-8080-exec-9] org.hibernate.SQL                        : select o1_0.id,o1_0.expiry_time,o1_0.otp,u1_0.id,u1_0.email,u1_0.gender,u1_0.is_active,u1_0.name,u1_0.profile_image,u1_0.pwd,u1_0.role,u1_0.tell,o1_0.verified from otp o1_0 left join tb_users u1_0 on u1_0.id=o1_0.user_id where o1_0.user_id=?
Hibernate: select o1_0.id,o1_0.expiry_time,o1_0.otp,u1_0.id,u1_0.email,u1_0.gender,u1_0.is_active,u1_0.name,u1_0.profile_image,u1_0.pwd,u1_0.role,u1_0.tell,o1_0.verified from otp o1_0 left join tb_users u1_0 on u1_0.id=o1_0.user_id where o1_0.user_id=?
2026-09-15T12:01:40.983+07:00 DEBUG 21060 --- [vehicles_rental] [nio-8080-exec-9] o.s.web.servlet.DispatcherServlet        : GET "/api/payments/bakong/scan-status?reference=39af84df0d9289d910942610d71e3fac&amount=0.4&currency=USD", parameters={masked}
2026-09-15T12:01:40.983+07:00 DEBUG 21060 --- [vehicles_rental] [nio-8080-exec-9] s.w.s.m.m.a.RequestMappingHandlerMapping : Mapped to org.example.vehicles_rental.controller.PaymentController#checkBakongScanPayment(String, BigDecimal, String)
2026-09-15T12:01:40.984+07:00 DEBUG 21060 --- [vehicles_rental] [nio-8080-exec-9] o.s.web.client.RestTemplate              : HTTP POST https://api-bakong.nbc.gov.kh/v1/check_transaction_by_md5
2026-09-15T12:01:40.984+07:00 DEBUG 21060 --- [vehicles_rental] [nio-8080-exec-9] o.s.web.client.RestTemplate              : Accept=[application/json, application/*+json]
2026-09-15T12:01:40.985+07:00 DEBUG 21060 --- [vehicles_rental] [nio-8080-exec-9] o.s.web.client.RestTemplate              : Writing [{md5=39af84df0d9289d910942610d71e3fac}] as "application/json"
2026-09-15T12:01:41.450+07:00 DEBUG 21060 --- [vehicles_rental] [nio-8080-exec-9] o.s.web.client.RestTemplate              : Response 200 OK
2026-09-15T12:01:41.450+07:00 DEBUG 21060 --- [vehicles_rental] [nio-8080-exec-9] o.s.web.client.RestTemplate              : Reading to [java.util.Map<java.lang.String, java.lang.Object>]
2026-09-15T12:01:41.450+07:00 DEBUG 21060 --- [vehicles_rental] [nio-8080-exec-9] o.s.w.s.m.m.a.HttpEntityMethodProcessor  : Using 'application/json', given [application/json, text/plain, */*] and supported [application/json, application/*+json]
2026-09-15T12:01:41.450+07:00 DEBUG 21060 --- [vehicles_rental] [nio-8080-exec-9] o.s.w.s.m.m.a.HttpEntityMethodProcessor  : Writing [BakongPaymentResponse(paymentId=null, bookingId=null, amount=null, currency=null, transactionId=null (truncated)...]
2026-09-15T12:01:41.451+07:00 DEBUG 21060 --- [vehicles_rental] [nio-8080-exec-9] o.s.web.servlet.DispatcherServlet        : Completed 200 OK
2026-09-15T12:01:45.350+07:00 DEBUG 21060 --- [vehicles_rental] [nio-8080-exec-2] org.hibernate.SQL                        : select u1_0.id,u1_0.email,u1_0.gender,u1_0.is_active,u1_0.name,u1_0.profile_image,u1_0.pwd,u1_0.role,u1_0.tell from tb_users u1_0 where u1_0.email=?
Hibernate: select u1_0.id,u1_0.email,u1_0.gender,u1_0.is_active,u1_0.name,u1_0.profile_image,u1_0.pwd,u1_0.role,u1_0.tell from tb_users u1_0 where u1_0.email=?
2026-09-15T12:01:45.350+07:00 DEBUG 21060 --- [vehicles_rental] [nio-8080-exec-2] org.hibernate.SQL                        : select o1_0.id,o1_0.expiry_time,o1_0.otp,u1_0.id,u1_0.email,u1_0.gender,u1_0.is_active,u1_0.name,u1_0.profile_image,u1_0.pwd,u1_0.role,u1_0.tell,o1_0.verified from otp o1_0 left join tb_users u1_0 on u1_0.id=o1_0.user_id where o1_0.user_id=?
Hibernate: select o1_0.id,o1_0.expiry_time,o1_0.otp,u1_0.id,u1_0.email,u1_0.gender,u1_0.is_active,u1_0.name,u1_0.profile_image,u1_0.pwd,u1_0.role,u1_0.tell,o1_0.verified from otp o1_0 left join tb_users u1_0 on u1_0.id=o1_0.user_id where o1_0.user_id=?
2026-09-15T12:01:45.352+07:00 DEBUG 21060 --- [vehicles_rental] [nio-8080-exec-2] o.s.web.servlet.DispatcherServlet        : GET "/api/payments/bakong/scan-status?reference=39af84df0d9289d910942610d71e3fac&amount=0.4&currency=USD", parameters={masked}
2026-09-15T12:01:45.352+07:00 DEBUG 21060 --- [vehicles_rental] [nio-8080-exec-2] s.w.s.m.m.a.RequestMappingHandlerMapping : Mapped to org.example.vehicles_rental.controller.PaymentController#checkBakongScanPayment(String, BigDecimal, String)
2026-09-15T12:01:45.353+07:00 DEBUG 21060 --- [vehicles_rental] [nio-8080-exec-2] o.s.web.client.RestTemplate              : HTTP POST https://api-bakong.nbc.gov.kh/v1/check_transaction_by_md5
2026-09-15T12:01:45.353+07:00 DEBUG 21060 --- [vehicles_rental] [nio-8080-exec-2] o.s.web.client.RestTemplate              : Accept=[application/json, application/*+json]
2026-09-15T12:01:45.353+07:00 DEBUG 21060 --- [vehicles_rental] [nio-8080-exec-2] o.s.web.client.RestTemplate              : Writing [{md5=39af84df0d9289d910942610d71e3fac}] as "application/json"
2026-09-15T12:01:45.555+07:00 DEBUG 21060 --- [vehicles_rental] [nio-8080-exec-2] o.s.web.client.RestTemplate              : Response 200 OK
2026-09-15T12:01:45.555+07:00 DEBUG 21060 --- [vehicles_rental] [nio-8080-exec-2] o.s.web.client.RestTemplate              : Reading to [java.util.Map<java.lang.String, java.lang.Object>]
2026-09-15T12:01:45.555+07:00 DEBUG 21060 --- [vehicles_rental] [nio-8080-exec-2] o.s.w.s.m.m.a.HttpEntityMethodProcessor  : Using 'application/json', given [application/json, text/plain, */*] and supported [application/json, application/*+json]
2026-09-15T12:01:45.555+07:00 DEBUG 21060 --- [vehicles_rental] [nio-8080-exec-2] o.s.w.s.m.m.a.HttpEntityMethodProcessor  : Writing [BakongPaymentResponse(paymentId=null, bookingId=null, amount=null, currency=null, transactionId=null (truncated)...]
2026-09-15T12:01:45.555+07:00 DEBUG 21060 --- [vehicles_rental] [nio-8080-exec-2] o.s.web.servlet.DispatcherServlet        : Completed 200 OK
2026-09-15T12:01:49.752+07:00 DEBUG 21060 --- [vehicles_rental] [nio-8080-exec-1] org.hibernate.SQL                        : select u1_0.id,u1_0.email,u1_0.gender,u1_0.is_active,u1_0.name,u1_0.profile_image,u1_0.pwd,u1_0.role,u1_0.tell from tb_users u1_0 where u1_0.email=?
Hibernate: select u1_0.id,u1_0.email,u1_0.gender,u1_0.is_active,u1_0.name,u1_0.profile_image,u1_0.pwd,u1_0.role,u1_0.tell from tb_users u1_0 where u1_0.email=?
2026-09-15T12:01:49.752+07:00 DEBUG 21060 --- [vehicles_rental] [nio-8080-exec-1] org.hibernate.SQL                        : select o1_0.id,o1_0.expiry_time,o1_0.otp,u1_0.id,u1_0.email,u1_0.gender,u1_0.is_active,u1_0.name,u1_0.profile_image,u1_0.pwd,u1_0.role,u1_0.tell,o1_0.verified from otp o1_0 left join tb_users u1_0 on u1_0.id=o1_0.user_id where o1_0.user_id=?
Hibernate: select o1_0.id,o1_0.expiry_time,o1_0.otp,u1_0.id,u1_0.email,u1_0.gender,u1_0.is_active,u1_0.name,u1_0.profile_image,u1_0.pwd,u1_0.role,u1_0.tell,o1_0.verified from otp o1_0 left join tb_users u1_0 on u1_0.id=o1_0.user_id where o1_0.user_id=?
2026-09-15T12:01:49.754+07:00 DEBUG 21060 --- [vehicles_rental] [nio-8080-exec-1] o.s.web.servlet.DispatcherServlet        : GET "/api/payments/bakong/scan-status?reference=39af84df0d9289d910942610d71e3fac&amount=0.4&currency=USD", parameters={masked}
2026-09-15T12:01:49.755+07:00 DEBUG 21060 --- [vehicles_rental] [nio-8080-exec-1] s.w.s.m.m.a.RequestMappingHandlerMapping : Mapped to org.example.vehicles_rental.controller.PaymentController#checkBakongScanPayment(String, BigDecimal, String)
2026-09-15T12:01:49.755+07:00 DEBUG 21060 --- [vehicles_rental] [nio-8080-exec-1] o.s.web.client.RestTemplate              : HTTP POST https://api-bakong.nbc.gov.kh/v1/check_transaction_by_md5
2026-09-15T12:01:49.755+07:00 DEBUG 21060 --- [vehicles_rental] [nio-8080-exec-1] o.s.web.client.RestTemplate              : Accept=[application/json, application/*+json]
2026-09-15T12:01:49.756+07:00 DEBUG 21060 --- [vehicles_rental] [nio-8080-exec-1] o.s.web.client.RestTemplate              : Writing [{md5=39af84df0d9289d910942610d71e3fac}] as "application/json"
2026-09-15T12:01:49.953+07:00 DEBUG 21060 --- [vehicles_rental] [nio-8080-exec-1] o.s.web.client.RestTemplate              : Response 200 OK
2026-09-15T12:01:49.953+07:00 DEBUG 21060 --- [vehicles_rental] [nio-8080-exec-1] o.s.web.client.RestTemplate              : Reading to [java.util.Map<java.lang.String, java.lang.Object>]
2026-09-15T12:01:49.954+07:00 DEBUG 21060 --- [vehicles_rental] [nio-8080-exec-1] o.s.w.s.m.m.a.HttpEntityMethodProcessor  : Using 'application/json', given [application/json, text/plain, */*] and supported [application/json, application/*+json]
2026-09-15T12:01:49.954+07:00 DEBUG 21060 --- [vehicles_rental] [nio-8080-exec-1] o.s.w.s.m.m.a.HttpEntityMethodProcessor  : Writing [BakongPaymentResponse(paymentId=null, bookingId=null, amount=null, currency=null, transactionId=null (truncated)...]
2026-09-15T12:01:49.955+07:00 DEBUG 21060 --- [vehicles_rental] [nio-8080-exec-1] o.s.web.servlet.DispatcherServlet        : Completed 200 OK
2026-09-15T12:01:54.719+07:00 DEBUG 21060 --- [vehicles_rental] [nio-8080-exec-3] org.hibernate.SQL                        : select u1_0.id,u1_0.email,u1_0.gender,u1_0.is_active,u1_0.name,u1_0.profile_image,u1_0.pwd,u1_0.role,u1_0.tell from tb_users u1_0 where u1_0.email=?
Hibernate: select u1_0.id,u1_0.email,u1_0.gender,u1_0.is_active,u1_0.name,u1_0.profile_image,u1_0.pwd,u1_0.role,u1_0.tell from tb_users u1_0 where u1_0.email=?
2026-09-15T12:01:54.720+07:00 DEBUG 21060 --- [vehicles_rental] [nio-8080-exec-3] org.hibernate.SQL                        : select o1_0.id,o1_0.expiry_time,o1_0.otp,u1_0.id,u1_0.email,u1_0.gender,u1_0.is_active,u1_0.name,u1_0.profile_image,u1_0.pwd,u1_0.role,u1_0.tell,o1_0.verified from otp o1_0 left join tb_users u1_0 on u1_0.id=o1_0.user_id where o1_0.user_id=?
Hibernate: select o1_0.id,o1_0.expiry_time,o1_0.otp,u1_0.id,u1_0.email,u1_0.gender,u1_0.is_active,u1_0.name,u1_0.profile_image,u1_0.pwd,u1_0.role,u1_0.tell,o1_0.verified from otp o1_0 left join tb_users u1_0 on u1_0.id=o1_0.user_id where o1_0.user_id=?
2026-09-15T12:01:54.722+07:00 DEBUG 21060 --- [vehicles_rental] [nio-8080-exec-3] o.s.web.servlet.DispatcherServlet        : POST "/api/payments/bakong/scan-qr", parameters={}
2026-09-15T12:01:54.722+07:00 DEBUG 21060 --- [vehicles_rental] [nio-8080-exec-3] s.w.s.m.m.a.RequestMappingHandlerMapping : Mapped to org.example.vehicles_rental.controller.PaymentController#createBakongScanQr(CreatePaymentRequest)
2026-09-15T12:01:54.723+07:00 DEBUG 21060 --- [vehicles_rental] [nio-8080-exec-3] m.m.a.RequestResponseBodyMethodProcessor : Read "application/json;charset=UTF-8" to [CreatePaymentRequest(bookingId=14, paymentMethodId=null, amount=0.4, currency=USD)]
2026-09-15T12:01:54.726+07:00 DEBUG 21060 --- [vehicles_rental] [nio-8080-exec-3] o.s.w.s.m.m.a.HttpEntityMethodProcessor  : Using 'application/json', given [application/json, text/plain, */*] and supported [application/json, application/*+json]
2026-09-15T12:01:54.727+07:00 DEBUG 21060 --- [vehicles_rental] [nio-8080-exec-3] o.s.w.s.m.m.a.HttpEntityMethodProcessor  : Writing [BakongPaymentResponse(paymentId=null, bookingId=14, amount=0.4, currency=USD, transactionId=BOOK-14, (truncated)...]
2026-09-15T12:01:54.728+07:00 DEBUG 21060 --- [vehicles_rental] [nio-8080-exec-3] o.s.web.servlet.DispatcherServlet        : Completed 200 OK
2026-09-15T12:01:54.762+07:00 DEBUG 21060 --- [vehicles_rental] [nio-8080-exec-6] org.hibernate.SQL                        : select u1_0.id,u1_0.email,u1_0.gender,u1_0.is_active,u1_0.name,u1_0.profile_image,u1_0.pwd,u1_0.role,u1_0.tell from tb_users u1_0 where u1_0.email=?
Hibernate: select u1_0.id,u1_0.email,u1_0.gender,u1_0.is_active,u1_0.name,u1_0.profile_image,u1_0.pwd,u1_0.role,u1_0.tell from tb_users u1_0 where u1_0.email=?
2026-09-15T12:01:54.766+07:00 DEBUG 21060 --- [vehicles_rental] [nio-8080-exec-6] org.hibernate.SQL                        : select o1_0.id,o1_0.expiry_time,o1_0.otp,u1_0.id,u1_0.email,u1_0.gender,u1_0.is_active,u1_0.name,u1_0.profile_image,u1_0.pwd,u1_0.role,u1_0.tell,o1_0.verified from otp o1_0 left join tb_users u1_0 on u1_0.id=o1_0.user_id where o1_0.user_id=?
Hibernate: select o1_0.id,o1_0.expiry_time,o1_0.otp,u1_0.id,u1_0.email,u1_0.gender,u1_0.is_active,u1_0.name,u1_0.profile_image,u1_0.pwd,u1_0.role,u1_0.tell,o1_0.verified from otp o1_0 left join tb_users u1_0 on u1_0.id=o1_0.user_id where o1_0.user_id=?
2026-09-15T12:01:54.769+07:00 DEBUG 21060 --- [vehicles_rental] [nio-8080-exec-6] o.s.web.servlet.DispatcherServlet        : GET "/api/payments/bakong/scan-status?reference=2fad9c77ba77610c753b226a0013b6dd&amount=0.4&currency=USD", parameters={masked}
2026-09-15T12:01:54.770+07:00 DEBUG 21060 --- [vehicles_rental] [nio-8080-exec-6] s.w.s.m.m.a.RequestMappingHandlerMapping : Mapped to org.example.vehicles_rental.controller.PaymentController#checkBakongScanPayment(String, BigDecimal, String)
2026-09-15T12:01:54.771+07:00 DEBUG 21060 --- [vehicles_rental] [nio-8080-exec-6] o.s.web.client.RestTemplate              : HTTP POST https://api-bakong.nbc.gov.kh/v1/check_transaction_by_md5
2026-09-15T12:01:54.771+07:00 DEBUG 21060 --- [vehicles_rental] [nio-8080-exec-6] o.s.web.client.RestTemplate              : Accept=[application/json, application/*+json]
2026-09-15T12:01:54.771+07:00 DEBUG 21060 --- [vehicles_rental] [nio-8080-exec-6] o.s.web.client.RestTemplate              : Writing [{md5=2fad9c77ba77610c753b226a0013b6dd}] as "application/json"
2026-09-15T12:01:54.937+07:00 DEBUG 21060 --- [vehicles_rental] [nio-8080-exec-5] org.hibernate.SQL                        : select u1_0.id,u1_0.email,u1_0.gender,u1_0.is_active,u1_0.name,u1_0.profile_image,u1_0.pwd,u1_0.role,u1_0.tell from tb_users u1_0 where u1_0.email=?
Hibernate: select u1_0.id,u1_0.email,u1_0.gender,u1_0.is_active,u1_0.name,u1_0.profile_image,u1_0.pwd,u1_0.role,u1_0.tell from tb_users u1_0 where u1_0.email=?
2026-09-15T12:01:54.938+07:00 DEBUG 21060 --- [vehicles_rental] [nio-8080-exec-5] org.hibernate.SQL                        : select o1_0.id,o1_0.expiry_time,o1_0.otp,u1_0.id,u1_0.email,u1_0.gender,u1_0.is_active,u1_0.name,u1_0.profile_image,u1_0.pwd,u1_0.role,u1_0.tell,o1_0.verified from otp o1_0 left join tb_users u1_0 on u1_0.id=o1_0.user_id where o1_0.user_id=?
Hibernate: select o1_0.id,o1_0.expiry_time,o1_0.otp,u1_0.id,u1_0.email,u1_0.gender,u1_0.is_active,u1_0.name,u1_0.profile_image,u1_0.pwd,u1_0.role,u1_0.tell,o1_0.verified from otp o1_0 left join tb_users u1_0 on u1_0.id=o1_0.user_id where o1_0.user_id=?
2026-09-15T12:01:54.940+07:00 DEBUG 21060 --- [vehicles_rental] [nio-8080-exec-5] o.s.web.servlet.DispatcherServlet        : POST "/api/payments/bakong/scan-qr", parameters={}
2026-09-15T12:01:54.940+07:00 DEBUG 21060 --- [vehicles_rental] [nio-8080-exec-5] s.w.s.m.m.a.RequestMappingHandlerMapping : Mapped to org.example.vehicles_rental.controller.PaymentController#createBakongScanQr(CreatePaymentRequest)
2026-09-15T12:01:54.940+07:00 DEBUG 21060 --- [vehicles_rental] [nio-8080-exec-5] m.m.a.RequestResponseBodyMethodProcessor : Read "application/json;charset=UTF-8" to [CreatePaymentRequest(bookingId=14, paymentMethodId=null, amount=0.4, currency=USD)]
2026-09-15T12:01:54.941+07:00 DEBUG 21060 --- [vehicles_rental] [nio-8080-exec-5] o.s.w.s.m.m.a.HttpEntityMethodProcessor  : Using 'application/json', given [application/json, text/plain, */*] and supported [application/json, application/*+json]
2026-09-15T12:01:54.943+07:00 DEBUG 21060 --- [vehicles_rental] [nio-8080-exec-5] o.s.w.s.m.m.a.HttpEntityMethodProcessor  : Writing [BakongPaymentResponse(paymentId=null, bookingId=14, amount=0.4, currency=USD, transactionId=BOOK-14, (truncated)...]
2026-09-15T12:01:54.943+07:00 DEBUG 21060 --- [vehicles_rental] [nio-8080-exec-5] o.s.web.servlet.DispatcherServlet        : Completed 200 OK
2026-09-15T12:01:54.963+07:00 DEBUG 21060 --- [vehicles_rental] [nio-8080-exec-8] org.hibernate.SQL                        : select u1_0.id,u1_0.email,u1_0.gender,u1_0.is_active,u1_0.name,u1_0.profile_image,u1_0.pwd,u1_0.role,u1_0.tell from tb_users u1_0 where u1_0.email=?
Hibernate: select u1_0.id,u1_0.email,u1_0.gender,u1_0.is_active,u1_0.name,u1_0.profile_image,u1_0.pwd,u1_0.role,u1_0.tell from tb_users u1_0 where u1_0.email=?
2026-09-15T12:01:54.963+07:00 DEBUG 21060 --- [vehicles_rental] [nio-8080-exec-8] org.hibernate.SQL                        : select o1_0.id,o1_0.expiry_time,o1_0.otp,u1_0.id,u1_0.email,u1_0.gender,u1_0.is_active,u1_0.name,u1_0.profile_image,u1_0.pwd,u1_0.role,u1_0.tell,o1_0.verified from otp o1_0 left join tb_users u1_0 on u1_0.id=o1_0.user_id where o1_0.user_id=?
Hibernate: select o1_0.id,o1_0.expiry_time,o1_0.otp,u1_0.id,u1_0.email,u1_0.gender,u1_0.is_active,u1_0.name,u1_0.profile_image,u1_0.pwd,u1_0.role,u1_0.tell,o1_0.verified from otp o1_0 left join tb_users u1_0 on u1_0.id=o1_0.user_id where o1_0.user_id=?
2026-09-15T12:01:54.965+07:00 DEBUG 21060 --- [vehicles_rental] [nio-8080-exec-8] o.s.web.servlet.DispatcherServlet        : GET "/api/payments/bakong/scan-status?reference=08928f6ed9f7d5566f0f9526355b94bc&amount=0.4&currency=USD", parameters={masked}
2026-09-15T12:01:54.966+07:00 DEBUG 21060 --- [vehicles_rental] [nio-8080-exec-8] s.w.s.m.m.a.RequestMappingHandlerMapping : Mapped to org.example.vehicles_rental.controller.PaymentController#checkBakongScanPayment(String, BigDecimal, String)
2026-09-15T12:01:54.967+07:00 DEBUG 21060 --- [vehicles_rental] [nio-8080-exec-8] o.s.web.client.RestTemplate              : HTTP POST https://api-bakong.nbc.gov.kh/v1/check_transaction_by_md5
2026-09-15T12:01:54.967+07:00 DEBUG 21060 --- [vehicles_rental] [nio-8080-exec-8] o.s.web.client.RestTemplate              : Accept=[application/json, application/*+json]
2026-09-15T12:01:54.967+07:00 DEBUG 21060 --- [vehicles_rental] [nio-8080-exec-8] o.s.web.client.RestTemplate              : Writing [{md5=08928f6ed9f7d5566f0f9526355b94bc}] as "application/json"
2026-09-15T12:01:54.987+07:00 DEBUG 21060 --- [vehicles_rental] [nio-8080-exec-6] o.s.web.client.RestTemplate              : Response 200 OK
2026-09-15T12:01:54.987+07:00 DEBUG 21060 --- [vehicles_rental] [nio-8080-exec-6] o.s.web.client.RestTemplate              : Reading to [java.util.Map<java.lang.String, java.lang.Object>]
2026-09-15T12:01:54.988+07:00 DEBUG 21060 --- [vehicles_rental] [nio-8080-exec-6] o.s.w.s.m.m.a.HttpEntityMethodProcessor  : Using 'application/json', given [application/json, text/plain, */*] and supported [application/json, application/*+json]
2026-09-15T12:01:54.988+07:00 DEBUG 21060 --- [vehicles_rental] [nio-8080-exec-6] o.s.w.s.m.m.a.HttpEntityMethodProcessor  : Writing [BakongPaymentResponse(paymentId=null, bookingId=null, amount=null, currency=null, transactionId=null (truncated)...]
2026-09-15T12:01:54.988+07:00 DEBUG 21060 --- [vehicles_rental] [nio-8080-exec-6] o.s.web.servlet.DispatcherServlet        : Completed 200 OK
2026-09-15T12:01:55.190+07:00 DEBUG 21060 --- [vehicles_rental] [nio-8080-exec-8] o.s.web.client.RestTemplate              : Response 200 OK
2026-09-15T12:01:55.190+07:00 DEBUG 21060 --- [vehicles_rental] [nio-8080-exec-8] o.s.web.client.RestTemplate              : Reading to [java.util.Map<java.lang.String, java.lang.Object>]
2026-09-15T12:01:55.191+07:00 DEBUG 21060 --- [vehicles_rental] [nio-8080-exec-8] o.s.w.s.m.m.a.HttpEntityMethodProcessor  : Using 'application/json', given [application/json, text/plain, */*] and supported [application/json, application/*+json]
2026-09-15T12:01:55.191+07:00 DEBUG 21060 --- [vehicles_rental] [nio-8080-exec-8] o.s.w.s.m.m.a.HttpEntityMethodProcessor  : Writing [BakongPaymentResponse(paymentId=null, bookingId=null, amount=null, currency=null, transactionId=null (truncated)...]
2026-09-15T12:01:55.191+07:00 DEBUG 21060 --- [vehicles_rental] [nio-8080-exec-8] o.s.web.servlet.DispatcherServlet        : Completed 200 OK
2026-09-15T12:01:59.964+07:00 DEBUG 21060 --- [vehicles_rental] [io-8080-exec-10] org.hibernate.SQL                        : select u1_0.id,u1_0.email,u1_0.gender,u1_0.is_active,u1_0.name,u1_0.profile_image,u1_0.pwd,u1_0.role,u1_0.tell from tb_users u1_0 where u1_0.email=?
Hibernate: select u1_0.id,u1_0.email,u1_0.gender,u1_0.is_active,u1_0.name,u1_0.profile_image,u1_0.pwd,u1_0.role,u1_0.tell from tb_users u1_0 where u1_0.email=?
2026-09-15T12:01:59.965+07:00 DEBUG 21060 --- [vehicles_rental] [io-8080-exec-10] org.hibernate.SQL                        : select o1_0.id,o1_0.expiry_time,o1_0.otp,u1_0.id,u1_0.email,u1_0.gender,u1_0.is_active,u1_0.name,u1_0.profile_image,u1_0.pwd,u1_0.role,u1_0.tell,o1_0.verified from otp o1_0 left join tb_users u1_0 on u1_0.id=o1_0.user_id where o1_0.user_id=?
Hibernate: select o1_0.id,o1_0.expiry_time,o1_0.otp,u1_0.id,u1_0.email,u1_0.gender,u1_0.is_active,u1_0.name,u1_0.profile_image,u1_0.pwd,u1_0.role,u1_0.tell,o1_0.verified from otp o1_0 left join tb_users u1_0 on u1_0.id=o1_0.user_id where o1_0.user_id=?
2026-09-15T12:01:59.967+07:00 DEBUG 21060 --- [vehicles_rental] [io-8080-exec-10] o.s.web.servlet.DispatcherServlet        : GET "/api/payments/bakong/scan-status?reference=08928f6ed9f7d5566f0f9526355b94bc&amount=0.4&currency=USD", parameters={masked}
2026-09-15T12:01:59.967+07:00 DEBUG 21060 --- [vehicles_rental] [io-8080-exec-10] s.w.s.m.m.a.RequestMappingHandlerMapping : Mapped to org.example.vehicles_rental.controller.PaymentController#checkBakongScanPayment(String, BigDecimal, String)
2026-09-15T12:01:59.968+07:00 DEBUG 21060 --- [vehicles_rental] [io-8080-exec-10] o.s.web.client.RestTemplate              : HTTP POST https://api-bakong.nbc.gov.kh/v1/check_transaction_by_md5
2026-09-15T12:01:59.969+07:00 DEBUG 21060 --- [vehicles_rental] [io-8080-exec-10] o.s.web.client.RestTemplate              : Accept=[application/json, application/*+json]
2026-09-15T12:01:59.969+07:00 DEBUG 21060 --- [vehicles_rental] [io-8080-exec-10] o.s.web.client.RestTemplate              : Writing [{md5=08928f6ed9f7d5566f0f9526355b94bc}] as "application/json"
2026-09-15T12:02:00.182+07:00 DEBUG 21060 --- [vehicles_rental] [io-8080-exec-10] o.s.web.client.RestTemplate              : Response 200 OK
2026-09-15T12:02:00.182+07:00 DEBUG 21060 --- [vehicles_rental] [io-8080-exec-10] o.s.web.client.RestTemplate              : Reading to [java.util.Map<java.lang.String, java.lang.Object>]
2026-09-15T12:02:00.184+07:00 DEBUG 21060 --- [vehicles_rental] [io-8080-exec-10] o.s.w.s.m.m.a.HttpEntityMethodProcessor  : Using 'application/json', given [application/json, text/plain, */*] and supported [application/json, application/*+json]
2026-09-15T12:02:00.184+07:00 DEBUG 21060 --- [vehicles_rental] [io-8080-exec-10] o.s.w.s.m.m.a.HttpEntityMethodProcessor  : Writing [BakongPaymentResponse(paymentId=null, bookingId=null, amount=null, currency=null, transactionId=null (truncated)...]
2026-09-15T12:02:00.186+07:00 DEBUG 21060 --- [vehicles_rental] [io-8080-exec-10] o.s.web.servlet.DispatcherServlet        : Completed 200 OK
2026-09-15T12:02:04.963+07:00 DEBUG 21060 --- [vehicles_rental] [nio-8080-exec-9] org.hibernate.SQL                        : select u1_0.id,u1_0.email,u1_0.gender,u1_0.is_active,u1_0.name,u1_0.profile_image,u1_0.pwd,u1_0.role,u1_0.tell from tb_users u1_0 where u1_0.email=?
Hibernate: select u1_0.id,u1_0.email,u1_0.gender,u1_0.is_active,u1_0.name,u1_0.profile_image,u1_0.pwd,u1_0.role,u1_0.tell from tb_users u1_0 where u1_0.email=?
2026-09-15T12:02:04.964+07:00 DEBUG 21060 --- [vehicles_rental] [nio-8080-exec-9] org.hibernate.SQL                        : select o1_0.id,o1_0.expiry_time,o1_0.otp,u1_0.id,u1_0.email,u1_0.gender,u1_0.is_active,u1_0.name,u1_0.profile_image,u1_0.pwd,u1_0.role,u1_0.tell,o1_0.verified from otp o1_0 left join tb_users u1_0 on u1_0.id=o1_0.user_id where o1_0.user_id=?
Hibernate: select o1_0.id,o1_0.expiry_time,o1_0.otp,u1_0.id,u1_0.email,u1_0.gender,u1_0.is_active,u1_0.name,u1_0.profile_image,u1_0.pwd,u1_0.role,u1_0.tell,o1_0.verified from otp o1_0 left join tb_users u1_0 on u1_0.id=o1_0.user_id where o1_0.user_id=?
2026-09-15T12:02:04.967+07:00 DEBUG 21060 --- [vehicles_rental] [nio-8080-exec-9] o.s.web.servlet.DispatcherServlet        : GET "/api/payments/bakong/scan-status?reference=08928f6ed9f7d5566f0f9526355b94bc&amount=0.4&currency=USD", parameters={masked}
2026-09-15T12:02:04.967+07:00 DEBUG 21060 --- [vehicles_rental] [nio-8080-exec-9] s.w.s.m.m.a.RequestMappingHandlerMapping : Mapped to org.example.vehicles_rental.controller.PaymentController#checkBakongScanPayment(String, BigDecimal, String)
2026-09-15T12:02:04.968+07:00 DEBUG 21060 --- [vehicles_rental] [nio-8080-exec-9] o.s.web.client.RestTemplate              : HTTP POST https://api-bakong.nbc.gov.kh/v1/check_transaction_by_md5
2026-09-15T12:02:04.968+07:00 DEBUG 21060 --- [vehicles_rental] [nio-8080-exec-9] o.s.web.client.RestTemplate              : Accept=[application/json, application/*+json]
2026-09-15T12:02:04.968+07:00 DEBUG 21060 --- [vehicles_rental] [nio-8080-exec-9] o.s.web.client.RestTemplate              : Writing [{md5=08928f6ed9f7d5566f0f9526355b94bc}] as "application/json"
2026-09-15T12:02:05.180+07:00 DEBUG 21060 --- [vehicles_rental] [nio-8080-exec-9] o.s.web.client.RestTemplate              : Response 200 OK
2026-09-15T12:02:05.182+07:00 DEBUG 21060 --- [vehicles_rental] [nio-8080-exec-9] o.s.web.client.RestTemplate              : Reading to [java.util.Map<java.lang.String, java.lang.Object>]
2026-09-15T12:02:05.182+07:00 DEBUG 21060 --- [vehicles_rental] [nio-8080-exec-9] o.s.w.s.m.m.a.HttpEntityMethodProcessor  : Using 'application/json', given [application/json, text/plain, */*] and supported [application/json, application/*+json]
2026-09-15T12:02:05.183+07:00 DEBUG 21060 --- [vehicles_rental] [nio-8080-exec-9] o.s.w.s.m.m.a.HttpEntityMethodProcessor  : Writing [BakongPaymentResponse(paymentId=null, bookingId=null, amount=null, currency=null, transactionId=null (truncated)...]
2026-09-15T12:02:05.183+07:00 DEBUG 21060 --- [vehicles_rental] [nio-8080-exec-9] o.s.web.servlet.DispatcherServlet        : Completed 200 OK
2026-09-15T12:02:09.961+07:00 DEBUG 21060 --- [vehicles_rental] [nio-8080-exec-2] org.hibernate.SQL                        : select u1_0.id,u1_0.email,u1_0.gender,u1_0.is_active,u1_0.name,u1_0.profile_image,u1_0.pwd,u1_0.role,u1_0.tell from tb_users u1_0 where u1_0.email=?
Hibernate: select u1_0.id,u1_0.email,u1_0.gender,u1_0.is_active,u1_0.name,u1_0.profile_image,u1_0.pwd,u1_0.role,u1_0.tell from tb_users u1_0 where u1_0.email=?
2026-09-15T12:02:09.961+07:00 DEBUG 21060 --- [vehicles_rental] [nio-8080-exec-2] org.hibernate.SQL                        : select o1_0.id,o1_0.expiry_time,o1_0.otp,u1_0.id,u1_0.email,u1_0.gender,u1_0.is_active,u1_0.name,u1_0.profile_image,u1_0.pwd,u1_0.role,u1_0.tell,o1_0.verified from otp o1_0 left join tb_users u1_0 on u1_0.id=o1_0.user_id where o1_0.user_id=?
Hibernate: select o1_0.id,o1_0.expiry_time,o1_0.otp,u1_0.id,u1_0.email,u1_0.gender,u1_0.is_active,u1_0.name,u1_0.profile_image,u1_0.pwd,u1_0.role,u1_0.tell,o1_0.verified from otp o1_0 left join tb_users u1_0 on u1_0.id=o1_0.user_id where o1_0.user_id=?
2026-09-15T12:02:09.963+07:00 DEBUG 21060 --- [vehicles_rental] [nio-8080-exec-2] o.s.web.servlet.DispatcherServlet        : GET "/api/payments/bakong/scan-status?reference=08928f6ed9f7d5566f0f9526355b94bc&amount=0.4&currency=USD", parameters={masked}
2026-09-15T12:02:09.964+07:00 DEBUG 21060 --- [vehicles_rental] [nio-8080-exec-2] s.w.s.m.m.a.RequestMappingHandlerMapping : Mapped to org.example.vehicles_rental.controller.PaymentController#checkBakongScanPayment(String, BigDecimal, String)
2026-09-15T12:02:09.964+07:00 DEBUG 21060 --- [vehicles_rental] [nio-8080-exec-2] o.s.web.client.RestTemplate              : HTTP POST https://api-bakong.nbc.gov.kh/v1/check_transaction_by_md5
2026-09-15T12:02:09.964+07:00 DEBUG 21060 --- [vehicles_rental] [nio-8080-exec-2] o.s.web.client.RestTemplate              : Accept=[application/json, application/*+json]
2026-09-15T12:02:09.964+07:00 DEBUG 21060 --- [vehicles_rental] [nio-8080-exec-2] o.s.web.client.RestTemplate              : Writing [{md5=08928f6ed9f7d5566f0f9526355b94bc}] as "application/json"
2026-09-15T12:02:10.181+07:00 DEBUG 21060 --- [vehicles_rental] [nio-8080-exec-2] o.s.web.client.RestTemplate              : Response 200 OK
2026-09-15T12:02:10.181+07:00 DEBUG 21060 --- [vehicles_rental] [nio-8080-exec-2] o.s.web.client.RestTemplate              : Reading to [java.util.Map<java.lang.String, java.lang.Object>]
2026-09-15T12:02:10.181+07:00 DEBUG 21060 --- [vehicles_rental] [nio-8080-exec-2] o.s.w.s.m.m.a.HttpEntityMethodProcessor  : Using 'application/json', given [application/json, text/plain, */*] and supported [application/json, application/*+json]
2026-09-15T12:02:10.183+07:00 DEBUG 21060 --- [vehicles_rental] [nio-8080-exec-2] o.s.w.s.m.m.a.HttpEntityMethodProcessor  : Writing [BakongPaymentResponse(paymentId=null, bookingId=null, amount=0.4, currency=USD, transactionId=cb690b (truncated)...]
2026-09-15T12:02:10.183+07:00 DEBUG 21060 --- [vehicles_rental] [nio-8080-exec-2] o.s.web.servlet.DispatcherServlet        : Completed 200 OK
2026-09-15T12:02:14.208+07:00 DEBUG 21060 --- [vehicles_rental] [nio-8080-exec-1] org.hibernate.SQL                        : select u1_0.id,u1_0.email,u1_0.gender,u1_0.is_active,u1_0.name,u1_0.profile_image,u1_0.pwd,u1_0.role,u1_0.tell from tb_users u1_0 where u1_0.email=?
Hibernate: select u1_0.id,u1_0.email,u1_0.gender,u1_0.is_active,u1_0.name,u1_0.profile_image,u1_0.pwd,u1_0.role,u1_0.tell from tb_users u1_0 where u1_0.email=?
2026-09-15T12:02:14.208+07:00 DEBUG 21060 --- [vehicles_rental] [nio-8080-exec-1] org.hibernate.SQL                        : select o1_0.id,o1_0.expiry_time,o1_0.otp,u1_0.id,u1_0.email,u1_0.gender,u1_0.is_active,u1_0.name,u1_0.profile_image,u1_0.pwd,u1_0.role,u1_0.tell,o1_0.verified from otp o1_0 left join tb_users u1_0 on u1_0.id=o1_0.user_id where o1_0.user_id=?
Hibernate: select o1_0.id,o1_0.expiry_time,o1_0.otp,u1_0.id,u1_0.email,u1_0.gender,u1_0.is_active,u1_0.name,u1_0.profile_image,u1_0.pwd,u1_0.role,u1_0.tell,o1_0.verified from otp o1_0 left join tb_users u1_0 on u1_0.id=o1_0.user_id where o1_0.user_id=?
2026-09-15T12:02:14.210+07:00 DEBUG 21060 --- [vehicles_rental] [nio-8080-exec-1] o.s.web.servlet.DispatcherServlet        : GET "/api/bookings", parameters={}
2026-09-15T12:02:14.211+07:00 DEBUG 21060 --- [vehicles_rental] [nio-8080-exec-1] s.w.s.m.m.a.RequestMappingHandlerMapping : Mapped to org.example.vehicles_rental.controller.BookingController#getAll()
2026-09-15T12:02:14.212+07:00 DEBUG 21060 --- [vehicles_rental] [nio-8080-exec-1] org.hibernate.SQL                        : select u1_0.id,u1_0.email,u1_0.gender,u1_0.is_active,u1_0.name,u1_0.profile_image,u1_0.pwd,u1_0.role,u1_0.tell from tb_users u1_0 where u1_0.email=?
Hibernate: select u1_0.id,u1_0.email,u1_0.gender,u1_0.is_active,u1_0.name,u1_0.profile_image,u1_0.pwd,u1_0.role,u1_0.tell from tb_users u1_0 where u1_0.email=?
2026-09-15T12:02:14.212+07:00 DEBUG 21060 --- [vehicles_rental] [nio-8080-exec-1] org.hibernate.SQL                        : select o1_0.id,o1_0.expiry_time,o1_0.otp,u1_0.id,u1_0.email,u1_0.gender,u1_0.is_active,u1_0.name,u1_0.profile_image,u1_0.pwd,u1_0.role,u1_0.tell,o1_0.verified from otp o1_0 left join tb_users u1_0 on u1_0.id=o1_0.user_id where o1_0.user_id=?
Hibernate: select o1_0.id,o1_0.expiry_time,o1_0.otp,u1_0.id,u1_0.email,u1_0.gender,u1_0.is_active,u1_0.name,u1_0.profile_image,u1_0.pwd,u1_0.role,u1_0.tell,o1_0.verified from otp o1_0 left join tb_users u1_0 on u1_0.id=o1_0.user_id where o1_0.user_id=?
2026-09-15T12:02:14.214+07:00 DEBUG 21060 --- [vehicles_rental] [nio-8080-exec-1] org.hibernate.SQL                        : select b1_0.id,b1_0.created_at,b1_0.pickup_date,b1_0.return_date,b1_0.status,b1_0.total_days,b1_0.total_price,b1_0.updated_at,b1_0.user_id,b1_0.vehicle_id from bookings b1_0 where b1_0.user_id=?
Hibernate: select b1_0.id,b1_0.created_at,b1_0.pickup_date,b1_0.return_date,b1_0.status,b1_0.total_days,b1_0.total_price,b1_0.updated_at,b1_0.user_id,b1_0.vehicle_id from bookings b1_0 where b1_0.user_id=?
2026-09-15T12:02:14.218+07:00 DEBUG 21060 --- [vehicles_rental] [nio-8080-exec-1] org.hibernate.SQL                        : select v1_0.id,b1_0.id,b1_0.brand_name,b1_0.create_at,b1_0.logo,b1_0.update_at,c1_0.id,c1_0.category_name,c1_0.create_at,c1_0.description,c1_0.update_at,v1_0.create_at,v1_0.description,v1_0.fuel_type,v1_0.model,v1_0.name,v1_0.plate_number,v1_0.price_per_day,v1_0.seat,v1_0.status,v1_0.transmission,v1_0.update_at,v1_0.year from vehicles v1_0 left join brand b1_0 on b1_0.id=v1_0.brand_id left join categories c1_0 on c1_0.id=v1_0.category_id where v1_0.id=?
Hibernate: select v1_0.id,b1_0.id,b1_0.brand_name,b1_0.create_at,b1_0.logo,b1_0.update_at,c1_0.id,c1_0.category_name,c1_0.create_at,c1_0.description,c1_0.update_at,v1_0.create_at,v1_0.description,v1_0.fuel_type,v1_0.model,v1_0.name,v1_0.plate_number,v1_0.price_per_day,v1_0.seat,v1_0.status,v1_0.transmission,v1_0.update_at,v1_0.year from vehicles v1_0 left join brand b1_0 on b1_0.id=v1_0.brand_id left join categories c1_0 on c1_0.id=v1_0.category_id where v1_0.id=?
2026-09-15T12:02:14.219+07:00 DEBUG 21060 --- [vehicles_rental] [nio-8080-exec-1] org.hibernate.SQL                        : select v1_0.id,b1_0.id,b1_0.brand_name,b1_0.create_at,b1_0.logo,b1_0.update_at,c1_0.id,c1_0.category_name,c1_0.create_at,c1_0.description,c1_0.update_at,v1_0.create_at,v1_0.description,v1_0.fuel_type,v1_0.model,v1_0.name,v1_0.plate_number,v1_0.price_per_day,v1_0.seat,v1_0.status,v1_0.transmission,v1_0.update_at,v1_0.year from vehicles v1_0 left join brand b1_0 on b1_0.id=v1_0.brand_id left join categories c1_0 on c1_0.id=v1_0.category_id where v1_0.id=?
Hibernate: select v1_0.id,b1_0.id,b1_0.brand_name,b1_0.create_at,b1_0.logo,b1_0.update_at,c1_0.id,c1_0.category_name,c1_0.create_at,c1_0.description,c1_0.update_at,v1_0.create_at,v1_0.description,v1_0.fuel_type,v1_0.model,v1_0.name,v1_0.plate_number,v1_0.price_per_day,v1_0.seat,v1_0.status,v1_0.transmission,v1_0.update_at,v1_0.year from vehicles v1_0 left join brand b1_0 on b1_0.id=v1_0.brand_id left join categories c1_0 on c1_0.id=v1_0.category_id where v1_0.id=?
2026-09-15T12:02:14.220+07:00 DEBUG 21060 --- [vehicles_rental] [nio-8080-exec-1] org.hibernate.SQL                        : select v1_0.id,b1_0.id,b1_0.brand_name,b1_0.create_at,b1_0.logo,b1_0.update_at,c1_0.id,c1_0.category_name,c1_0.create_at,c1_0.description,c1_0.update_at,v1_0.create_at,v1_0.description,v1_0.fuel_type,v1_0.model,v1_0.name,v1_0.plate_number,v1_0.price_per_day,v1_0.seat,v1_0.status,v1_0.transmission,v1_0.update_at,v1_0.year from vehicles v1_0 left join brand b1_0 on b1_0.id=v1_0.brand_id left join categories c1_0 on c1_0.id=v1_0.category_id where v1_0.id=?
Hibernate: select v1_0.id,b1_0.id,b1_0.brand_name,b1_0.create_at,b1_0.logo,b1_0.update_at,c1_0.id,c1_0.category_name,c1_0.create_at,c1_0.description,c1_0.update_at,v1_0.create_at,v1_0.description,v1_0.fuel_type,v1_0.model,v1_0.name,v1_0.plate_number,v1_0.price_per_day,v1_0.seat,v1_0.status,v1_0.transmission,v1_0.update_at,v1_0.year from vehicles v1_0 left join brand b1_0 on b1_0.id=v1_0.brand_id left join categories c1_0 on c1_0.id=v1_0.category_id where v1_0.id=?
2026-09-15T12:02:14.221+07:00 DEBUG 21060 --- [vehicles_rental] [nio-8080-exec-1] org.hibernate.SQL                        : select v1_0.id,b1_0.id,b1_0.brand_name,b1_0.create_at,b1_0.logo,b1_0.update_at,c1_0.id,c1_0.category_name,c1_0.create_at,c1_0.description,c1_0.update_at,v1_0.create_at,v1_0.description,v1_0.fuel_type,v1_0.model,v1_0.name,v1_0.plate_number,v1_0.price_per_day,v1_0.seat,v1_0.status,v1_0.transmission,v1_0.update_at,v1_0.year from vehicles v1_0 left join brand b1_0 on b1_0.id=v1_0.brand_id left join categories c1_0 on c1_0.id=v1_0.category_id where v1_0.id=?
Hibernate: select v1_0.id,b1_0.id,b1_0.brand_name,b1_0.create_at,b1_0.logo,b1_0.update_at,c1_0.id,c1_0.category_name,c1_0.create_at,c1_0.description,c1_0.update_at,v1_0.create_at,v1_0.description,v1_0.fuel_type,v1_0.model,v1_0.name,v1_0.plate_number,v1_0.price_per_day,v1_0.seat,v1_0.status,v1_0.transmission,v1_0.update_at,v1_0.year from vehicles v1_0 left join brand b1_0 on b1_0.id=v1_0.brand_id left join categories c1_0 on c1_0.id=v1_0.category_id where v1_0.id=?
2026-09-15T12:02:14.222+07:00 DEBUG 21060 --- [vehicles_rental] [nio-8080-exec-1] org.hibernate.SQL                        : select v1_0.id,b1_0.id,b1_0.brand_name,b1_0.create_at,b1_0.logo,b1_0.update_at,c1_0.id,c1_0.category_name,c1_0.create_at,c1_0.description,c1_0.update_at,v1_0.create_at,v1_0.description,v1_0.fuel_type,v1_0.model,v1_0.name,v1_0.plate_number,v1_0.price_per_day,v1_0.seat,v1_0.status,v1_0.transmission,v1_0.update_at,v1_0.year from vehicles v1_0 left join brand b1_0 on b1_0.id=v1_0.brand_id left join categories c1_0 on c1_0.id=v1_0.category_id where v1_0.id=?
Hibernate: select v1_0.id,b1_0.id,b1_0.brand_name,b1_0.create_at,b1_0.logo,b1_0.update_at,c1_0.id,c1_0.category_name,c1_0.create_at,c1_0.description,c1_0.update_at,v1_0.create_at,v1_0.description,v1_0.fuel_type,v1_0.model,v1_0.name,v1_0.plate_number,v1_0.price_per_day,v1_0.seat,v1_0.status,v1_0.transmission,v1_0.update_at,v1_0.year from vehicles v1_0 left join brand b1_0 on b1_0.id=v1_0.brand_id left join categories c1_0 on c1_0.id=v1_0.category_id where v1_0.id=?
2026-09-15T12:02:14.223+07:00 DEBUG 21060 --- [vehicles_rental] [nio-8080-exec-1] org.hibernate.SQL                        : select v1_0.id,b1_0.id,b1_0.brand_name,b1_0.create_at,b1_0.logo,b1_0.update_at,c1_0.id,c1_0.category_name,c1_0.create_at,c1_0.description,c1_0.update_at,v1_0.create_at,v1_0.description,v1_0.fuel_type,v1_0.model,v1_0.name,v1_0.plate_number,v1_0.price_per_day,v1_0.seat,v1_0.status,v1_0.transmission,v1_0.update_at,v1_0.year from vehicles v1_0 left join brand b1_0 on b1_0.id=v1_0.brand_id left join categories c1_0 on c1_0.id=v1_0.category_id where v1_0.id=?
Hibernate: select v1_0.id,b1_0.id,b1_0.brand_name,b1_0.create_at,b1_0.logo,b1_0.update_at,c1_0.id,c1_0.category_name,c1_0.create_at,c1_0.description,c1_0.update_at,v1_0.create_at,v1_0.description,v1_0.fuel_type,v1_0.model,v1_0.name,v1_0.plate_number,v1_0.price_per_day,v1_0.seat,v1_0.status,v1_0.transmission,v1_0.update_at,v1_0.year from vehicles v1_0 left join brand b1_0 on b1_0.id=v1_0.brand_id left join categories c1_0 on c1_0.id=v1_0.category_id where v1_0.id=?
2026-09-15T12:02:14.224+07:00 DEBUG 21060 --- [vehicles_rental] [nio-8080-exec-1] o.s.w.s.m.m.a.HttpEntityMethodProcessor  : Using 'application/json', given [application/json, text/plain, */*] and supported [application/json, application/*+json]
2026-09-15T12:02:14.225+07:00 DEBUG 21060 --- [vehicles_rental] [nio-8080-exec-1] o.s.w.s.m.m.a.HttpEntityMethodProcessor  : Writing [ApiResponse(msg=Bookings retrieved successfully, status=200, data=[BookingResponse(id=4, userId=7, u (truncated)...]
2026-09-15T12:02:14.226+07:00 DEBUG 21060 --- [vehicles_rental] [nio-8080-exec-1] o.s.web.servlet.DispatcherServlet        : Completed 200 OK
2026-09-15T12:02:16.382+07:00 DEBUG 21060 --- [vehicles_rental] [nio-8080-exec-3] org.hibernate.SQL                        : select u1_0.id,u1_0.email,u1_0.gender,u1_0.is_active,u1_0.name,u1_0.profile_image,u1_0.pwd,u1_0.role,u1_0.tell from tb_users u1_0 where u1_0.email=?
Hibernate: select u1_0.id,u1_0.email,u1_0.gender,u1_0.is_active,u1_0.name,u1_0.profile_image,u1_0.pwd,u1_0.role,u1_0.tell from tb_users u1_0 where u1_0.email=?
2026-09-15T12:02:16.382+07:00 DEBUG 21060 --- [vehicles_rental] [nio-8080-exec-4] org.hibernate.SQL                        : select u1_0.id,u1_0.email,u1_0.gender,u1_0.is_active,u1_0.name,u1_0.profile_image,u1_0.pwd,u1_0.role,u1_0.tell from tb_users u1_0 where u1_0.email=?
Hibernate: select u1_0.id,u1_0.email,u1_0.gender,u1_0.is_active,u1_0.name,u1_0.profile_image,u1_0.pwd,u1_0.role,u1_0.tell from tb_users u1_0 where u1_0.email=?
2026-09-15T12:02:16.383+07:00 DEBUG 21060 --- [vehicles_rental] [nio-8080-exec-3] org.hibernate.SQL                        : select o1_0.id,o1_0.expiry_time,o1_0.otp,u1_0.id,u1_0.email,u1_0.gender,u1_0.is_active,u1_0.name,u1_0.profile_image,u1_0.pwd,u1_0.role,u1_0.tell,o1_0.verified from otp o1_0 left join tb_users u1_0 on u1_0.id=o1_0.user_id where o1_0.user_id=?
Hibernate: select o1_0.id,o1_0.expiry_time,o1_0.otp,u1_0.id,u1_0.email,u1_0.gender,u1_0.is_active,u1_0.name,u1_0.profile_image,u1_0.pwd,u1_0.role,u1_0.tell,o1_0.verified from otp o1_0 left join tb_users u1_0 on u1_0.id=o1_0.user_id where o1_0.user_id=?
2026-09-15T12:02:16.383+07:00 DEBUG 21060 --- [vehicles_rental] [nio-8080-exec-4] org.hibernate.SQL                        : select o1_0.id,o1_0.expiry_time,o1_0.otp,u1_0.id,u1_0.email,u1_0.gender,u1_0.is_active,u1_0.name,u1_0.profile_image,u1_0.pwd,u1_0.role,u1_0.tell,o1_0.verified from otp o1_0 left join tb_users u1_0 on u1_0.id=o1_0.user_id where o1_0.user_id=?
Hibernate: select o1_0.id,o1_0.expiry_time,o1_0.otp,u1_0.id,u1_0.email,u1_0.gender,u1_0.is_active,u1_0.name,u1_0.profile_image,u1_0.pwd,u1_0.role,u1_0.tell,o1_0.verified from otp o1_0 left join tb_users u1_0 on u1_0.id=o1_0.user_id where o1_0.user_id=?
2026-09-15T12:02:16.385+07:00 DEBUG 21060 --- [vehicles_rental] [nio-8080-exec-4] o.s.web.servlet.DispatcherServlet        : GET "/api/bookings", parameters={}
2026-09-15T12:02:16.385+07:00 DEBUG 21060 --- [vehicles_rental] [nio-8080-exec-3] o.s.web.servlet.DispatcherServlet        : GET "/api/vehicle/getAll", parameters={}
2026-09-15T12:02:16.385+07:00 DEBUG 21060 --- [vehicles_rental] [nio-8080-exec-3] s.w.s.m.m.a.RequestMappingHandlerMapping : Mapped to org.example.vehicles_rental.controller.VehicleController#getAll()
2026-09-15T12:02:16.385+07:00 DEBUG 21060 --- [vehicles_rental] [nio-8080-exec-4] s.w.s.m.m.a.RequestMappingHandlerMapping : Mapped to org.example.vehicles_rental.controller.BookingController#getAll()
2026-09-15T12:02:16.386+07:00 DEBUG 21060 --- [vehicles_rental] [nio-8080-exec-4] org.hibernate.SQL                        : select u1_0.id,u1_0.email,u1_0.gender,u1_0.is_active,u1_0.name,u1_0.profile_image,u1_0.pwd,u1_0.role,u1_0.tell from tb_users u1_0 where u1_0.email=?
Hibernate: select u1_0.id,u1_0.email,u1_0.gender,u1_0.is_active,u1_0.name,u1_0.profile_image,u1_0.pwd,u1_0.role,u1_0.tell from tb_users u1_0 where u1_0.email=?
2026-09-15T12:02:16.386+07:00 DEBUG 21060 --- [vehicles_rental] [nio-8080-exec-4] org.hibernate.SQL                        : select o1_0.id,o1_0.expiry_time,o1_0.otp,u1_0.id,u1_0.email,u1_0.gender,u1_0.is_active,u1_0.name,u1_0.profile_image,u1_0.pwd,u1_0.role,u1_0.tell,o1_0.verified from otp o1_0 left join tb_users u1_0 on u1_0.id=o1_0.user_id where o1_0.user_id=?
Hibernate: select o1_0.id,o1_0.expiry_time,o1_0.otp,u1_0.id,u1_0.email,u1_0.gender,u1_0.is_active,u1_0.name,u1_0.profile_image,u1_0.pwd,u1_0.role,u1_0.tell,o1_0.verified from otp o1_0 left join tb_users u1_0 on u1_0.id=o1_0.user_id where o1_0.user_id=?
2026-09-15T12:02:16.387+07:00 DEBUG 21060 --- [vehicles_rental] [nio-8080-exec-3] org.hibernate.SQL                        : select v1_0.id,v1_0.brand_id,v1_0.category_id,v1_0.create_at,v1_0.description,v1_0.fuel_type,v1_0.model,v1_0.name,v1_0.plate_number,v1_0.price_per_day,v1_0.seat,v1_0.status,v1_0.transmission,v1_0.update_at,v1_0.year from vehicles v1_0
Hibernate: select v1_0.id,v1_0.brand_id,v1_0.category_id,v1_0.create_at,v1_0.description,v1_0.fuel_type,v1_0.model,v1_0.name,v1_0.plate_number,v1_0.price_per_day,v1_0.seat,v1_0.status,v1_0.transmission,v1_0.update_at,v1_0.year from vehicles v1_0
2026-09-15T12:02:16.388+07:00 DEBUG 21060 --- [vehicles_rental] [nio-8080-exec-3] org.hibernate.SQL                        : select b1_0.id,b1_0.brand_name,b1_0.create_at,b1_0.logo,b1_0.update_at from brand b1_0 where b1_0.id=?
Hibernate: select b1_0.id,b1_0.brand_name,b1_0.create_at,b1_0.logo,b1_0.update_at from brand b1_0 where b1_0.id=?
2026-09-15T12:02:16.388+07:00 DEBUG 21060 --- [vehicles_rental] [nio-8080-exec-4] org.hibernate.SQL                        : select b1_0.id,b1_0.created_at,b1_0.pickup_date,b1_0.return_date,b1_0.status,b1_0.total_days,b1_0.total_price,b1_0.updated_at,b1_0.user_id,b1_0.vehicle_id from bookings b1_0 where b1_0.user_id=?
Hibernate: select b1_0.id,b1_0.created_at,b1_0.pickup_date,b1_0.return_date,b1_0.status,b1_0.total_days,b1_0.total_price,b1_0.updated_at,b1_0.user_id,b1_0.vehicle_id from bookings b1_0 where b1_0.user_id=?
2026-09-15T12:02:16.388+07:00 DEBUG 21060 --- [vehicles_rental] [nio-8080-exec-3] org.hibernate.SQL                        : select c1_0.id,c1_0.category_name,c1_0.create_at,c1_0.description,c1_0.update_at from categories c1_0 where c1_0.id=?
Hibernate: select c1_0.id,c1_0.category_name,c1_0.create_at,c1_0.description,c1_0.update_at from categories c1_0 where c1_0.id=?
2026-09-15T12:02:16.389+07:00 DEBUG 21060 --- [vehicles_rental] [nio-8080-exec-3] org.hibernate.SQL                        : select b1_0.id,b1_0.brand_name,b1_0.create_at,b1_0.logo,b1_0.update_at from brand b1_0 where b1_0.id=?
Hibernate: select b1_0.id,b1_0.brand_name,b1_0.create_at,b1_0.logo,b1_0.update_at from brand b1_0 where b1_0.id=?
2026-09-15T12:02:16.390+07:00 DEBUG 21060 --- [vehicles_rental] [nio-8080-exec-3] org.hibernate.SQL                        : select c1_0.id,c1_0.category_name,c1_0.create_at,c1_0.description,c1_0.update_at from categories c1_0 where c1_0.id=?
Hibernate: select c1_0.id,c1_0.category_name,c1_0.create_at,c1_0.description,c1_0.update_at from categories c1_0 where c1_0.id=?
2026-09-15T12:02:16.390+07:00 DEBUG 21060 --- [vehicles_rental] [nio-8080-exec-4] org.hibernate.SQL                        : select v1_0.id,b1_0.id,b1_0.brand_name,b1_0.create_at,b1_0.logo,b1_0.update_at,c1_0.id,c1_0.category_name,c1_0.create_at,c1_0.description,c1_0.update_at,v1_0.create_at,v1_0.description,v1_0.fuel_type,v1_0.model,v1_0.name,v1_0.plate_number,v1_0.price_per_day,v1_0.seat,v1_0.status,v1_0.transmission,v1_0.update_at,v1_0.year from vehicles v1_0 left join brand b1_0 on b1_0.id=v1_0.brand_id left join categories c1_0 on c1_0.id=v1_0.category_id where v1_0.id=?
Hibernate: select v1_0.id,b1_0.id,b1_0.brand_name,b1_0.create_at,b1_0.logo,b1_0.update_at,c1_0.id,c1_0.category_name,c1_0.create_at,c1_0.description,c1_0.update_at,v1_0.create_at,v1_0.description,v1_0.fuel_type,v1_0.model,v1_0.name,v1_0.plate_number,v1_0.price_per_day,v1_0.seat,v1_0.status,v1_0.transmission,v1_0.update_at,v1_0.year from vehicles v1_0 left join brand b1_0 on b1_0.id=v1_0.brand_id left join categories c1_0 on c1_0.id=v1_0.category_id where v1_0.id=?
2026-09-15T12:02:16.391+07:00 DEBUG 21060 --- [vehicles_rental] [nio-8080-exec-3] org.hibernate.SQL                        : select b1_0.id,b1_0.brand_name,b1_0.create_at,b1_0.logo,b1_0.update_at from brand b1_0 where b1_0.id=?
Hibernate: select b1_0.id,b1_0.brand_name,b1_0.create_at,b1_0.logo,b1_0.update_at from brand b1_0 where b1_0.id=?
2026-09-15T12:02:16.391+07:00 DEBUG 21060 --- [vehicles_rental] [nio-8080-exec-4] org.hibernate.SQL                        : select v1_0.id,b1_0.id,b1_0.brand_name,b1_0.create_at,b1_0.logo,b1_0.update_at,c1_0.id,c1_0.category_name,c1_0.create_at,c1_0.description,c1_0.update_at,v1_0.create_at,v1_0.description,v1_0.fuel_type,v1_0.model,v1_0.name,v1_0.plate_number,v1_0.price_per_day,v1_0.seat,v1_0.status,v1_0.transmission,v1_0.update_at,v1_0.year from vehicles v1_0 left join brand b1_0 on b1_0.id=v1_0.brand_id left join categories c1_0 on c1_0.id=v1_0.category_id where v1_0.id=?
Hibernate: select v1_0.id,b1_0.id,b1_0.brand_name,b1_0.create_at,b1_0.logo,b1_0.update_at,c1_0.id,c1_0.category_name,c1_0.create_at,c1_0.description,c1_0.update_at,v1_0.create_at,v1_0.description,v1_0.fuel_type,v1_0.model,v1_0.name,v1_0.plate_number,v1_0.price_per_day,v1_0.seat,v1_0.status,v1_0.transmission,v1_0.update_at,v1_0.year from vehicles v1_0 left join brand b1_0 on b1_0.id=v1_0.brand_id left join categories c1_0 on c1_0.id=v1_0.category_id where v1_0.id=?
2026-09-15T12:02:16.392+07:00 DEBUG 21060 --- [vehicles_rental] [nio-8080-exec-3] org.hibernate.SQL                        : select c1_0.id,c1_0.category_name,c1_0.create_at,c1_0.description,c1_0.update_at from categories c1_0 where c1_0.id=?
Hibernate: select c1_0.id,c1_0.category_name,c1_0.create_at,c1_0.description,c1_0.update_at from categories c1_0 where c1_0.id=?
2026-09-15T12:02:16.392+07:00 DEBUG 21060 --- [vehicles_rental] [nio-8080-exec-4] org.hibernate.SQL                        : select v1_0.id,b1_0.id,b1_0.brand_name,b1_0.create_at,b1_0.logo,b1_0.update_at,c1_0.id,c1_0.category_name,c1_0.create_at,c1_0.description,c1_0.update_at,v1_0.create_at,v1_0.description,v1_0.fuel_type,v1_0.model,v1_0.name,v1_0.plate_number,v1_0.price_per_day,v1_0.seat,v1_0.status,v1_0.transmission,v1_0.update_at,v1_0.year from vehicles v1_0 left join brand b1_0 on b1_0.id=v1_0.brand_id left join categories c1_0 on c1_0.id=v1_0.category_id where v1_0.id=?
Hibernate: select v1_0.id,b1_0.id,b1_0.brand_name,b1_0.create_at,b1_0.logo,b1_0.update_at,c1_0.id,c1_0.category_name,c1_0.create_at,c1_0.description,c1_0.update_at,v1_0.create_at,v1_0.description,v1_0.fuel_type,v1_0.model,v1_0.name,v1_0.plate_number,v1_0.price_per_day,v1_0.seat,v1_0.status,v1_0.transmission,v1_0.update_at,v1_0.year from vehicles v1_0 left join brand b1_0 on b1_0.id=v1_0.brand_id left join categories c1_0 on c1_0.id=v1_0.category_id where v1_0.id=?
2026-09-15T12:02:16.393+07:00 DEBUG 21060 --- [vehicles_rental] [nio-8080-exec-3] org.hibernate.SQL                        : select b1_0.id,b1_0.brand_name,b1_0.create_at,b1_0.logo,b1_0.update_at from brand b1_0 where b1_0.id=?
Hibernate: select b1_0.id,b1_0.brand_name,b1_0.create_at,b1_0.logo,b1_0.update_at from brand b1_0 where b1_0.id=?
2026-09-15T12:02:16.395+07:00 DEBUG 21060 --- [vehicles_rental] [nio-8080-exec-4] org.hibernate.SQL                        : select v1_0.id,b1_0.id,b1_0.brand_name,b1_0.create_at,b1_0.logo,b1_0.update_at,c1_0.id,c1_0.category_name,c1_0.create_at,c1_0.description,c1_0.update_at,v1_0.create_at,v1_0.description,v1_0.fuel_type,v1_0.model,v1_0.name,v1_0.plate_number,v1_0.price_per_day,v1_0.seat,v1_0.status,v1_0.transmission,v1_0.update_at,v1_0.year from vehicles v1_0 left join brand b1_0 on b1_0.id=v1_0.brand_id left join categories c1_0 on c1_0.id=v1_0.category_id where v1_0.id=?
Hibernate: select v1_0.id,b1_0.id,b1_0.brand_name,b1_0.create_at,b1_0.logo,b1_0.update_at,c1_0.id,c1_0.category_name,c1_0.create_at,c1_0.description,c1_0.update_at,v1_0.create_at,v1_0.description,v1_0.fuel_type,v1_0.model,v1_0.name,v1_0.plate_number,v1_0.price_per_day,v1_0.seat,v1_0.status,v1_0.transmission,v1_0.update_at,v1_0.year from vehicles v1_0 left join brand b1_0 on b1_0.id=v1_0.brand_id left join categories c1_0 on c1_0.id=v1_0.category_id where v1_0.id=?
2026-09-15T12:02:16.395+07:00 DEBUG 21060 --- [vehicles_rental] [nio-8080-exec-3] org.hibernate.SQL                        : select c1_0.id,c1_0.category_name,c1_0.create_at,c1_0.description,c1_0.update_at from categories c1_0 where c1_0.id=?
Hibernate: select c1_0.id,c1_0.category_name,c1_0.create_at,c1_0.description,c1_0.update_at from categories c1_0 where c1_0.id=?
2026-09-15T12:02:16.395+07:00 DEBUG 21060 --- [vehicles_rental] [nio-8080-exec-3] org.hibernate.SQL                        : select b1_0.id,b1_0.brand_name,b1_0.create_at,b1_0.logo,b1_0.update_at from brand b1_0 where b1_0.id=?
Hibernate: select b1_0.id,b1_0.brand_name,b1_0.create_at,b1_0.logo,b1_0.update_at from brand b1_0 where b1_0.id=?
2026-09-15T12:02:16.395+07:00 DEBUG 21060 --- [vehicles_rental] [nio-8080-exec-4] org.hibernate.SQL                        : select v1_0.id,b1_0.id,b1_0.brand_name,b1_0.create_at,b1_0.logo,b1_0.update_at,c1_0.id,c1_0.category_name,c1_0.create_at,c1_0.description,c1_0.update_at,v1_0.create_at,v1_0.description,v1_0.fuel_type,v1_0.model,v1_0.name,v1_0.plate_number,v1_0.price_per_day,v1_0.seat,v1_0.status,v1_0.transmission,v1_0.update_at,v1_0.year from vehicles v1_0 left join brand b1_0 on b1_0.id=v1_0.brand_id left join categories c1_0 on c1_0.id=v1_0.category_id where v1_0.id=?
Hibernate: select v1_0.id,b1_0.id,b1_0.brand_name,b1_0.create_at,b1_0.logo,b1_0.update_at,c1_0.id,c1_0.category_name,c1_0.create_at,c1_0.description,c1_0.update_at,v1_0.create_at,v1_0.description,v1_0.fuel_type,v1_0.model,v1_0.name,v1_0.plate_number,v1_0.price_per_day,v1_0.seat,v1_0.status,v1_0.transmission,v1_0.update_at,v1_0.year from vehicles v1_0 left join brand b1_0 on b1_0.id=v1_0.brand_id left join categories c1_0 on c1_0.id=v1_0.category_id where v1_0.id=?
2026-09-15T12:02:16.395+07:00 DEBUG 21060 --- [vehicles_rental] [nio-8080-exec-4] org.hibernate.SQL                        : select v1_0.id,b1_0.id,b1_0.brand_name,b1_0.create_at,b1_0.logo,b1_0.update_at,c1_0.id,c1_0.category_name,c1_0.create_at,c1_0.description,c1_0.update_at,v1_0.create_at,v1_0.description,v1_0.fuel_type,v1_0.model,v1_0.name,v1_0.plate_number,v1_0.price_per_day,v1_0.seat,v1_0.status,v1_0.transmission,v1_0.update_at,v1_0.year from vehicles v1_0 left join brand b1_0 on b1_0.id=v1_0.brand_id left join categories c1_0 on c1_0.id=v1_0.category_id where v1_0.id=?
Hibernate: select v1_0.id,b1_0.id,b1_0.brand_name,b1_0.create_at,b1_0.logo,b1_0.update_at,c1_0.id,c1_0.category_name,c1_0.create_at,c1_0.description,c1_0.update_at,v1_0.create_at,v1_0.description,v1_0.fuel_type,v1_0.model,v1_0.name,v1_0.plate_number,v1_0.price_per_day,v1_0.seat,v1_0.status,v1_0.transmission,v1_0.update_at,v1_0.year from vehicles v1_0 left join brand b1_0 on b1_0.id=v1_0.brand_id left join categories c1_0 on c1_0.id=v1_0.category_id where v1_0.id=?
2026-09-15T12:02:16.396+07:00 DEBUG 21060 --- [vehicles_rental] [nio-8080-exec-3] m.m.a.RequestResponseBodyMethodProcessor : Using 'application/json', given [application/json, text/plain, */*] and supported [application/json, application/*+json]
2026-09-15T12:02:16.396+07:00 DEBUG 21060 --- [vehicles_rental] [nio-8080-exec-4] o.s.w.s.m.m.a.HttpEntityMethodProcessor  : Using 'application/json', given [application/json, text/plain, */*] and supported [application/json, application/*+json]
2026-09-15T12:02:16.396+07:00 DEBUG 21060 --- [vehicles_rental] [nio-8080-exec-3] m.m.a.RequestResponseBodyMethodProcessor : Writing [ApiResponse(msg=get all vehicles successfully, status=200, data=[VehicleResponse(id=1, category_name (truncated)...]
2026-09-15T12:02:16.396+07:00 DEBUG 21060 --- [vehicles_rental] [nio-8080-exec-4] o.s.w.s.m.m.a.HttpEntityMethodProcessor  : Writing [ApiResponse(msg=Bookings retrieved successfully, status=200, data=[BookingResponse(id=4, userId=7, u (truncated)...]
2026-09-15T12:02:16.397+07:00 DEBUG 21060 --- [vehicles_rental] [nio-8080-exec-3] o.s.web.servlet.DispatcherServlet        : Completed 200 OK
2026-09-15T12:02:16.397+07:00 DEBUG 21060 --- [vehicles_rental] [nio-8080-exec-4] o.s.web.servlet.DispatcherServlet        : Completed 200 OK
2026-09-15T12:02:18.047+07:00 DEBUG 21060 --- [vehicles_rental] [nio-8080-exec-5] org.hibernate.SQL                        : select u1_0.id,u1_0.email,u1_0.gender,u1_0.is_active,u1_0.name,u1_0.profile_image,u1_0.pwd,u1_0.role,u1_0.tell from tb_users u1_0 where u1_0.email=?
Hibernate: select u1_0.id,u1_0.email,u1_0.gender,u1_0.is_active,u1_0.name,u1_0.profile_image,u1_0.pwd,u1_0.role,u1_0.tell from tb_users u1_0 where u1_0.email=?
2026-09-15T12:02:18.048+07:00 DEBUG 21060 --- [vehicles_rental] [nio-8080-exec-5] org.hibernate.SQL                        : select o1_0.id,o1_0.expiry_time,o1_0.otp,u1_0.id,u1_0.email,u1_0.gender,u1_0.is_active,u1_0.name,u1_0.profile_image,u1_0.pwd,u1_0.role,u1_0.tell,o1_0.verified from otp o1_0 left join tb_users u1_0 on u1_0.id=o1_0.user_id where o1_0.user_id=?
Hibernate: select o1_0.id,o1_0.expiry_time,o1_0.otp,u1_0.id,u1_0.email,u1_0.gender,u1_0.is_active,u1_0.name,u1_0.profile_image,u1_0.pwd,u1_0.role,u1_0.tell,o1_0.verified from otp o1_0 left join tb_users u1_0 on u1_0.id=o1_0.user_id where o1_0.user_id=?
2026-09-15T12:02:18.050+07:00 DEBUG 21060 --- [vehicles_rental] [nio-8080-exec-5] o.s.web.servlet.DispatcherServlet        : GET "/api/vehicle/getById/1", parameters={}
2026-09-15T12:02:18.050+07:00 DEBUG 21060 --- [vehicles_rental] [nio-8080-exec-5] s.w.s.m.m.a.RequestMappingHandlerMapping : Mapped to org.example.vehicles_rental.controller.VehicleController#getById(Long)
2026-09-15T12:02:18.051+07:00 DEBUG 21060 --- [vehicles_rental] [nio-8080-exec-5] org.hibernate.SQL                        : select v1_0.id,b1_0.id,b1_0.brand_name,b1_0.create_at,b1_0.logo,b1_0.update_at,c1_0.id,c1_0.category_name,c1_0.create_at,c1_0.description,c1_0.update_at,v1_0.create_at,v1_0.description,v1_0.fuel_type,v1_0.model,v1_0.name,v1_0.plate_number,v1_0.price_per_day,v1_0.seat,v1_0.status,v1_0.transmission,v1_0.update_at,v1_0.year from vehicles v1_0 left join brand b1_0 on b1_0.id=v1_0.brand_id left join categories c1_0 on c1_0.id=v1_0.category_id where v1_0.id=?
Hibernate: select v1_0.id,b1_0.id,b1_0.brand_name,b1_0.create_at,b1_0.logo,b1_0.update_at,c1_0.id,c1_0.category_name,c1_0.create_at,c1_0.description,c1_0.update_at,v1_0.create_at,v1_0.description,v1_0.fuel_type,v1_0.model,v1_0.name,v1_0.plate_number,v1_0.price_per_day,v1_0.seat,v1_0.status,v1_0.transmission,v1_0.update_at,v1_0.year from vehicles v1_0 left join brand b1_0 on b1_0.id=v1_0.brand_id left join categories c1_0 on c1_0.id=v1_0.category_id where v1_0.id=?
2026-09-15T12:02:18.053+07:00 DEBUG 21060 --- [vehicles_rental] [nio-8080-exec-5] m.m.a.RequestResponseBodyMethodProcessor : Using 'application/json', given [application/json, text/plain, */*] and supported [application/json, application/*+json]
2026-09-15T12:02:18.053+07:00 DEBUG 21060 --- [vehicles_rental] [nio-8080-exec-5] m.m.a.RequestResponseBodyMethodProcessor : Writing [ApiResponse(msg=get vehicle ById successfully, status=200, data=VehicleResponse(id=1, category_name= (truncated)...]
2026-09-15T12:02:18.055+07:00 DEBUG 21060 --- [vehicles_rental] [nio-8080-exec-5] o.s.web.servlet.DispatcherServlet        : Completed 200 OK
2026-09-15T12:02:19.324+07:00 DEBUG 21060 --- [vehicles_rental] [nio-8080-exec-7] org.hibernate.SQL                        : select u1_0.id,u1_0.email,u1_0.gender,u1_0.is_active,u1_0.name,u1_0.profile_image,u1_0.pwd,u1_0.role,u1_0.tell from tb_users u1_0 where u1_0.email=?
Hibernate: select u1_0.id,u1_0.email,u1_0.gender,u1_0.is_active,u1_0.name,u1_0.profile_image,u1_0.pwd,u1_0.role,u1_0.tell from tb_users u1_0 where u1_0.email=?
2026-09-15T12:02:19.325+07:00 DEBUG 21060 --- [vehicles_rental] [nio-8080-exec-7] org.hibernate.SQL                        : select o1_0.id,o1_0.expiry_time,o1_0.otp,u1_0.id,u1_0.email,u1_0.gender,u1_0.is_active,u1_0.name,u1_0.profile_image,u1_0.pwd,u1_0.role,u1_0.tell,o1_0.verified from otp o1_0 left join tb_users u1_0 on u1_0.id=o1_0.user_id where o1_0.user_id=?
Hibernate: select o1_0.id,o1_0.expiry_time,o1_0.otp,u1_0.id,u1_0.email,u1_0.gender,u1_0.is_active,u1_0.name,u1_0.profile_image,u1_0.pwd,u1_0.role,u1_0.tell,o1_0.verified from otp o1_0 left join tb_users u1_0 on u1_0.id=o1_0.user_id where o1_0.user_id=?
2026-09-15T12:02:19.326+07:00 DEBUG 21060 --- [vehicles_rental] [nio-8080-exec-7] o.s.web.servlet.DispatcherServlet        : POST "/api/bookings", parameters={}
2026-09-15T12:02:19.327+07:00 DEBUG 21060 --- [vehicles_rental] [nio-8080-exec-7] s.w.s.m.m.a.RequestMappingHandlerMapping : Mapped to org.example.vehicles_rental.controller.BookingController#create(BookingRequest)
2026-09-15T12:02:19.328+07:00 DEBUG 21060 --- [vehicles_rental] [nio-8080-exec-7] m.m.a.RequestResponseBodyMethodProcessor : Read "application/json;charset=UTF-8" to [BookingRequest(userId=null, vehicleId=1, pickupDate=2026-09-16, returnDate=2026-09-20, status=null)]
2026-09-15T12:02:19.328+07:00 DEBUG 21060 --- [vehicles_rental] [nio-8080-exec-7] org.hibernate.SQL                        : select u1_0.id,u1_0.email,u1_0.gender,u1_0.is_active,u1_0.name,u1_0.profile_image,u1_0.pwd,u1_0.role,u1_0.tell from tb_users u1_0 where u1_0.email=?
Hibernate: select u1_0.id,u1_0.email,u1_0.gender,u1_0.is_active,u1_0.name,u1_0.profile_image,u1_0.pwd,u1_0.role,u1_0.tell from tb_users u1_0 where u1_0.email=?
2026-09-15T12:02:19.329+07:00 DEBUG 21060 --- [vehicles_rental] [nio-8080-exec-7] org.hibernate.SQL                        : select o1_0.id,o1_0.expiry_time,o1_0.otp,u1_0.id,u1_0.email,u1_0.gender,u1_0.is_active,u1_0.name,u1_0.profile_image,u1_0.pwd,u1_0.role,u1_0.tell,o1_0.verified from otp o1_0 left join tb_users u1_0 on u1_0.id=o1_0.user_id where o1_0.user_id=?
Hibernate: select o1_0.id,o1_0.expiry_time,o1_0.otp,u1_0.id,u1_0.email,u1_0.gender,u1_0.is_active,u1_0.name,u1_0.profile_image,u1_0.pwd,u1_0.role,u1_0.tell,o1_0.verified from otp o1_0 left join tb_users u1_0 on u1_0.id=o1_0.user_id where o1_0.user_id=?
2026-09-15T12:02:19.330+07:00 DEBUG 21060 --- [vehicles_rental] [nio-8080-exec-7] org.hibernate.SQL                        : select v1_0.id,b1_0.id,b1_0.brand_name,b1_0.create_at,b1_0.logo,b1_0.update_at,c1_0.id,c1_0.category_name,c1_0.create_at,c1_0.description,c1_0.update_at,v1_0.create_at,v1_0.description,v1_0.fuel_type,v1_0.model,v1_0.name,v1_0.plate_number,v1_0.price_per_day,v1_0.seat,v1_0.status,v1_0.transmission,v1_0.update_at,v1_0.year from vehicles v1_0 left join brand b1_0 on b1_0.id=v1_0.brand_id left join categories c1_0 on c1_0.id=v1_0.category_id where v1_0.id=?
Hibernate: select v1_0.id,b1_0.id,b1_0.brand_name,b1_0.create_at,b1_0.logo,b1_0.update_at,c1_0.id,c1_0.category_name,c1_0.create_at,c1_0.description,c1_0.update_at,v1_0.create_at,v1_0.description,v1_0.fuel_type,v1_0.model,v1_0.name,v1_0.plate_number,v1_0.price_per_day,v1_0.seat,v1_0.status,v1_0.transmission,v1_0.update_at,v1_0.year from vehicles v1_0 left join brand b1_0 on b1_0.id=v1_0.brand_id left join categories c1_0 on c1_0.id=v1_0.category_id where v1_0.id=?
2026-09-15T12:02:19.333+07:00 DEBUG 21060 --- [vehicles_rental] [nio-8080-exec-7] org.hibernate.SQL                        : select count(b1_0.id)>0 from bookings b1_0 where b1_0.vehicle_id=? and b1_0.pickup_date<? and b1_0.return_date>? and b1_0.status in (?,?) and b1_0.user_id<>?
Hibernate: select count(b1_0.id)>0 from bookings b1_0 where b1_0.vehicle_id=? and b1_0.pickup_date<? and b1_0.return_date>? and b1_0.status in (?,?) and b1_0.user_id<>?
2026-09-15T12:02:19.335+07:00 DEBUG 21060 --- [vehicles_rental] [nio-8080-exec-7] org.hibernate.SQL                        : insert into bookings (created_at,pickup_date,return_date,status,total_days,total_price,updated_at,user_id,vehicle_id) values (?,?,?,?,?,?,?,?,?)
Hibernate: insert into bookings (created_at,pickup_date,return_date,status,total_days,total_price,updated_at,user_id,vehicle_id) values (?,?,?,?,?,?,?,?,?)
2026-09-15T12:02:19.338+07:00 DEBUG 21060 --- [vehicles_rental] [nio-8080-exec-7] org.hibernate.SQL                        : select ns1_0.id,ns1_0.booking_cancellation,ns1_0.daily_summary_report,ns1_0.low_availability_alert,ns1_0.new_booking,ns1_0.new_user_registration,ns1_0.payment_received from notification_settings ns1_0 where ns1_0.id=?
Hibernate: select ns1_0.id,ns1_0.booking_cancellation,ns1_0.daily_summary_report,ns1_0.low_availability_alert,ns1_0.new_booking,ns1_0.new_user_registration,ns1_0.payment_received from notification_settings ns1_0 where ns1_0.id=?
2026-09-15T12:02:19.339+07:00 DEBUG 21060 --- [vehicles_rental] [nio-8080-exec-7] org.hibernate.SQL                        : select u1_0.id,u1_0.email,u1_0.gender,u1_0.is_active,u1_0.name,u1_0.profile_image,u1_0.pwd,u1_0.role,u1_0.tell from tb_users u1_0 where u1_0.role=?
Hibernate: select u1_0.id,u1_0.email,u1_0.gender,u1_0.is_active,u1_0.name,u1_0.profile_image,u1_0.pwd,u1_0.role,u1_0.tell from tb_users u1_0 where u1_0.role=?
2026-09-15T12:02:19.340+07:00 DEBUG 21060 --- [vehicles_rental] [nio-8080-exec-7] o.s.w.s.m.m.a.HttpEntityMethodProcessor  : Using 'application/json', given [application/json, text/plain, */*] and supported [application/json, application/*+json]
2026-09-15T12:02:19.340+07:00 DEBUG 21060 --- [vehicles_rental] [nio-8080-exec-7] o.s.w.s.m.m.a.HttpEntityMethodProcessor  : Writing [ApiResponse(msg=Booking created successfully, status=201, data=BookingResponse(id=15, userId=7, user (truncated)...]
2026-09-15T12:02:19.342+07:00 DEBUG 21060 --- [vehicles_rental] [nio-8080-exec-7] o.s.web.servlet.DispatcherServlet        : Completed 200 OK
2026-09-15T12:02:19.380+07:00 DEBUG 21060 --- [vehicles_rental] [nio-8080-exec-6] org.hibernate.SQL                        : select u1_0.id,u1_0.email,u1_0.gender,u1_0.is_active,u1_0.name,u1_0.profile_image,u1_0.pwd,u1_0.role,u1_0.tell from tb_users u1_0 where u1_0.email=?
Hibernate: select u1_0.id,u1_0.email,u1_0.gender,u1_0.is_active,u1_0.name,u1_0.profile_image,u1_0.pwd,u1_0.role,u1_0.tell from tb_users u1_0 where u1_0.email=?
2026-09-15T12:02:19.380+07:00 DEBUG 21060 --- [vehicles_rental] [nio-8080-exec-6] org.hibernate.SQL                        : select o1_0.id,o1_0.expiry_time,o1_0.otp,u1_0.id,u1_0.email,u1_0.gender,u1_0.is_active,u1_0.name,u1_0.profile_image,u1_0.pwd,u1_0.role,u1_0.tell,o1_0.verified from otp o1_0 left join tb_users u1_0 on u1_0.id=o1_0.user_id where o1_0.user_id=?
Hibernate: select o1_0.id,o1_0.expiry_time,o1_0.otp,u1_0.id,u1_0.email,u1_0.gender,u1_0.is_active,u1_0.name,u1_0.profile_image,u1_0.pwd,u1_0.role,u1_0.tell,o1_0.verified from otp o1_0 left join tb_users u1_0 on u1_0.id=o1_0.user_id where o1_0.user_id=?
2026-09-15T12:02:19.384+07:00 DEBUG 21060 --- [vehicles_rental] [nio-8080-exec-6] o.s.web.servlet.DispatcherServlet        : GET "/api/paymentMethods", parameters={}
2026-09-15T12:02:19.384+07:00 DEBUG 21060 --- [vehicles_rental] [nio-8080-exec-6] s.w.s.m.m.a.RequestMappingHandlerMapping : Mapped to org.example.vehicles_rental.controller.PaymentMethodController#getAll()
2026-09-15T12:02:19.387+07:00 DEBUG 21060 --- [vehicles_rental] [nio-8080-exec-6] org.hibernate.SQL                        : select pm1_0.id,pm1_0.description,pm1_0.method_name,pm1_0.status from payment_methods pm1_0
Hibernate: select pm1_0.id,pm1_0.description,pm1_0.method_name,pm1_0.status from payment_methods pm1_0
2026-09-15T12:02:19.389+07:00 DEBUG 21060 --- [vehicles_rental] [nio-8080-exec-6] o.s.w.s.m.m.a.HttpEntityMethodProcessor  : Using 'application/json', given [application/json, text/plain, */*] and supported [application/json, application/*+json]
2026-09-15T12:02:19.389+07:00 DEBUG 21060 --- [vehicles_rental] [nio-8080-exec-6] o.s.w.s.m.m.a.HttpEntityMethodProcessor  : Writing [ApiResponse(msg=Payment methods retrieved successfully, status=200, data=[PaymentMethodResponse(id=1 (truncated)...]
2026-09-15T12:02:19.390+07:00 DEBUG 21060 --- [vehicles_rental] [nio-8080-exec-6] o.s.web.servlet.DispatcherServlet        : Completed 200 OK
2026-09-15T12:02:19.397+07:00 DEBUG 21060 --- [vehicles_rental] [nio-8080-exec-8] org.hibernate.SQL                        : select u1_0.id,u1_0.email,u1_0.gender,u1_0.is_active,u1_0.name,u1_0.profile_image,u1_0.pwd,u1_0.role,u1_0.tell from tb_users u1_0 where u1_0.email=?
Hibernate: select u1_0.id,u1_0.email,u1_0.gender,u1_0.is_active,u1_0.name,u1_0.profile_image,u1_0.pwd,u1_0.role,u1_0.tell from tb_users u1_0 where u1_0.email=?
2026-09-15T12:02:19.398+07:00 DEBUG 21060 --- [vehicles_rental] [nio-8080-exec-8] org.hibernate.SQL                        : select o1_0.id,o1_0.expiry_time,o1_0.otp,u1_0.id,u1_0.email,u1_0.gender,u1_0.is_active,u1_0.name,u1_0.profile_image,u1_0.pwd,u1_0.role,u1_0.tell,o1_0.verified from otp o1_0 left join tb_users u1_0 on u1_0.id=o1_0.user_id where o1_0.user_id=?
Hibernate: select o1_0.id,o1_0.expiry_time,o1_0.otp,u1_0.id,u1_0.email,u1_0.gender,u1_0.is_active,u1_0.name,u1_0.profile_image,u1_0.pwd,u1_0.role,u1_0.tell,o1_0.verified from otp o1_0 left join tb_users u1_0 on u1_0.id=o1_0.user_id where o1_0.user_id=?
2026-09-15T12:02:19.400+07:00 DEBUG 21060 --- [vehicles_rental] [nio-8080-exec-8] o.s.web.servlet.DispatcherServlet        : GET "/api/payments/bakong/scan-status?amount=0.4&currency=USD", parameters={masked}
2026-09-15T12:02:19.400+07:00 DEBUG 21060 --- [vehicles_rental] [nio-8080-exec-8] s.w.s.m.m.a.RequestMappingHandlerMapping : Mapped to org.example.vehicles_rental.controller.PaymentController#checkBakongScanPayment(String, BigDecimal, String)
2026-09-15T12:02:19.401+07:00 DEBUG 21060 --- [vehicles_rental] [nio-8080-exec-8] o.s.w.s.m.m.a.HttpEntityMethodProcessor  : Using 'application/json', given [application/json, text/plain, */*] and supported [application/json, application/*+json]
2026-09-15T12:02:19.401+07:00 DEBUG 21060 --- [vehicles_rental] [nio-8080-exec-8] o.s.w.s.m.m.a.HttpEntityMethodProcessor  : Writing [BakongPaymentResponse(paymentId=null, bookingId=null, amount=0.4, currency=USD, transactionId=null,  (truncated)...]
2026-09-15T12:02:19.402+07:00 DEBUG 21060 --- [vehicles_rental] [nio-8080-exec-8] o.s.web.servlet.DispatcherServlet        : Completed 200 OK
2026-09-15T12:02:19.408+07:00 DEBUG 21060 --- [vehicles_rental] [io-8080-exec-10] org.hibernate.SQL                        : select u1_0.id,u1_0.email,u1_0.gender,u1_0.is_active,u1_0.name,u1_0.profile_image,u1_0.pwd,u1_0.role,u1_0.tell from tb_users u1_0 where u1_0.email=?
Hibernate: select u1_0.id,u1_0.email,u1_0.gender,u1_0.is_active,u1_0.name,u1_0.profile_image,u1_0.pwd,u1_0.role,u1_0.tell from tb_users u1_0 where u1_0.email=?
2026-09-15T12:02:19.409+07:00 DEBUG 21060 --- [vehicles_rental] [io-8080-exec-10] org.hibernate.SQL                        : select o1_0.id,o1_0.expiry_time,o1_0.otp,u1_0.id,u1_0.email,u1_0.gender,u1_0.is_active,u1_0.name,u1_0.profile_image,u1_0.pwd,u1_0.role,u1_0.tell,o1_0.verified from otp o1_0 left join tb_users u1_0 on u1_0.id=o1_0.user_id where o1_0.user_id=?
Hibernate: select o1_0.id,o1_0.expiry_time,o1_0.otp,u1_0.id,u1_0.email,u1_0.gender,u1_0.is_active,u1_0.name,u1_0.profile_image,u1_0.pwd,u1_0.role,u1_0.tell,o1_0.verified from otp o1_0 left join tb_users u1_0 on u1_0.id=o1_0.user_id where o1_0.user_id=?
2026-09-15T12:02:19.410+07:00 DEBUG 21060 --- [vehicles_rental] [io-8080-exec-10] o.s.web.servlet.DispatcherServlet        : POST "/api/payments/bakong/scan-qr", parameters={}
2026-09-15T12:02:19.410+07:00 DEBUG 21060 --- [vehicles_rental] [io-8080-exec-10] s.w.s.m.m.a.RequestMappingHandlerMapping : Mapped to org.example.vehicles_rental.controller.PaymentController#createBakongScanQr(CreatePaymentRequest)
2026-09-15T12:02:19.410+07:00 DEBUG 21060 --- [vehicles_rental] [io-8080-exec-10] m.m.a.RequestResponseBodyMethodProcessor : Read "application/json;charset=UTF-8" to [CreatePaymentRequest(bookingId=15, paymentMethodId=null, amount=0.4, currency=USD)]
2026-09-15T12:02:19.412+07:00 DEBUG 21060 --- [vehicles_rental] [io-8080-exec-10] o.s.w.s.m.m.a.HttpEntityMethodProcessor  : Using 'application/json', given [application/json, text/plain, */*] and supported [application/json, application/*+json]
2026-09-15T12:02:19.412+07:00 DEBUG 21060 --- [vehicles_rental] [io-8080-exec-10] o.s.w.s.m.m.a.HttpEntityMethodProcessor  : Writing [BakongPaymentResponse(paymentId=null, bookingId=15, amount=0.4, currency=USD, transactionId=BOOK-15, (truncated)...]
2026-09-15T12:02:19.413+07:00 DEBUG 21060 --- [vehicles_rental] [io-8080-exec-10] o.s.web.servlet.DispatcherServlet        : Completed 200 OK
2026-09-15T12:02:19.438+07:00 DEBUG 21060 --- [vehicles_rental] [nio-8080-exec-2] org.hibernate.SQL                        : select u1_0.id,u1_0.email,u1_0.gender,u1_0.is_active,u1_0.name,u1_0.profile_image,u1_0.pwd,u1_0.role,u1_0.tell from tb_users u1_0 where u1_0.email=?
Hibernate: select u1_0.id,u1_0.email,u1_0.gender,u1_0.is_active,u1_0.name,u1_0.profile_image,u1_0.pwd,u1_0.role,u1_0.tell from tb_users u1_0 where u1_0.email=?
2026-09-15T12:02:19.439+07:00 DEBUG 21060 --- [vehicles_rental] [nio-8080-exec-2] org.hibernate.SQL                        : select o1_0.id,o1_0.expiry_time,o1_0.otp,u1_0.id,u1_0.email,u1_0.gender,u1_0.is_active,u1_0.name,u1_0.profile_image,u1_0.pwd,u1_0.role,u1_0.tell,o1_0.verified from otp o1_0 left join tb_users u1_0 on u1_0.id=o1_0.user_id where o1_0.user_id=?
Hibernate: select o1_0.id,o1_0.expiry_time,o1_0.otp,u1_0.id,u1_0.email,u1_0.gender,u1_0.is_active,u1_0.name,u1_0.profile_image,u1_0.pwd,u1_0.role,u1_0.tell,o1_0.verified from otp o1_0 left join tb_users u1_0 on u1_0.id=o1_0.user_id where o1_0.user_id=?
2026-09-15T12:02:19.440+07:00 DEBUG 21060 --- [vehicles_rental] [nio-8080-exec-2] o.s.web.servlet.DispatcherServlet        : GET "/api/payments/bakong/scan-status?reference=e5abd373cde54da2b33f267a7d83eb52&amount=0.4&currency=USD", parameters={masked}
2026-09-15T12:02:19.440+07:00 DEBUG 21060 --- [vehicles_rental] [nio-8080-exec-2] s.w.s.m.m.a.RequestMappingHandlerMapping : Mapped to org.example.vehicles_rental.controller.PaymentController#checkBakongScanPayment(String, BigDecimal, String)
2026-09-15T12:02:19.442+07:00 DEBUG 21060 --- [vehicles_rental] [nio-8080-exec-2] o.s.web.client.RestTemplate              : HTTP POST https://api-bakong.nbc.gov.kh/v1/check_transaction_by_md5
2026-09-15T12:02:19.442+07:00 DEBUG 21060 --- [vehicles_rental] [nio-8080-exec-2] o.s.web.client.RestTemplate              : Accept=[application/json, application/*+json]
2026-09-15T12:02:19.442+07:00 DEBUG 21060 --- [vehicles_rental] [nio-8080-exec-2] o.s.web.client.RestTemplate              : Writing [{md5=e5abd373cde54da2b33f267a7d83eb52}] as "application/json"
2026-09-15T12:02:19.776+07:00 DEBUG 21060 --- [vehicles_rental] [nio-8080-exec-2] o.s.web.client.RestTemplate              : Response 200 OK
2026-09-15T12:02:19.777+07:00 DEBUG 21060 --- [vehicles_rental] [nio-8080-exec-2] o.s.web.client.RestTemplate              : Reading to [java.util.Map<java.lang.String, java.lang.Object>]
2026-09-15T12:02:19.777+07:00 DEBUG 21060 --- [vehicles_rental] [nio-8080-exec-2] o.s.w.s.m.m.a.HttpEntityMethodProcessor  : Using 'application/json', given [application/json, text/plain, */*] and supported [application/json, application/*+json]
2026-09-15T12:02:19.777+07:00 DEBUG 21060 --- [vehicles_rental] [nio-8080-exec-2] o.s.w.s.m.m.a.HttpEntityMethodProcessor  : Writing [BakongPaymentResponse(paymentId=null, bookingId=null, amount=null, currency=null, transactionId=null (truncated)...]
2026-09-15T12:02:19.778+07:00 DEBUG 21060 --- [vehicles_rental] [nio-8080-exec-2] o.s.web.servlet.DispatcherServlet        : Completed 200 OK
2026-09-15T12:02:24.436+07:00 DEBUG 21060 --- [vehicles_rental] [nio-8080-exec-1] org.hibernate.SQL                        : select u1_0.id,u1_0.email,u1_0.gender,u1_0.is_active,u1_0.name,u1_0.profile_image,u1_0.pwd,u1_0.role,u1_0.tell from tb_users u1_0 where u1_0.email=?
Hibernate: select u1_0.id,u1_0.email,u1_0.gender,u1_0.is_active,u1_0.name,u1_0.profile_image,u1_0.pwd,u1_0.role,u1_0.tell from tb_users u1_0 where u1_0.email=?
2026-09-15T12:02:24.437+07:00 DEBUG 21060 --- [vehicles_rental] [nio-8080-exec-1] org.hibernate.SQL                        : select o1_0.id,o1_0.expiry_time,o1_0.otp,u1_0.id,u1_0.email,u1_0.gender,u1_0.is_active,u1_0.name,u1_0.profile_image,u1_0.pwd,u1_0.role,u1_0.tell,o1_0.verified from otp o1_0 left join tb_users u1_0 on u1_0.id=o1_0.user_id where o1_0.user_id=?
Hibernate: select o1_0.id,o1_0.expiry_time,o1_0.otp,u1_0.id,u1_0.email,u1_0.gender,u1_0.is_active,u1_0.name,u1_0.profile_image,u1_0.pwd,u1_0.role,u1_0.tell,o1_0.verified from otp o1_0 left join tb_users u1_0 on u1_0.id=o1_0.user_id where o1_0.user_id=?
2026-09-15T12:02:24.438+07:00 DEBUG 21060 --- [vehicles_rental] [nio-8080-exec-1] o.s.web.servlet.DispatcherServlet        : GET "/api/payments/bakong/scan-status?reference=e5abd373cde54da2b33f267a7d83eb52&amount=0.4&currency=USD", parameters={masked}
2026-09-15T12:02:24.438+07:00 DEBUG 21060 --- [vehicles_rental] [nio-8080-exec-1] s.w.s.m.m.a.RequestMappingHandlerMapping : Mapped to org.example.vehicles_rental.controller.PaymentController#checkBakongScanPayment(String, BigDecimal, String)
2026-09-15T12:02:24.439+07:00 DEBUG 21060 --- [vehicles_rental] [nio-8080-exec-1] o.s.web.client.RestTemplate              : HTTP POST https://api-bakong.nbc.gov.kh/v1/check_transaction_by_md5
2026-09-15T12:02:24.439+07:00 DEBUG 21060 --- [vehicles_rental] [nio-8080-exec-1] o.s.web.client.RestTemplate              : Accept=[application/json, application/*+json]
2026-09-15T12:02:24.439+07:00 DEBUG 21060 --- [vehicles_rental] [nio-8080-exec-1] o.s.web.client.RestTemplate              : Writing [{md5=e5abd373cde54da2b33f267a7d83eb52}] as "application/json"
2026-09-15T12:02:24.643+07:00 DEBUG 21060 --- [vehicles_rental] [nio-8080-exec-1] o.s.web.client.RestTemplate              : Response 200 OK
2026-09-15T12:02:24.643+07:00 DEBUG 21060 --- [vehicles_rental] [nio-8080-exec-1] o.s.web.client.RestTemplate              : Reading to [java.util.Map<java.lang.String, java.lang.Object>]
2026-09-15T12:02:24.643+07:00 DEBUG 21060 --- [vehicles_rental] [nio-8080-exec-1] o.s.w.s.m.m.a.HttpEntityMethodProcessor  : Using 'application/json', given [application/json, text/plain, */*] and supported [application/json, application/*+json]
2026-09-15T12:02:24.643+07:00 DEBUG 21060 --- [vehicles_rental] [nio-8080-exec-1] o.s.w.s.m.m.a.HttpEntityMethodProcessor  : Writing [BakongPaymentResponse(paymentId=null, bookingId=null, amount=null, currency=null, transactionId=null (truncated)...]
2026-09-15T12:02:24.643+07:00 DEBUG 21060 --- [vehicles_rental] [nio-8080-exec-1] o.s.web.servlet.DispatcherServlet        : Completed 200 OK
2026-09-15T12:02:25.008+07:00 DEBUG 21060 --- [vehicles_rental] [nio-8080-exec-4] org.hibernate.SQL                        : select u1_0.id,u1_0.email,u1_0.gender,u1_0.is_active,u1_0.name,u1_0.profile_image,u1_0.pwd,u1_0.role,u1_0.tell from tb_users u1_0 where u1_0.email=?
Hibernate: select u1_0.id,u1_0.email,u1_0.gender,u1_0.is_active,u1_0.name,u1_0.profile_image,u1_0.pwd,u1_0.role,u1_0.tell from tb_users u1_0 where u1_0.email=?
2026-09-15T12:02:25.009+07:00 DEBUG 21060 --- [vehicles_rental] [nio-8080-exec-4] org.hibernate.SQL                        : select o1_0.id,o1_0.expiry_time,o1_0.otp,u1_0.id,u1_0.email,u1_0.gender,u1_0.is_active,u1_0.name,u1_0.profile_image,u1_0.pwd,u1_0.role,u1_0.tell,o1_0.verified from otp o1_0 left join tb_users u1_0 on u1_0.id=o1_0.user_id where o1_0.user_id=?
Hibernate: select o1_0.id,o1_0.expiry_time,o1_0.otp,u1_0.id,u1_0.email,u1_0.gender,u1_0.is_active,u1_0.name,u1_0.profile_image,u1_0.pwd,u1_0.role,u1_0.tell,o1_0.verified from otp o1_0 left join tb_users u1_0 on u1_0.id=o1_0.user_id where o1_0.user_id=?
2026-09-15T12:02:25.011+07:00 DEBUG 21060 --- [vehicles_rental] [nio-8080-exec-4] o.s.web.servlet.DispatcherServlet        : GET "/api/paymentMethods", parameters={}
2026-09-15T12:02:25.011+07:00 DEBUG 21060 --- [vehicles_rental] [nio-8080-exec-4] s.w.s.m.m.a.RequestMappingHandlerMapping : Mapped to org.example.vehicles_rental.controller.PaymentMethodController#getAll()
2026-09-15T12:02:25.017+07:00 DEBUG 21060 --- [vehicles_rental] [nio-8080-exec-4] org.hibernate.SQL                        : select pm1_0.id,pm1_0.description,pm1_0.method_name,pm1_0.status from payment_methods pm1_0
Hibernate: select pm1_0.id,pm1_0.description,pm1_0.method_name,pm1_0.status from payment_methods pm1_0
2026-09-15T12:02:25.020+07:00 DEBUG 21060 --- [vehicles_rental] [nio-8080-exec-4] o.s.w.s.m.m.a.HttpEntityMethodProcessor  : Using 'application/json', given [application/json, text/plain, */*] and supported [application/json, application/*+json]
2026-09-15T12:02:25.020+07:00 DEBUG 21060 --- [vehicles_rental] [nio-8080-exec-4] o.s.w.s.m.m.a.HttpEntityMethodProcessor  : Writing [ApiResponse(msg=Payment methods retrieved successfully, status=200, data=[PaymentMethodResponse(id=1 (truncated)...]
2026-09-15T12:02:25.020+07:00 DEBUG 21060 --- [vehicles_rental] [nio-8080-exec-4] o.s.web.servlet.DispatcherServlet        : Completed 200 OK
2026-09-15T12:02:25.039+07:00 DEBUG 21060 --- [vehicles_rental] [nio-8080-exec-3] org.hibernate.SQL                        : select u1_0.id,u1_0.email,u1_0.gender,u1_0.is_active,u1_0.name,u1_0.profile_image,u1_0.pwd,u1_0.role,u1_0.tell from tb_users u1_0 where u1_0.email=?
Hibernate: select u1_0.id,u1_0.email,u1_0.gender,u1_0.is_active,u1_0.name,u1_0.profile_image,u1_0.pwd,u1_0.role,u1_0.tell from tb_users u1_0 where u1_0.email=?
2026-09-15T12:02:25.040+07:00 DEBUG 21060 --- [vehicles_rental] [nio-8080-exec-3] org.hibernate.SQL                        : select o1_0.id,o1_0.expiry_time,o1_0.otp,u1_0.id,u1_0.email,u1_0.gender,u1_0.is_active,u1_0.name,u1_0.profile_image,u1_0.pwd,u1_0.role,u1_0.tell,o1_0.verified from otp o1_0 left join tb_users u1_0 on u1_0.id=o1_0.user_id where o1_0.user_id=?
Hibernate: select o1_0.id,o1_0.expiry_time,o1_0.otp,u1_0.id,u1_0.email,u1_0.gender,u1_0.is_active,u1_0.name,u1_0.profile_image,u1_0.pwd,u1_0.role,u1_0.tell,o1_0.verified from otp o1_0 left join tb_users u1_0 on u1_0.id=o1_0.user_id where o1_0.user_id=?
2026-09-15T12:02:25.042+07:00 DEBUG 21060 --- [vehicles_rental] [nio-8080-exec-3] o.s.web.servlet.DispatcherServlet        : GET "/api/payments/bakong/scan-status?amount=0.4&currency=USD", parameters={masked}
2026-09-15T12:02:25.042+07:00 DEBUG 21060 --- [vehicles_rental] [nio-8080-exec-3] s.w.s.m.m.a.RequestMappingHandlerMapping : Mapped to org.example.vehicles_rental.controller.PaymentController#checkBakongScanPayment(String, BigDecimal, String)
2026-09-15T12:02:25.043+07:00 DEBUG 21060 --- [vehicles_rental] [nio-8080-exec-3] o.s.w.s.m.m.a.HttpEntityMethodProcessor  : Using 'application/json', given [application/json, text/plain, */*] and supported [application/json, application/*+json]
2026-09-15T12:02:25.044+07:00 DEBUG 21060 --- [vehicles_rental] [nio-8080-exec-3] o.s.w.s.m.m.a.HttpEntityMethodProcessor  : Writing [BakongPaymentResponse(paymentId=null, bookingId=null, amount=0.4, currency=USD, transactionId=null,  (truncated)...]
2026-09-15T12:02:25.044+07:00 DEBUG 21060 --- [vehicles_rental] [nio-8080-exec-3] o.s.web.servlet.DispatcherServlet        : Completed 200 OK
2026-09-15T12:02:25.057+07:00 DEBUG 21060 --- [vehicles_rental] [nio-8080-exec-5] org.hibernate.SQL                        : select u1_0.id,u1_0.email,u1_0.gender,u1_0.is_active,u1_0.name,u1_0.profile_image,u1_0.pwd,u1_0.role,u1_0.tell from tb_users u1_0 where u1_0.email=?
Hibernate: select u1_0.id,u1_0.email,u1_0.gender,u1_0.is_active,u1_0.name,u1_0.profile_image,u1_0.pwd,u1_0.role,u1_0.tell from tb_users u1_0 where u1_0.email=?
2026-09-15T12:02:25.058+07:00 DEBUG 21060 --- [vehicles_rental] [nio-8080-exec-5] org.hibernate.SQL                        : select o1_0.id,o1_0.expiry_time,o1_0.otp,u1_0.id,u1_0.email,u1_0.gender,u1_0.is_active,u1_0.name,u1_0.profile_image,u1_0.pwd,u1_0.role,u1_0.tell,o1_0.verified from otp o1_0 left join tb_users u1_0 on u1_0.id=o1_0.user_id where o1_0.user_id=?
Hibernate: select o1_0.id,o1_0.expiry_time,o1_0.otp,u1_0.id,u1_0.email,u1_0.gender,u1_0.is_active,u1_0.name,u1_0.profile_image,u1_0.pwd,u1_0.role,u1_0.tell,o1_0.verified from otp o1_0 left join tb_users u1_0 on u1_0.id=o1_0.user_id where o1_0.user_id=?
2026-09-15T12:02:25.061+07:00 DEBUG 21060 --- [vehicles_rental] [nio-8080-exec-5] o.s.web.servlet.DispatcherServlet        : POST "/api/payments/bakong/scan-qr", parameters={}
2026-09-15T12:02:25.062+07:00 DEBUG 21060 --- [vehicles_rental] [nio-8080-exec-5] s.w.s.m.m.a.RequestMappingHandlerMapping : Mapped to org.example.vehicles_rental.controller.PaymentController#createBakongScanQr(CreatePaymentRequest)
2026-09-15T12:02:25.063+07:00 DEBUG 21060 --- [vehicles_rental] [nio-8080-exec-5] m.m.a.RequestResponseBodyMethodProcessor : Read "application/json;charset=UTF-8" to [CreatePaymentRequest(bookingId=15, paymentMethodId=null, amount=0.4, currency=USD)]
2026-09-15T12:02:25.065+07:00 DEBUG 21060 --- [vehicles_rental] [nio-8080-exec-5] o.s.w.s.m.m.a.HttpEntityMethodProcessor  : Using 'application/json', given [application/json, text/plain, */*] and supported [application/json, application/*+json]
2026-09-15T12:02:25.065+07:00 DEBUG 21060 --- [vehicles_rental] [nio-8080-exec-5] o.s.w.s.m.m.a.HttpEntityMethodProcessor  : Writing [BakongPaymentResponse(paymentId=null, bookingId=15, amount=0.4, currency=USD, transactionId=BOOK-15, (truncated)...]
2026-09-15T12:02:25.066+07:00 DEBUG 21060 --- [vehicles_rental] [nio-8080-exec-5] o.s.web.servlet.DispatcherServlet        : Completed 200 OK
2026-09-15T12:02:25.114+07:00 DEBUG 21060 --- [vehicles_rental] [nio-8080-exec-6] org.hibernate.SQL                        : select u1_0.id,u1_0.email,u1_0.gender,u1_0.is_active,u1_0.name,u1_0.profile_image,u1_0.pwd,u1_0.role,u1_0.tell from tb_users u1_0 where u1_0.email=?
Hibernate: select u1_0.id,u1_0.email,u1_0.gender,u1_0.is_active,u1_0.name,u1_0.profile_image,u1_0.pwd,u1_0.role,u1_0.tell from tb_users u1_0 where u1_0.email=?
2026-09-15T12:02:25.115+07:00 DEBUG 21060 --- [vehicles_rental] [nio-8080-exec-6] org.hibernate.SQL                        : select o1_0.id,o1_0.expiry_time,o1_0.otp,u1_0.id,u1_0.email,u1_0.gender,u1_0.is_active,u1_0.name,u1_0.profile_image,u1_0.pwd,u1_0.role,u1_0.tell,o1_0.verified from otp o1_0 left join tb_users u1_0 on u1_0.id=o1_0.user_id where o1_0.user_id=?
Hibernate: select o1_0.id,o1_0.expiry_time,o1_0.otp,u1_0.id,u1_0.email,u1_0.gender,u1_0.is_active,u1_0.name,u1_0.profile_image,u1_0.pwd,u1_0.role,u1_0.tell,o1_0.verified from otp o1_0 left join tb_users u1_0 on u1_0.id=o1_0.user_id where o1_0.user_id=?
2026-09-15T12:02:25.119+07:00 DEBUG 21060 --- [vehicles_rental] [nio-8080-exec-6] o.s.web.servlet.DispatcherServlet        : GET "/api/payments/bakong/scan-status?reference=3ca846df3e2d286589bc402c3f278585&amount=0.4&currency=USD", parameters={masked}
2026-09-15T12:02:25.119+07:00 DEBUG 21060 --- [vehicles_rental] [nio-8080-exec-6] s.w.s.m.m.a.RequestMappingHandlerMapping : Mapped to org.example.vehicles_rental.controller.PaymentController#checkBakongScanPayment(String, BigDecimal, String)
2026-09-15T12:02:25.120+07:00 DEBUG 21060 --- [vehicles_rental] [nio-8080-exec-6] o.s.web.client.RestTemplate              : HTTP POST https://api-bakong.nbc.gov.kh/v1/check_transaction_by_md5
2026-09-15T12:02:25.120+07:00 DEBUG 21060 --- [vehicles_rental] [nio-8080-exec-6] o.s.web.client.RestTemplate              : Accept=[application/json, application/*+json]
2026-09-15T12:02:25.120+07:00 DEBUG 21060 --- [vehicles_rental] [nio-8080-exec-6] o.s.web.client.RestTemplate              : Writing [{md5=3ca846df3e2d286589bc402c3f278585}] as "application/json"
2026-09-15T12:02:25.311+07:00 DEBUG 21060 --- [vehicles_rental] [nio-8080-exec-6] o.s.web.client.RestTemplate              : Response 200 OK
2026-09-15T12:02:25.312+07:00 DEBUG 21060 --- [vehicles_rental] [nio-8080-exec-6] o.s.web.client.RestTemplate              : Reading to [java.util.Map<java.lang.String, java.lang.Object>]
2026-09-15T12:02:25.312+07:00 DEBUG 21060 --- [vehicles_rental] [nio-8080-exec-6] o.s.w.s.m.m.a.HttpEntityMethodProcessor  : Using 'application/json', given [application/json, text/plain, */*] and supported [application/json, application/*+json]
2026-09-15T12:02:25.312+07:00 DEBUG 21060 --- [vehicles_rental] [nio-8080-exec-6] o.s.w.s.m.m.a.HttpEntityMethodProcessor  : Writing [BakongPaymentResponse(paymentId=null, bookingId=null, amount=null, currency=null, transactionId=null (truncated)...]
2026-09-15T12:02:25.314+07:00 DEBUG 21060 --- [vehicles_rental] [nio-8080-exec-6] o.s.web.servlet.DispatcherServlet        : Completed 200 OK
2026-09-15T12:02:30.118+07:00 DEBUG 21060 --- [vehicles_rental] [nio-8080-exec-8] org.hibernate.SQL                        : select u1_0.id,u1_0.email,u1_0.gender,u1_0.is_active,u1_0.name,u1_0.profile_image,u1_0.pwd,u1_0.role,u1_0.tell from tb_users u1_0 where u1_0.email=?
Hibernate: select u1_0.id,u1_0.email,u1_0.gender,u1_0.is_active,u1_0.name,u1_0.profile_image,u1_0.pwd,u1_0.role,u1_0.tell from tb_users u1_0 where u1_0.email=?
2026-09-15T12:02:30.118+07:00 DEBUG 21060 --- [vehicles_rental] [nio-8080-exec-8] org.hibernate.SQL                        : select o1_0.id,o1_0.expiry_time,o1_0.otp,u1_0.id,u1_0.email,u1_0.gender,u1_0.is_active,u1_0.name,u1_0.profile_image,u1_0.pwd,u1_0.role,u1_0.tell,o1_0.verified from otp o1_0 left join tb_users u1_0 on u1_0.id=o1_0.user_id where o1_0.user_id=?
Hibernate: select o1_0.id,o1_0.expiry_time,o1_0.otp,u1_0.id,u1_0.email,u1_0.gender,u1_0.is_active,u1_0.name,u1_0.profile_image,u1_0.pwd,u1_0.role,u1_0.tell,o1_0.verified from otp o1_0 left join tb_users u1_0 on u1_0.id=o1_0.user_id where o1_0.user_id=?
2026-09-15T12:02:30.118+07:00 DEBUG 21060 --- [vehicles_rental] [nio-8080-exec-8] o.s.web.servlet.DispatcherServlet        : GET "/api/payments/bakong/scan-status?reference=3ca846df3e2d286589bc402c3f278585&amount=0.4&currency=USD", parameters={masked}
2026-09-15T12:02:30.118+07:00 DEBUG 21060 --- [vehicles_rental] [nio-8080-exec-8] s.w.s.m.m.a.RequestMappingHandlerMapping : Mapped to org.example.vehicles_rental.controller.PaymentController#checkBakongScanPayment(String, BigDecimal, String)
2026-09-15T12:02:30.118+07:00 DEBUG 21060 --- [vehicles_rental] [nio-8080-exec-8] o.s.web.client.RestTemplate              : HTTP POST https://api-bakong.nbc.gov.kh/v1/check_transaction_by_md5
2026-09-15T12:02:30.118+07:00 DEBUG 21060 --- [vehicles_rental] [nio-8080-exec-8] o.s.web.client.RestTemplate              : Accept=[application/json, application/*+json]
2026-09-15T12:02:30.118+07:00 DEBUG 21060 --- [vehicles_rental] [nio-8080-exec-8] o.s.web.client.RestTemplate              : Writing [{md5=3ca846df3e2d286589bc402c3f278585}] as "application/json"
2026-09-15T12:02:30.320+07:00 DEBUG 21060 --- [vehicles_rental] [nio-8080-exec-8] o.s.web.client.RestTemplate              : Response 200 OK
2026-09-15T12:02:30.320+07:00 DEBUG 21060 --- [vehicles_rental] [nio-8080-exec-8] o.s.web.client.RestTemplate              : Reading to [java.util.Map<java.lang.String, java.lang.Object>]
2026-09-15T12:02:30.320+07:00 DEBUG 21060 --- [vehicles_rental] [nio-8080-exec-8] o.s.w.s.m.m.a.HttpEntityMethodProcessor  : Using 'application/json', given [application/json, text/plain, */*] and supported [application/json, application/*+json]
2026-09-15T12:02:30.320+07:00 DEBUG 21060 --- [vehicles_rental] [nio-8080-exec-8] o.s.w.s.m.m.a.HttpEntityMethodProcessor  : Writing [BakongPaymentResponse(paymentId=null, bookingId=null, amount=null, currency=null, transactionId=null (truncated)...]
2026-09-15T12:02:30.320+07:00 DEBUG 21060 --- [vehicles_rental] [nio-8080-exec-8] o.s.web.servlet.DispatcherServlet        : Completed 200 OK
2026-09-15T12:02:35.106+07:00 DEBUG 21060 --- [vehicles_rental] [io-8080-exec-10] org.hibernate.SQL                        : select u1_0.id,u1_0.email,u1_0.gender,u1_0.is_active,u1_0.name,u1_0.profile_image,u1_0.pwd,u1_0.role,u1_0.tell from tb_users u1_0 where u1_0.email=?
Hibernate: select u1_0.id,u1_0.email,u1_0.gender,u1_0.is_active,u1_0.name,u1_0.profile_image,u1_0.pwd,u1_0.role,u1_0.tell from tb_users u1_0 where u1_0.email=?
2026-09-15T12:02:35.106+07:00 DEBUG 21060 --- [vehicles_rental] [io-8080-exec-10] org.hibernate.SQL                        : select o1_0.id,o1_0.expiry_time,o1_0.otp,u1_0.id,u1_0.email,u1_0.gender,u1_0.is_active,u1_0.name,u1_0.profile_image,u1_0.pwd,u1_0.role,u1_0.tell,o1_0.verified from otp o1_0 left join tb_users u1_0 on u1_0.id=o1_0.user_id where o1_0.user_id=?
Hibernate: select o1_0.id,o1_0.expiry_time,o1_0.otp,u1_0.id,u1_0.email,u1_0.gender,u1_0.is_active,u1_0.name,u1_0.profile_image,u1_0.pwd,u1_0.role,u1_0.tell,o1_0.verified from otp o1_0 left join tb_users u1_0 on u1_0.id=o1_0.user_id where o1_0.user_id=?
2026-09-15T12:02:35.106+07:00 DEBUG 21060 --- [vehicles_rental] [io-8080-exec-10] o.s.web.servlet.DispatcherServlet        : GET "/api/payments/bakong/scan-status?reference=3ca846df3e2d286589bc402c3f278585&amount=0.4&currency=USD", parameters={masked}
2026-09-15T12:02:35.106+07:00 DEBUG 21060 --- [vehicles_rental] [io-8080-exec-10] s.w.s.m.m.a.RequestMappingHandlerMapping : Mapped to org.example.vehicles_rental.controller.PaymentController#checkBakongScanPayment(String, BigDecimal, String)
2026-09-15T12:02:35.106+07:00 DEBUG 21060 --- [vehicles_rental] [io-8080-exec-10] o.s.web.client.RestTemplate              : HTTP POST https://api-bakong.nbc.gov.kh/v1/check_transaction_by_md5
2026-09-15T12:02:35.106+07:00 DEBUG 21060 --- [vehicles_rental] [io-8080-exec-10] o.s.web.client.RestTemplate              : Accept=[application/json, application/*+json]
2026-09-15T12:02:35.106+07:00 DEBUG 21060 --- [vehicles_rental] [io-8080-exec-10] o.s.web.client.RestTemplate              : Writing [{md5=3ca846df3e2d286589bc402c3f278585}] as "application/json"
2026-09-15T12:02:35.300+07:00 DEBUG 21060 --- [vehicles_rental] [io-8080-exec-10] o.s.web.client.RestTemplate              : Response 200 OK
2026-09-15T12:02:35.300+07:00 DEBUG 21060 --- [vehicles_rental] [io-8080-exec-10] o.s.web.client.RestTemplate              : Reading to [java.util.Map<java.lang.String, java.lang.Object>]
2026-09-15T12:02:35.300+07:00 DEBUG 21060 --- [vehicles_rental] [io-8080-exec-10] o.s.w.s.m.m.a.HttpEntityMethodProcessor  : Using 'application/json', given [application/json, text/plain, */*] and supported [application/json, application/*+json]
2026-09-15T12:02:35.300+07:00 DEBUG 21060 --- [vehicles_rental] [io-8080-exec-10] o.s.w.s.m.m.a.HttpEntityMethodProcessor  : Writing [BakongPaymentResponse(paymentId=null, bookingId=null, amount=null, currency=null, transactionId=null (truncated)...]
2026-09-15T12:02:35.300+07:00 DEBUG 21060 --- [vehicles_rental] [io-8080-exec-10] o.s.web.servlet.DispatcherServlet        : Completed 200 OK
2026-09-15T12:02:40.119+07:00 DEBUG 21060 --- [vehicles_rental] [nio-8080-exec-9] org.hibernate.SQL                        : select u1_0.id,u1_0.email,u1_0.gender,u1_0.is_active,u1_0.name,u1_0.profile_image,u1_0.pwd,u1_0.role,u1_0.tell from tb_users u1_0 where u1_0.email=?
Hibernate: select u1_0.id,u1_0.email,u1_0.gender,u1_0.is_active,u1_0.name,u1_0.profile_image,u1_0.pwd,u1_0.role,u1_0.tell from tb_users u1_0 where u1_0.email=?
2026-09-15T12:02:40.119+07:00 DEBUG 21060 --- [vehicles_rental] [nio-8080-exec-9] org.hibernate.SQL                        : select o1_0.id,o1_0.expiry_time,o1_0.otp,u1_0.id,u1_0.email,u1_0.gender,u1_0.is_active,u1_0.name,u1_0.profile_image,u1_0.pwd,u1_0.role,u1_0.tell,o1_0.verified from otp o1_0 left join tb_users u1_0 on u1_0.id=o1_0.user_id where o1_0.user_id=?
Hibernate: select o1_0.id,o1_0.expiry_time,o1_0.otp,u1_0.id,u1_0.email,u1_0.gender,u1_0.is_active,u1_0.name,u1_0.profile_image,u1_0.pwd,u1_0.role,u1_0.tell,o1_0.verified from otp o1_0 left join tb_users u1_0 on u1_0.id=o1_0.user_id where o1_0.user_id=?
2026-09-15T12:02:40.126+07:00 DEBUG 21060 --- [vehicles_rental] [nio-8080-exec-9] o.s.web.servlet.DispatcherServlet        : GET "/api/payments/bakong/scan-status?reference=3ca846df3e2d286589bc402c3f278585&amount=0.4&currency=USD", parameters={masked}
2026-09-15T12:02:40.126+07:00 DEBUG 21060 --- [vehicles_rental] [nio-8080-exec-9] s.w.s.m.m.a.RequestMappingHandlerMapping : Mapped to org.example.vehicles_rental.controller.PaymentController#checkBakongScanPayment(String, BigDecimal, String)
2026-09-15T12:02:40.128+07:00 DEBUG 21060 --- [vehicles_rental] [nio-8080-exec-9] o.s.web.client.RestTemplate              : HTTP POST https://api-bakong.nbc.gov.kh/v1/check_transaction_by_md5
2026-09-15T12:02:40.128+07:00 DEBUG 21060 --- [vehicles_rental] [nio-8080-exec-9] o.s.web.client.RestTemplate              : Accept=[application/json, application/*+json]
2026-09-15T12:02:40.130+07:00 DEBUG 21060 --- [vehicles_rental] [nio-8080-exec-9] o.s.web.client.RestTemplate              : Writing [{md5=3ca846df3e2d286589bc402c3f278585}] as "application/json"
2026-09-15T12:02:40.326+07:00 DEBUG 21060 --- [vehicles_rental] [nio-8080-exec-9] o.s.web.client.RestTemplate              : Response 200 OK
2026-09-15T12:02:40.326+07:00 DEBUG 21060 --- [vehicles_rental] [nio-8080-exec-9] o.s.web.client.RestTemplate              : Reading to [java.util.Map<java.lang.String, java.lang.Object>]
2026-09-15T12:02:40.326+07:00 DEBUG 21060 --- [vehicles_rental] [nio-8080-exec-9] o.s.w.s.m.m.a.HttpEntityMethodProcessor  : Using 'application/json', given [application/json, text/plain, */*] and supported [application/json, application/*+json]
2026-09-15T12:02:40.326+07:00 DEBUG 21060 --- [vehicles_rental] [nio-8080-exec-9] o.s.w.s.m.m.a.HttpEntityMethodProcessor  : Writing [BakongPaymentResponse(paymentId=null, bookingId=null, amount=0.4, currency=USD, transactionId=a0f6a9 (truncated)...]
2026-09-15T12:02:40.331+07:00 DEBUG 21060 --- [vehicles_rental] [nio-8080-exec-9] o.s.web.servlet.DispatcherServlet        : Completed 200 OK
2026-09-15T12:02:43.787+07:00 DEBUG 21060 --- [vehicles_rental] [nio-8080-exec-2] org.hibernate.SQL                        : select u1_0.id,u1_0.email,u1_0.gender,u1_0.is_active,u1_0.name,u1_0.profile_image,u1_0.pwd,u1_0.role,u1_0.tell from tb_users u1_0 where u1_0.email=?
Hibernate: select u1_0.id,u1_0.email,u1_0.gender,u1_0.is_active,u1_0.name,u1_0.profile_image,u1_0.pwd,u1_0.role,u1_0.tell from tb_users u1_0 where u1_0.email=?
2026-09-15T12:02:43.788+07:00 DEBUG 21060 --- [vehicles_rental] [nio-8080-exec-2] org.hibernate.SQL                        : select o1_0.id,o1_0.expiry_time,o1_0.otp,u1_0.id,u1_0.email,u1_0.gender,u1_0.is_active,u1_0.name,u1_0.profile_image,u1_0.pwd,u1_0.role,u1_0.tell,o1_0.verified from otp o1_0 left join tb_users u1_0 on u1_0.id=o1_0.user_id where o1_0.user_id=?
Hibernate: select o1_0.id,o1_0.expiry_time,o1_0.otp,u1_0.id,u1_0.email,u1_0.gender,u1_0.is_active,u1_0.name,u1_0.profile_image,u1_0.pwd,u1_0.role,u1_0.tell,o1_0.verified from otp o1_0 left join tb_users u1_0 on u1_0.id=o1_0.user_id where o1_0.user_id=?
2026-09-15T12:02:43.792+07:00 DEBUG 21060 --- [vehicles_rental] [nio-8080-exec-2] o.s.web.servlet.DispatcherServlet        : GET "/api/paymentMethods", parameters={}
2026-09-15T12:02:43.792+07:00 DEBUG 21060 --- [vehicles_rental] [nio-8080-exec-2] s.w.s.m.m.a.RequestMappingHandlerMapping : Mapped to org.example.vehicles_rental.controller.PaymentMethodController#getAll()
2026-09-15T12:02:43.797+07:00 DEBUG 21060 --- [vehicles_rental] [nio-8080-exec-2] org.hibernate.SQL                        : select pm1_0.id,pm1_0.description,pm1_0.method_name,pm1_0.status from payment_methods pm1_0
Hibernate: select pm1_0.id,pm1_0.description,pm1_0.method_name,pm1_0.status from payment_methods pm1_0
2026-09-15T12:02:43.801+07:00 DEBUG 21060 --- [vehicles_rental] [nio-8080-exec-2] o.s.w.s.m.m.a.HttpEntityMethodProcessor  : Using 'application/json', given [application/json, text/plain, */*] and supported [application/json, application/*+json]
2026-09-15T12:02:43.801+07:00 DEBUG 21060 --- [vehicles_rental] [nio-8080-exec-2] o.s.w.s.m.m.a.HttpEntityMethodProcessor  : Writing [ApiResponse(msg=Payment methods retrieved successfully, status=200, data=[PaymentMethodResponse(id=1 (truncated)...]
2026-09-15T12:02:43.802+07:00 DEBUG 21060 --- [vehicles_rental] [nio-8080-exec-2] o.s.web.servlet.DispatcherServlet        : Completed 200 OK
2026-09-15T12:02:43.811+07:00 DEBUG 21060 --- [vehicles_rental] [nio-8080-exec-1] org.hibernate.SQL                        : select u1_0.id,u1_0.email,u1_0.gender,u1_0.is_active,u1_0.name,u1_0.profile_image,u1_0.pwd,u1_0.role,u1_0.tell from tb_users u1_0 where u1_0.email=?
Hibernate: select u1_0.id,u1_0.email,u1_0.gender,u1_0.is_active,u1_0.name,u1_0.profile_image,u1_0.pwd,u1_0.role,u1_0.tell from tb_users u1_0 where u1_0.email=?
2026-09-15T12:02:43.812+07:00 DEBUG 21060 --- [vehicles_rental] [nio-8080-exec-1] org.hibernate.SQL                        : select o1_0.id,o1_0.expiry_time,o1_0.otp,u1_0.id,u1_0.email,u1_0.gender,u1_0.is_active,u1_0.name,u1_0.profile_image,u1_0.pwd,u1_0.role,u1_0.tell,o1_0.verified from otp o1_0 left join tb_users u1_0 on u1_0.id=o1_0.user_id where o1_0.user_id=?
Hibernate: select o1_0.id,o1_0.expiry_time,o1_0.otp,u1_0.id,u1_0.email,u1_0.gender,u1_0.is_active,u1_0.name,u1_0.profile_image,u1_0.pwd,u1_0.role,u1_0.tell,o1_0.verified from otp o1_0 left join tb_users u1_0 on u1_0.id=o1_0.user_id where o1_0.user_id=?
2026-09-15T12:02:43.815+07:00 DEBUG 21060 --- [vehicles_rental] [nio-8080-exec-1] o.s.web.servlet.DispatcherServlet        : GET "/api/payments/bakong/scan-status?amount=0.4&currency=USD", parameters={masked}
2026-09-15T12:02:43.815+07:00 DEBUG 21060 --- [vehicles_rental] [nio-8080-exec-1] s.w.s.m.m.a.RequestMappingHandlerMapping : Mapped to org.example.vehicles_rental.controller.PaymentController#checkBakongScanPayment(String, BigDecimal, String)
2026-09-15T12:02:43.816+07:00 DEBUG 21060 --- [vehicles_rental] [nio-8080-exec-1] o.s.w.s.m.m.a.HttpEntityMethodProcessor  : Using 'application/json', given [application/json, text/plain, */*] and supported [application/json, application/*+json]
2026-09-15T12:02:43.816+07:00 DEBUG 21060 --- [vehicles_rental] [nio-8080-exec-1] o.s.w.s.m.m.a.HttpEntityMethodProcessor  : Writing [BakongPaymentResponse(paymentId=null, bookingId=null, amount=0.4, currency=USD, transactionId=null,  (truncated)...]
2026-09-15T12:02:43.817+07:00 DEBUG 21060 --- [vehicles_rental] [nio-8080-exec-1] o.s.web.servlet.DispatcherServlet        : Completed 200 OK
2026-09-15T12:02:43.841+07:00 DEBUG 21060 --- [vehicles_rental] [nio-8080-exec-4] org.hibernate.SQL                        : select u1_0.id,u1_0.email,u1_0.gender,u1_0.is_active,u1_0.name,u1_0.profile_image,u1_0.pwd,u1_0.role,u1_0.tell from tb_users u1_0 where u1_0.email=?
Hibernate: select u1_0.id,u1_0.email,u1_0.gender,u1_0.is_active,u1_0.name,u1_0.profile_image,u1_0.pwd,u1_0.role,u1_0.tell from tb_users u1_0 where u1_0.email=?
2026-09-15T12:02:43.843+07:00 DEBUG 21060 --- [vehicles_rental] [nio-8080-exec-4] org.hibernate.SQL                        : select o1_0.id,o1_0.expiry_time,o1_0.otp,u1_0.id,u1_0.email,u1_0.gender,u1_0.is_active,u1_0.name,u1_0.profile_image,u1_0.pwd,u1_0.role,u1_0.tell,o1_0.verified from otp o1_0 left join tb_users u1_0 on u1_0.id=o1_0.user_id where o1_0.user_id=?
Hibernate: select o1_0.id,o1_0.expiry_time,o1_0.otp,u1_0.id,u1_0.email,u1_0.gender,u1_0.is_active,u1_0.name,u1_0.profile_image,u1_0.pwd,u1_0.role,u1_0.tell,o1_0.verified from otp o1_0 left join tb_users u1_0 on u1_0.id=o1_0.user_id where o1_0.user_id=?
2026-09-15T12:02:43.845+07:00 DEBUG 21060 --- [vehicles_rental] [nio-8080-exec-4] o.s.web.servlet.DispatcherServlet        : POST "/api/payments/bakong/scan-qr", parameters={}
2026-09-15T12:02:43.845+07:00 DEBUG 21060 --- [vehicles_rental] [nio-8080-exec-4] s.w.s.m.m.a.RequestMappingHandlerMapping : Mapped to org.example.vehicles_rental.controller.PaymentController#createBakongScanQr(CreatePaymentRequest)
2026-09-15T12:02:43.846+07:00 DEBUG 21060 --- [vehicles_rental] [nio-8080-exec-4] m.m.a.RequestResponseBodyMethodProcessor : Read "application/json;charset=UTF-8" to [CreatePaymentRequest(bookingId=15, paymentMethodId=null, amount=0.4, currency=USD)]
2026-09-15T12:02:43.848+07:00 DEBUG 21060 --- [vehicles_rental] [nio-8080-exec-4] o.s.w.s.m.m.a.HttpEntityMethodProcessor  : Using 'application/json', given [application/json, text/plain, */*] and supported [application/json, application/*+json]
2026-09-15T12:02:43.848+07:00 DEBUG 21060 --- [vehicles_rental] [nio-8080-exec-4] o.s.w.s.m.m.a.HttpEntityMethodProcessor  : Writing [BakongPaymentResponse(paymentId=null, bookingId=15, amount=0.4, currency=USD, transactionId=BOOK-15, (truncated)...]
2026-09-15T12:02:43.848+07:00 DEBUG 21060 --- [vehicles_rental] [nio-8080-exec-4] o.s.web.servlet.DispatcherServlet        : Completed 200 OK
2026-09-15T12:02:43.891+07:00 DEBUG 21060 --- [vehicles_rental] [nio-8080-exec-5] org.hibernate.SQL                        : select u1_0.id,u1_0.email,u1_0.gender,u1_0.is_active,u1_0.name,u1_0.profile_image,u1_0.pwd,u1_0.role,u1_0.tell from tb_users u1_0 where u1_0.email=?
Hibernate: select u1_0.id,u1_0.email,u1_0.gender,u1_0.is_active,u1_0.name,u1_0.profile_image,u1_0.pwd,u1_0.role,u1_0.tell from tb_users u1_0 where u1_0.email=?
2026-09-15T12:02:43.891+07:00 DEBUG 21060 --- [vehicles_rental] [nio-8080-exec-5] org.hibernate.SQL                        : select o1_0.id,o1_0.expiry_time,o1_0.otp,u1_0.id,u1_0.email,u1_0.gender,u1_0.is_active,u1_0.name,u1_0.profile_image,u1_0.pwd,u1_0.role,u1_0.tell,o1_0.verified from otp o1_0 left join tb_users u1_0 on u1_0.id=o1_0.user_id where o1_0.user_id=?
Hibernate: select o1_0.id,o1_0.expiry_time,o1_0.otp,u1_0.id,u1_0.email,u1_0.gender,u1_0.is_active,u1_0.name,u1_0.profile_image,u1_0.pwd,u1_0.role,u1_0.tell,o1_0.verified from otp o1_0 left join tb_users u1_0 on u1_0.id=o1_0.user_id where o1_0.user_id=?
2026-09-15T12:02:43.895+07:00 DEBUG 21060 --- [vehicles_rental] [nio-8080-exec-5] o.s.web.servlet.DispatcherServlet        : GET "/api/payments/bakong/scan-status?reference=48a0e66039247cc614f0cfdcbde36dad&amount=0.4&currency=USD", parameters={masked}
2026-09-15T12:02:43.895+07:00 DEBUG 21060 --- [vehicles_rental] [nio-8080-exec-5] s.w.s.m.m.a.RequestMappingHandlerMapping : Mapped to org.example.vehicles_rental.controller.PaymentController#checkBakongScanPayment(String, BigDecimal, String)
2026-09-15T12:02:43.896+07:00 DEBUG 21060 --- [vehicles_rental] [nio-8080-exec-5] o.s.web.client.RestTemplate              : HTTP POST https://api-bakong.nbc.gov.kh/v1/check_transaction_by_md5
2026-09-15T12:02:43.896+07:00 DEBUG 21060 --- [vehicles_rental] [nio-8080-exec-5] o.s.web.client.RestTemplate              : Accept=[application/json, application/*+json]
2026-09-15T12:02:43.896+07:00 DEBUG 21060 --- [vehicles_rental] [nio-8080-exec-5] o.s.web.client.RestTemplate              : Writing [{md5=48a0e66039247cc614f0cfdcbde36dad}] as "application/json"
2026-09-15T12:02:44.081+07:00 DEBUG 21060 --- [vehicles_rental] [nio-8080-exec-5] o.s.web.client.RestTemplate              : Response 200 OK
2026-09-15T12:02:44.081+07:00 DEBUG 21060 --- [vehicles_rental] [nio-8080-exec-5] o.s.web.client.RestTemplate              : Reading to [java.util.Map<java.lang.String, java.lang.Object>]
2026-09-15T12:02:44.081+07:00 DEBUG 21060 --- [vehicles_rental] [nio-8080-exec-5] o.s.w.s.m.m.a.HttpEntityMethodProcessor  : Using 'application/json', given [application/json, text/plain, */*] and supported [application/json, application/*+json]
2026-09-15T12:02:44.081+07:00 DEBUG 21060 --- [vehicles_rental] [nio-8080-exec-5] o.s.w.s.m.m.a.HttpEntityMethodProcessor  : Writing [BakongPaymentResponse(paymentId=null, bookingId=null, amount=null, currency=null, transactionId=null (truncated)...]
2026-09-15T12:02:44.081+07:00 DEBUG 21060 --- [vehicles_rental] [nio-8080-exec-5] o.s.web.servlet.DispatcherServlet        : Completed 200 OK
2026-09-15T12:02:49.356+07:00 DEBUG 21060 --- [vehicles_rental] [nio-8080-exec-7] org.hibernate.SQL                        : select u1_0.id,u1_0.email,u1_0.gender,u1_0.is_active,u1_0.name,u1_0.profile_image,u1_0.pwd,u1_0.role,u1_0.tell from tb_users u1_0 where u1_0.email=?
Hibernate: select u1_0.id,u1_0.email,u1_0.gender,u1_0.is_active,u1_0.name,u1_0.profile_image,u1_0.pwd,u1_0.role,u1_0.tell from tb_users u1_0 where u1_0.email=?
2026-09-15T12:02:49.357+07:00 DEBUG 21060 --- [vehicles_rental] [nio-8080-exec-7] org.hibernate.SQL                        : select o1_0.id,o1_0.expiry_time,o1_0.otp,u1_0.id,u1_0.email,u1_0.gender,u1_0.is_active,u1_0.name,u1_0.profile_image,u1_0.pwd,u1_0.role,u1_0.tell,o1_0.verified from otp o1_0 left join tb_users u1_0 on u1_0.id=o1_0.user_id where o1_0.user_id=?
Hibernate: select o1_0.id,o1_0.expiry_time,o1_0.otp,u1_0.id,u1_0.email,u1_0.gender,u1_0.is_active,u1_0.name,u1_0.profile_image,u1_0.pwd,u1_0.role,u1_0.tell,o1_0.verified from otp o1_0 left join tb_users u1_0 on u1_0.id=o1_0.user_id where o1_0.user_id=?
2026-09-15T12:02:49.358+07:00 DEBUG 21060 --- [vehicles_rental] [nio-8080-exec-7] o.s.web.servlet.DispatcherServlet        : GET "/api/payments/bakong/scan-status?reference=48a0e66039247cc614f0cfdcbde36dad&amount=0.4&currency=USD", parameters={masked}
2026-09-15T12:02:49.358+07:00 DEBUG 21060 --- [vehicles_rental] [nio-8080-exec-7] s.w.s.m.m.a.RequestMappingHandlerMapping : Mapped to org.example.vehicles_rental.controller.PaymentController#checkBakongScanPayment(String, BigDecimal, String)
2026-09-15T12:02:49.358+07:00 DEBUG 21060 --- [vehicles_rental] [nio-8080-exec-7] o.s.web.client.RestTemplate              : HTTP POST https://api-bakong.nbc.gov.kh/v1/check_transaction_by_md5
2026-09-15T12:02:49.359+07:00 DEBUG 21060 --- [vehicles_rental] [nio-8080-exec-7] o.s.web.client.RestTemplate              : Accept=[application/json, application/*+json]
2026-09-15T12:02:49.359+07:00 DEBUG 21060 --- [vehicles_rental] [nio-8080-exec-7] o.s.web.client.RestTemplate              : Writing [{md5=48a0e66039247cc614f0cfdcbde36dad}] as "application/json"
2026-09-15T12:02:49.696+07:00 DEBUG 21060 --- [vehicles_rental] [nio-8080-exec-7] o.s.web.client.RestTemplate              : Response 200 OK
2026-09-15T12:02:49.697+07:00 DEBUG 21060 --- [vehicles_rental] [nio-8080-exec-7] o.s.web.client.RestTemplate              : Reading to [java.util.Map<java.lang.String, java.lang.Object>]
2026-09-15T12:02:49.697+07:00 DEBUG 21060 --- [vehicles_rental] [nio-8080-exec-7] o.s.w.s.m.m.a.HttpEntityMethodProcessor  : Using 'application/json', given [application/json, text/plain, */*] and supported [application/json, application/*+json]
2026-09-15T12:02:49.697+07:00 DEBUG 21060 --- [vehicles_rental] [nio-8080-exec-7] o.s.w.s.m.m.a.HttpEntityMethodProcessor  : Writing [BakongPaymentResponse(paymentId=null, bookingId=null, amount=null, currency=null, transactionId=null (truncated)...]
2026-09-15T12:02:49.698+07:00 DEBUG 21060 --- [vehicles_rental] [nio-8080-exec-7] o.s.web.servlet.DispatcherServlet        : Completed 200 OK
2026-09-15T12:02:53.886+07:00 DEBUG 21060 --- [vehicles_rental] [nio-8080-exec-6] org.hibernate.SQL                        : select u1_0.id,u1_0.email,u1_0.gender,u1_0.is_active,u1_0.name,u1_0.profile_image,u1_0.pwd,u1_0.role,u1_0.tell from tb_users u1_0 where u1_0.email=?
Hibernate: select u1_0.id,u1_0.email,u1_0.gender,u1_0.is_active,u1_0.name,u1_0.profile_image,u1_0.pwd,u1_0.role,u1_0.tell from tb_users u1_0 where u1_0.email=?
2026-09-15T12:02:53.886+07:00 DEBUG 21060 --- [vehicles_rental] [nio-8080-exec-6] org.hibernate.SQL                        : select o1_0.id,o1_0.expiry_time,o1_0.otp,u1_0.id,u1_0.email,u1_0.gender,u1_0.is_active,u1_0.name,u1_0.profile_image,u1_0.pwd,u1_0.role,u1_0.tell,o1_0.verified from otp o1_0 left join tb_users u1_0 on u1_0.id=o1_0.user_id where o1_0.user_id=?
Hibernate: select o1_0.id,o1_0.expiry_time,o1_0.otp,u1_0.id,u1_0.email,u1_0.gender,u1_0.is_active,u1_0.name,u1_0.profile_image,u1_0.pwd,u1_0.role,u1_0.tell,o1_0.verified from otp o1_0 left join tb_users u1_0 on u1_0.id=o1_0.user_id where o1_0.user_id=?
2026-09-15T12:02:53.886+07:00 DEBUG 21060 --- [vehicles_rental] [nio-8080-exec-6] o.s.web.servlet.DispatcherServlet        : GET "/api/payments/bakong/scan-status?reference=48a0e66039247cc614f0cfdcbde36dad&amount=0.4&currency=USD", parameters={masked}
2026-09-15T12:02:53.886+07:00 DEBUG 21060 --- [vehicles_rental] [nio-8080-exec-6] s.w.s.m.m.a.RequestMappingHandlerMapping : Mapped to org.example.vehicles_rental.controller.PaymentController#checkBakongScanPayment(String, BigDecimal, String)
2026-09-15T12:02:53.886+07:00 DEBUG 21060 --- [vehicles_rental] [nio-8080-exec-6] o.s.web.client.RestTemplate              : HTTP POST https://api-bakong.nbc.gov.kh/v1/check_transaction_by_md5
2026-09-15T12:02:53.886+07:00 DEBUG 21060 --- [vehicles_rental] [nio-8080-exec-6] o.s.web.client.RestTemplate              : Accept=[application/json, application/*+json]
2026-09-15T12:02:53.886+07:00 DEBUG 21060 --- [vehicles_rental] [nio-8080-exec-6] o.s.web.client.RestTemplate              : Writing [{md5=48a0e66039247cc614f0cfdcbde36dad}] as "application/json"
2026-09-15T12:02:54.090+07:00 DEBUG 21060 --- [vehicles_rental] [nio-8080-exec-6] o.s.web.client.RestTemplate              : Response 200 OK
2026-09-15T12:02:54.090+07:00 DEBUG 21060 --- [vehicles_rental] [nio-8080-exec-6] o.s.web.client.RestTemplate              : Reading to [java.util.Map<java.lang.String, java.lang.Object>]
2026-09-15T12:02:54.090+07:00 DEBUG 21060 --- [vehicles_rental] [nio-8080-exec-6] o.s.w.s.m.m.a.HttpEntityMethodProcessor  : Using 'application/json', given [application/json, text/plain, */*] and supported [application/json, application/*+json]
2026-09-15T12:02:54.090+07:00 DEBUG 21060 --- [vehicles_rental] [nio-8080-exec-6] o.s.w.s.m.m.a.HttpEntityMethodProcessor  : Writing [BakongPaymentResponse(paymentId=null, bookingId=null, amount=null, currency=null, transactionId=null (truncated)...]
2026-09-15T12:02:54.090+07:00 DEBUG 21060 --- [vehicles_rental] [nio-8080-exec-6] o.s.web.servlet.DispatcherServlet        : Completed 200 OK
2026-09-15T12:02:58.884+07:00 DEBUG 21060 --- [vehicles_rental] [nio-8080-exec-8] org.hibernate.SQL                        : select u1_0.id,u1_0.email,u1_0.gender,u1_0.is_active,u1_0.name,u1_0.profile_image,u1_0.pwd,u1_0.role,u1_0.tell from tb_users u1_0 where u1_0.email=?
Hibernate: select u1_0.id,u1_0.email,u1_0.gender,u1_0.is_active,u1_0.name,u1_0.profile_image,u1_0.pwd,u1_0.role,u1_0.tell from tb_users u1_0 where u1_0.email=?
2026-09-15T12:02:58.884+07:00 DEBUG 21060 --- [vehicles_rental] [nio-8080-exec-8] org.hibernate.SQL                        : select o1_0.id,o1_0.expiry_time,o1_0.otp,u1_0.id,u1_0.email,u1_0.gender,u1_0.is_active,u1_0.name,u1_0.profile_image,u1_0.pwd,u1_0.role,u1_0.tell,o1_0.verified from otp o1_0 left join tb_users u1_0 on u1_0.id=o1_0.user_id where o1_0.user_id=?
Hibernate: select o1_0.id,o1_0.expiry_time,o1_0.otp,u1_0.id,u1_0.email,u1_0.gender,u1_0.is_active,u1_0.name,u1_0.profile_image,u1_0.pwd,u1_0.role,u1_0.tell,o1_0.verified from otp o1_0 left join tb_users u1_0 on u1_0.id=o1_0.user_id where o1_0.user_id=?
2026-09-15T12:02:58.884+07:00 DEBUG 21060 --- [vehicles_rental] [nio-8080-exec-8] o.s.web.servlet.DispatcherServlet        : GET "/api/payments/bakong/scan-status?reference=48a0e66039247cc614f0cfdcbde36dad&amount=0.4&currency=USD", parameters={masked}
2026-09-15T12:02:58.884+07:00 DEBUG 21060 --- [vehicles_rental] [nio-8080-exec-8] s.w.s.m.m.a.RequestMappingHandlerMapping : Mapped to org.example.vehicles_rental.controller.PaymentController#checkBakongScanPayment(String, BigDecimal, String)
2026-09-15T12:02:58.884+07:00 DEBUG 21060 --- [vehicles_rental] [nio-8080-exec-8] o.s.web.client.RestTemplate              : HTTP POST https://api-bakong.nbc.gov.kh/v1/check_transaction_by_md5
2026-09-15T12:02:58.884+07:00 DEBUG 21060 --- [vehicles_rental] [nio-8080-exec-8] o.s.web.client.RestTemplate              : Accept=[application/json, application/*+json]
2026-09-15T12:02:58.884+07:00 DEBUG 21060 --- [vehicles_rental] [nio-8080-exec-8] o.s.web.client.RestTemplate              : Writing [{md5=48a0e66039247cc614f0cfdcbde36dad}] as "application/json"
2026-09-15T12:02:59.091+07:00 DEBUG 21060 --- [vehicles_rental] [nio-8080-exec-8] o.s.web.client.RestTemplate              : Response 200 OK
2026-09-15T12:02:59.091+07:00 DEBUG 21060 --- [vehicles_rental] [nio-8080-exec-8] o.s.web.client.RestTemplate              : Reading to [java.util.Map<java.lang.String, java.lang.Object>]
2026-09-15T12:02:59.091+07:00 DEBUG 21060 --- [vehicles_rental] [nio-8080-exec-8] o.s.w.s.m.m.a.HttpEntityMethodProcessor  : Using 'application/json', given [application/json, text/plain, */*] and supported [application/json, application/*+json]
2026-09-15T12:02:59.091+07:00 DEBUG 21060 --- [vehicles_rental] [nio-8080-exec-8] o.s.w.s.m.m.a.HttpEntityMethodProcessor  : Writing [BakongPaymentResponse(paymentId=null, bookingId=null, amount=null, currency=null, transactionId=null (truncated)...]
2026-09-15T12:02:59.091+07:00 DEBUG 21060 --- [vehicles_rental] [nio-8080-exec-8] o.s.web.servlet.DispatcherServlet        : Completed 200 OK
2026-09-15T12:03:03.883+07:00 DEBUG 21060 --- [vehicles_rental] [io-8080-exec-10] org.hibernate.SQL                        : select u1_0.id,u1_0.email,u1_0.gender,u1_0.is_active,u1_0.name,u1_0.profile_image,u1_0.pwd,u1_0.role,u1_0.tell from tb_users u1_0 where u1_0.email=?
Hibernate: select u1_0.id,u1_0.email,u1_0.gender,u1_0.is_active,u1_0.name,u1_0.profile_image,u1_0.pwd,u1_0.role,u1_0.tell from tb_users u1_0 where u1_0.email=?
2026-09-15T12:03:03.883+07:00 DEBUG 21060 --- [vehicles_rental] [io-8080-exec-10] org.hibernate.SQL                        : select o1_0.id,o1_0.expiry_time,o1_0.otp,u1_0.id,u1_0.email,u1_0.gender,u1_0.is_active,u1_0.name,u1_0.profile_image,u1_0.pwd,u1_0.role,u1_0.tell,o1_0.verified from otp o1_0 left join tb_users u1_0 on u1_0.id=o1_0.user_id where o1_0.user_id=?
Hibernate: select o1_0.id,o1_0.expiry_time,o1_0.otp,u1_0.id,u1_0.email,u1_0.gender,u1_0.is_active,u1_0.name,u1_0.profile_image,u1_0.pwd,u1_0.role,u1_0.tell,o1_0.verified from otp o1_0 left join tb_users u1_0 on u1_0.id=o1_0.user_id where o1_0.user_id=?
2026-09-15T12:03:03.883+07:00 DEBUG 21060 --- [vehicles_rental] [io-8080-exec-10] o.s.web.servlet.DispatcherServlet        : GET "/api/payments/bakong/scan-status?reference=48a0e66039247cc614f0cfdcbde36dad&amount=0.4&currency=USD", parameters={masked}
2026-09-15T12:03:03.883+07:00 DEBUG 21060 --- [vehicles_rental] [io-8080-exec-10] s.w.s.m.m.a.RequestMappingHandlerMapping : Mapped to org.example.vehicles_rental.controller.PaymentController#checkBakongScanPayment(String, BigDecimal, String)
2026-09-15T12:03:03.883+07:00 DEBUG 21060 --- [vehicles_rental] [io-8080-exec-10] o.s.web.client.RestTemplate              : HTTP POST https://api-bakong.nbc.gov.kh/v1/check_transaction_by_md5
2026-09-15T12:03:03.883+07:00 DEBUG 21060 --- [vehicles_rental] [io-8080-exec-10] o.s.web.client.RestTemplate              : Accept=[application/json, application/*+json]
2026-09-15T12:03:03.883+07:00 DEBUG 21060 --- [vehicles_rental] [io-8080-exec-10] o.s.web.client.RestTemplate              : Writing [{md5=48a0e66039247cc614f0cfdcbde36dad}] as "application/json"
2026-09-15T12:03:04.092+07:00 DEBUG 21060 --- [vehicles_rental] [io-8080-exec-10] o.s.web.client.RestTemplate              : Response 200 OK
2026-09-15T12:03:04.092+07:00 DEBUG 21060 --- [vehicles_rental] [io-8080-exec-10] o.s.web.client.RestTemplate              : Reading to [java.util.Map<java.lang.String, java.lang.Object>]
2026-09-15T12:03:04.092+07:00 DEBUG 21060 --- [vehicles_rental] [io-8080-exec-10] o.s.w.s.m.m.a.HttpEntityMethodProcessor  : Using 'application/json', given [application/json, text/plain, */*] and supported [application/json, application/*+json]
2026-09-15T12:03:04.092+07:00 DEBUG 21060 --- [vehicles_rental] [io-8080-exec-10] o.s.w.s.m.m.a.HttpEntityMethodProcessor  : Writing [BakongPaymentResponse(paymentId=null, bookingId=null, amount=null, currency=null, transactionId=null (truncated)...]
2026-09-15T12:03:04.092+07:00 DEBUG 21060 --- [vehicles_rental] [io-8080-exec-10] o.s.web.servlet.DispatcherServlet        : Completed 200 OK
2026-09-15T12:03:08.893+07:00 DEBUG 21060 --- [vehicles_rental] [nio-8080-exec-9] org.hibernate.SQL                        : select u1_0.id,u1_0.email,u1_0.gender,u1_0.is_active,u1_0.name,u1_0.profile_image,u1_0.pwd,u1_0.role,u1_0.tell from tb_users u1_0 where u1_0.email=?
Hibernate: select u1_0.id,u1_0.email,u1_0.gender,u1_0.is_active,u1_0.name,u1_0.profile_image,u1_0.pwd,u1_0.role,u1_0.tell from tb_users u1_0 where u1_0.email=?
2026-09-15T12:03:08.893+07:00 DEBUG 21060 --- [vehicles_rental] [nio-8080-exec-9] org.hibernate.SQL                        : select o1_0.id,o1_0.expiry_time,o1_0.otp,u1_0.id,u1_0.email,u1_0.gender,u1_0.is_active,u1_0.name,u1_0.profile_image,u1_0.pwd,u1_0.role,u1_0.tell,o1_0.verified from otp o1_0 left join tb_users u1_0 on u1_0.id=o1_0.user_id where o1_0.user_id=?
Hibernate: select o1_0.id,o1_0.expiry_time,o1_0.otp,u1_0.id,u1_0.email,u1_0.gender,u1_0.is_active,u1_0.name,u1_0.profile_image,u1_0.pwd,u1_0.role,u1_0.tell,o1_0.verified from otp o1_0 left join tb_users u1_0 on u1_0.id=o1_0.user_id where o1_0.user_id=?
2026-09-15T12:03:08.893+07:00 DEBUG 21060 --- [vehicles_rental] [nio-8080-exec-9] o.s.web.servlet.DispatcherServlet        : GET "/api/payments/bakong/scan-status?reference=48a0e66039247cc614f0cfdcbde36dad&amount=0.4&currency=USD", parameters={masked}
2026-09-15T12:03:08.893+07:00 DEBUG 21060 --- [vehicles_rental] [nio-8080-exec-9] s.w.s.m.m.a.RequestMappingHandlerMapping : Mapped to org.example.vehicles_rental.controller.PaymentController#checkBakongScanPayment(String, BigDecimal, String)
2026-09-15T12:03:08.893+07:00 DEBUG 21060 --- [vehicles_rental] [nio-8080-exec-9] o.s.web.client.RestTemplate              : HTTP POST https://api-bakong.nbc.gov.kh/v1/check_transaction_by_md5
2026-09-15T12:03:08.893+07:00 DEBUG 21060 --- [vehicles_rental] [nio-8080-exec-9] o.s.web.client.RestTemplate              : Accept=[application/json, application/*+json]
2026-09-15T12:03:08.893+07:00 DEBUG 21060 --- [vehicles_rental] [nio-8080-exec-9] o.s.web.client.RestTemplate              : Writing [{md5=48a0e66039247cc614f0cfdcbde36dad}] as "application/json"
2026-09-15T12:03:09.100+07:00 DEBUG 21060 --- [vehicles_rental] [nio-8080-exec-9] o.s.web.client.RestTemplate              : Response 200 OK
2026-09-15T12:03:09.100+07:00 DEBUG 21060 --- [vehicles_rental] [nio-8080-exec-9] o.s.web.client.RestTemplate              : Reading to [java.util.Map<java.lang.String, java.lang.Object>]
2026-09-15T12:03:09.100+07:00 DEBUG 21060 --- [vehicles_rental] [nio-8080-exec-9] o.s.w.s.m.m.a.HttpEntityMethodProcessor  : Using 'application/json', given [application/json, text/plain, */*] and supported [application/json, application/*+json]
2026-09-15T12:03:09.100+07:00 DEBUG 21060 --- [vehicles_rental] [nio-8080-exec-9] o.s.w.s.m.m.a.HttpEntityMethodProcessor  : Writing [BakongPaymentResponse(paymentId=null, bookingId=null, amount=null, currency=null, transactionId=null (truncated)...]
2026-09-15T12:03:09.100+07:00 DEBUG 21060 --- [vehicles_rental] [nio-8080-exec-9] o.s.web.servlet.DispatcherServlet        : Completed 200 OK
2026-09-15T12:03:13.893+07:00 DEBUG 21060 --- [vehicles_rental] [nio-8080-exec-2] org.hibernate.SQL                        : select u1_0.id,u1_0.email,u1_0.gender,u1_0.is_active,u1_0.name,u1_0.profile_image,u1_0.pwd,u1_0.role,u1_0.tell from tb_users u1_0 where u1_0.email=?
Hibernate: select u1_0.id,u1_0.email,u1_0.gender,u1_0.is_active,u1_0.name,u1_0.profile_image,u1_0.pwd,u1_0.role,u1_0.tell from tb_users u1_0 where u1_0.email=?
2026-09-15T12:03:13.893+07:00 DEBUG 21060 --- [vehicles_rental] [nio-8080-exec-2] org.hibernate.SQL                        : select o1_0.id,o1_0.expiry_time,o1_0.otp,u1_0.id,u1_0.email,u1_0.gender,u1_0.is_active,u1_0.name,u1_0.profile_image,u1_0.pwd,u1_0.role,u1_0.tell,o1_0.verified from otp o1_0 left join tb_users u1_0 on u1_0.id=o1_0.user_id where o1_0.user_id=?
Hibernate: select o1_0.id,o1_0.expiry_time,o1_0.otp,u1_0.id,u1_0.email,u1_0.gender,u1_0.is_active,u1_0.name,u1_0.profile_image,u1_0.pwd,u1_0.role,u1_0.tell,o1_0.verified from otp o1_0 left join tb_users u1_0 on u1_0.id=o1_0.user_id where o1_0.user_id=?
2026-09-15T12:03:13.893+07:00 DEBUG 21060 --- [vehicles_rental] [nio-8080-exec-2] o.s.web.servlet.DispatcherServlet        : GET "/api/payments/bakong/scan-status?reference=48a0e66039247cc614f0cfdcbde36dad&amount=0.4&currency=USD", parameters={masked}
2026-09-15T12:03:13.893+07:00 DEBUG 21060 --- [vehicles_rental] [nio-8080-exec-2] s.w.s.m.m.a.RequestMappingHandlerMapping : Mapped to org.example.vehicles_rental.controller.PaymentController#checkBakongScanPayment(String, BigDecimal, String)
2026-09-15T12:03:13.893+07:00 DEBUG 21060 --- [vehicles_rental] [nio-8080-exec-2] o.s.web.client.RestTemplate              : HTTP POST https://api-bakong.nbc.gov.kh/v1/check_transaction_by_md5
2026-09-15T12:03:13.893+07:00 DEBUG 21060 --- [vehicles_rental] [nio-8080-exec-2] o.s.web.client.RestTemplate              : Accept=[application/json, application/*+json]
2026-09-15T12:03:13.893+07:00 DEBUG 21060 --- [vehicles_rental] [nio-8080-exec-2] o.s.web.client.RestTemplate              : Writing [{md5=48a0e66039247cc614f0cfdcbde36dad}] as "application/json"
2026-09-15T12:03:14.101+07:00 DEBUG 21060 --- [vehicles_rental] [nio-8080-exec-2] o.s.web.client.RestTemplate              : Response 200 OK
2026-09-15T12:03:14.101+07:00 DEBUG 21060 --- [vehicles_rental] [nio-8080-exec-2] o.s.web.client.RestTemplate              : Reading to [java.util.Map<java.lang.String, java.lang.Object>]
2026-09-15T12:03:14.101+07:00 DEBUG 21060 --- [vehicles_rental] [nio-8080-exec-2] o.s.w.s.m.m.a.HttpEntityMethodProcessor  : Using 'application/json', given [application/json, text/plain, */*] and supported [application/json, application/*+json]
2026-09-15T12:03:14.101+07:00 DEBUG 21060 --- [vehicles_rental] [nio-8080-exec-2] o.s.w.s.m.m.a.HttpEntityMethodProcessor  : Writing [BakongPaymentResponse(paymentId=null, bookingId=null, amount=null, currency=null, transactionId=null (truncated)...]
2026-09-15T12:03:14.101+07:00 DEBUG 21060 --- [vehicles_rental] [nio-8080-exec-2] o.s.web.servlet.DispatcherServlet        : Completed 200 OK
2026-09-15T12:03:18.888+07:00 DEBUG 21060 --- [vehicles_rental] [nio-8080-exec-1] org.hibernate.SQL                        : select u1_0.id,u1_0.email,u1_0.gender,u1_0.is_active,u1_0.name,u1_0.profile_image,u1_0.pwd,u1_0.role,u1_0.tell from tb_users u1_0 where u1_0.email=?
Hibernate: select u1_0.id,u1_0.email,u1_0.gender,u1_0.is_active,u1_0.name,u1_0.profile_image,u1_0.pwd,u1_0.role,u1_0.tell from tb_users u1_0 where u1_0.email=?
2026-09-15T12:03:18.888+07:00 DEBUG 21060 --- [vehicles_rental] [nio-8080-exec-1] org.hibernate.SQL                        : select o1_0.id,o1_0.expiry_time,o1_0.otp,u1_0.id,u1_0.email,u1_0.gender,u1_0.is_active,u1_0.name,u1_0.profile_image,u1_0.pwd,u1_0.role,u1_0.tell,o1_0.verified from otp o1_0 left join tb_users u1_0 on u1_0.id=o1_0.user_id where o1_0.user_id=?
Hibernate: select o1_0.id,o1_0.expiry_time,o1_0.otp,u1_0.id,u1_0.email,u1_0.gender,u1_0.is_active,u1_0.name,u1_0.profile_image,u1_0.pwd,u1_0.role,u1_0.tell,o1_0.verified from otp o1_0 left join tb_users u1_0 on u1_0.id=o1_0.user_id where o1_0.user_id=?
2026-09-15T12:03:18.888+07:00 DEBUG 21060 --- [vehicles_rental] [nio-8080-exec-1] o.s.web.servlet.DispatcherServlet        : GET "/api/payments/bakong/scan-status?reference=48a0e66039247cc614f0cfdcbde36dad&amount=0.4&currency=USD", parameters={masked}
2026-09-15T12:03:18.888+07:00 DEBUG 21060 --- [vehicles_rental] [nio-8080-exec-1] s.w.s.m.m.a.RequestMappingHandlerMapping : Mapped to org.example.vehicles_rental.controller.PaymentController#checkBakongScanPayment(String, BigDecimal, String)
2026-09-15T12:03:18.888+07:00 DEBUG 21060 --- [vehicles_rental] [nio-8080-exec-1] o.s.web.client.RestTemplate              : HTTP POST https://api-bakong.nbc.gov.kh/v1/check_transaction_by_md5
2026-09-15T12:03:18.888+07:00 DEBUG 21060 --- [vehicles_rental] [nio-8080-exec-1] o.s.web.client.RestTemplate              : Accept=[application/json, application/*+json]
2026-09-15T12:03:18.888+07:00 DEBUG 21060 --- [vehicles_rental] [nio-8080-exec-1] o.s.web.client.RestTemplate              : Writing [{md5=48a0e66039247cc614f0cfdcbde36dad}] as "application/json"
2026-09-15T12:03:19.092+07:00 DEBUG 21060 --- [vehicles_rental] [nio-8080-exec-1] o.s.web.client.RestTemplate              : Response 200 OK
2026-09-15T12:03:19.092+07:00 DEBUG 21060 --- [vehicles_rental] [nio-8080-exec-1] o.s.web.client.RestTemplate              : Reading to [java.util.Map<java.lang.String, java.lang.Object>]
2026-09-15T12:03:19.092+07:00 DEBUG 21060 --- [vehicles_rental] [nio-8080-exec-1] o.s.w.s.m.m.a.HttpEntityMethodProcessor  : Using 'application/json', given [application/json, text/plain, */*] and supported [application/json, application/*+json]
2026-09-15T12:03:19.092+07:00 DEBUG 21060 --- [vehicles_rental] [nio-8080-exec-1] o.s.w.s.m.m.a.HttpEntityMethodProcessor  : Writing [BakongPaymentResponse(paymentId=null, bookingId=null, amount=null, currency=null, transactionId=null (truncated)...]
2026-09-15T12:03:19.092+07:00 DEBUG 21060 --- [vehicles_rental] [nio-8080-exec-1] o.s.web.servlet.DispatcherServlet        : Completed 200 OK
2026-09-15T12:03:23.883+07:00 DEBUG 21060 --- [vehicles_rental] [nio-8080-exec-4] org.hibernate.SQL                        : select u1_0.id,u1_0.email,u1_0.gender,u1_0.is_active,u1_0.name,u1_0.profile_image,u1_0.pwd,u1_0.role,u1_0.tell from tb_users u1_0 where u1_0.email=?
Hibernate: select u1_0.id,u1_0.email,u1_0.gender,u1_0.is_active,u1_0.name,u1_0.profile_image,u1_0.pwd,u1_0.role,u1_0.tell from tb_users u1_0 where u1_0.email=?
2026-09-15T12:03:23.883+07:00 DEBUG 21060 --- [vehicles_rental] [nio-8080-exec-4] org.hibernate.SQL                        : select o1_0.id,o1_0.expiry_time,o1_0.otp,u1_0.id,u1_0.email,u1_0.gender,u1_0.is_active,u1_0.name,u1_0.profile_image,u1_0.pwd,u1_0.role,u1_0.tell,o1_0.verified from otp o1_0 left join tb_users u1_0 on u1_0.id=o1_0.user_id where o1_0.user_id=?
Hibernate: select o1_0.id,o1_0.expiry_time,o1_0.otp,u1_0.id,u1_0.email,u1_0.gender,u1_0.is_active,u1_0.name,u1_0.profile_image,u1_0.pwd,u1_0.role,u1_0.tell,o1_0.verified from otp o1_0 left join tb_users u1_0 on u1_0.id=o1_0.user_id where o1_0.user_id=?
2026-09-15T12:03:23.889+07:00 DEBUG 21060 --- [vehicles_rental] [nio-8080-exec-4] o.s.web.servlet.DispatcherServlet        : GET "/api/payments/bakong/scan-status?reference=48a0e66039247cc614f0cfdcbde36dad&amount=0.4&currency=USD", parameters={masked}
2026-09-15T12:03:23.889+07:00 DEBUG 21060 --- [vehicles_rental] [nio-8080-exec-4] s.w.s.m.m.a.RequestMappingHandlerMapping : Mapped to org.example.vehicles_rental.controller.PaymentController#checkBakongScanPayment(String, BigDecimal, String)
2026-09-15T12:03:23.890+07:00 DEBUG 21060 --- [vehicles_rental] [nio-8080-exec-4] o.s.web.client.RestTemplate              : HTTP POST https://api-bakong.nbc.gov.kh/v1/check_transaction_by_md5
2026-09-15T12:03:23.890+07:00 DEBUG 21060 --- [vehicles_rental] [nio-8080-exec-4] o.s.web.client.RestTemplate              : Accept=[application/json, application/*+json]
2026-09-15T12:03:23.890+07:00 DEBUG 21060 --- [vehicles_rental] [nio-8080-exec-4] o.s.web.client.RestTemplate              : Writing [{md5=48a0e66039247cc614f0cfdcbde36dad}] as "application/json"
2026-09-15T12:03:24.084+07:00 DEBUG 21060 --- [vehicles_rental] [nio-8080-exec-4] o.s.web.client.RestTemplate              : Response 200 OK
2026-09-15T12:03:24.084+07:00 DEBUG 21060 --- [vehicles_rental] [nio-8080-exec-4] o.s.web.client.RestTemplate              : Reading to [java.util.Map<java.lang.String, java.lang.Object>]
2026-09-15T12:03:24.089+07:00 DEBUG 21060 --- [vehicles_rental] [nio-8080-exec-4] o.s.w.s.m.m.a.HttpEntityMethodProcessor  : Using 'application/json', given [application/json, text/plain, */*] and supported [application/json, application/*+json]
2026-09-15T12:03:24.089+07:00 DEBUG 21060 --- [vehicles_rental] [nio-8080-exec-4] o.s.w.s.m.m.a.HttpEntityMethodProcessor  : Writing [BakongPaymentResponse(paymentId=null, bookingId=null, amount=null, currency=null, transactionId=null (truncated)...]
2026-09-15T12:03:24.089+07:00 DEBUG 21060 --- [vehicles_rental] [nio-8080-exec-4] o.s.web.servlet.DispatcherServlet        : Completed 200 OK
2026-09-15T12:03:28.895+07:00 DEBUG 21060 --- [vehicles_rental] [nio-8080-exec-3] org.hibernate.SQL                        : select u1_0.id,u1_0.email,u1_0.gender,u1_0.is_active,u1_0.name,u1_0.profile_image,u1_0.pwd,u1_0.role,u1_0.tell from tb_users u1_0 where u1_0.email=?
Hibernate: select u1_0.id,u1_0.email,u1_0.gender,u1_0.is_active,u1_0.name,u1_0.profile_image,u1_0.pwd,u1_0.role,u1_0.tell from tb_users u1_0 where u1_0.email=?
2026-09-15T12:03:28.895+07:00 DEBUG 21060 --- [vehicles_rental] [nio-8080-exec-3] org.hibernate.SQL                        : select o1_0.id,o1_0.expiry_time,o1_0.otp,u1_0.id,u1_0.email,u1_0.gender,u1_0.is_active,u1_0.name,u1_0.profile_image,u1_0.pwd,u1_0.role,u1_0.tell,o1_0.verified from otp o1_0 left join tb_users u1_0 on u1_0.id=o1_0.user_id where o1_0.user_id=?
Hibernate: select o1_0.id,o1_0.expiry_time,o1_0.otp,u1_0.id,u1_0.email,u1_0.gender,u1_0.is_active,u1_0.name,u1_0.profile_image,u1_0.pwd,u1_0.role,u1_0.tell,o1_0.verified from otp o1_0 left join tb_users u1_0 on u1_0.id=o1_0.user_id where o1_0.user_id=?
2026-09-15T12:03:28.895+07:00 DEBUG 21060 --- [vehicles_rental] [nio-8080-exec-3] o.s.web.servlet.DispatcherServlet        : GET "/api/payments/bakong/scan-status?reference=48a0e66039247cc614f0cfdcbde36dad&amount=0.4&currency=USD", parameters={masked}
2026-09-15T12:03:28.895+07:00 DEBUG 21060 --- [vehicles_rental] [nio-8080-exec-3] s.w.s.m.m.a.RequestMappingHandlerMapping : Mapped to org.example.vehicles_rental.controller.PaymentController#checkBakongScanPayment(String, BigDecimal, String)
2026-09-15T12:03:28.895+07:00 DEBUG 21060 --- [vehicles_rental] [nio-8080-exec-3] o.s.web.client.RestTemplate              : HTTP POST https://api-bakong.nbc.gov.kh/v1/check_transaction_by_md5
2026-09-15T12:03:28.895+07:00 DEBUG 21060 --- [vehicles_rental] [nio-8080-exec-3] o.s.web.client.RestTemplate              : Accept=[application/json, application/*+json]
2026-09-15T12:03:28.895+07:00 DEBUG 21060 --- [vehicles_rental] [nio-8080-exec-3] o.s.web.client.RestTemplate              : Writing [{md5=48a0e66039247cc614f0cfdcbde36dad}] as "application/json"
2026-09-15T12:03:29.100+07:00 DEBUG 21060 --- [vehicles_rental] [nio-8080-exec-3] o.s.web.client.RestTemplate              : Response 200 OK
2026-09-15T12:03:29.100+07:00 DEBUG 21060 --- [vehicles_rental] [nio-8080-exec-3] o.s.web.client.RestTemplate              : Reading to [java.util.Map<java.lang.String, java.lang.Object>]
2026-09-15T12:03:29.100+07:00 DEBUG 21060 --- [vehicles_rental] [nio-8080-exec-3] o.s.w.s.m.m.a.HttpEntityMethodProcessor  : Using 'application/json', given [application/json, text/plain, */*] and supported [application/json, application/*+json]
2026-09-15T12:03:29.100+07:00 DEBUG 21060 --- [vehicles_rental] [nio-8080-exec-3] o.s.w.s.m.m.a.HttpEntityMethodProcessor  : Writing [BakongPaymentResponse(paymentId=null, bookingId=null, amount=null, currency=null, transactionId=null (truncated)...]
2026-09-15T12:03:29.100+07:00 DEBUG 21060 --- [vehicles_rental] [nio-8080-exec-3] o.s.web.servlet.DispatcherServlet        : Completed 200 OK
2026-09-15T12:03:33.891+07:00 DEBUG 21060 --- [vehicles_rental] [nio-8080-exec-5] org.hibernate.SQL                        : select u1_0.id,u1_0.email,u1_0.gender,u1_0.is_active,u1_0.name,u1_0.profile_image,u1_0.pwd,u1_0.role,u1_0.tell from tb_users u1_0 where u1_0.email=?
Hibernate: select u1_0.id,u1_0.email,u1_0.gender,u1_0.is_active,u1_0.name,u1_0.profile_image,u1_0.pwd,u1_0.role,u1_0.tell from tb_users u1_0 where u1_0.email=?
2026-09-15T12:03:33.891+07:00 DEBUG 21060 --- [vehicles_rental] [nio-8080-exec-5] org.hibernate.SQL                        : select o1_0.id,o1_0.expiry_time,o1_0.otp,u1_0.id,u1_0.email,u1_0.gender,u1_0.is_active,u1_0.name,u1_0.profile_image,u1_0.pwd,u1_0.role,u1_0.tell,o1_0.verified from otp o1_0 left join tb_users u1_0 on u1_0.id=o1_0.user_id where o1_0.user_id=?
Hibernate: select o1_0.id,o1_0.expiry_time,o1_0.otp,u1_0.id,u1_0.email,u1_0.gender,u1_0.is_active,u1_0.name,u1_0.profile_image,u1_0.pwd,u1_0.role,u1_0.tell,o1_0.verified from otp o1_0 left join tb_users u1_0 on u1_0.id=o1_0.user_id where o1_0.user_id=?
2026-09-15T12:03:33.891+07:00 DEBUG 21060 --- [vehicles_rental] [nio-8080-exec-5] o.s.web.servlet.DispatcherServlet        : GET "/api/payments/bakong/scan-status?reference=48a0e66039247cc614f0cfdcbde36dad&amount=0.4&currency=USD", parameters={masked}
2026-09-15T12:03:33.891+07:00 DEBUG 21060 --- [vehicles_rental] [nio-8080-exec-5] s.w.s.m.m.a.RequestMappingHandlerMapping : Mapped to org.example.vehicles_rental.controller.PaymentController#checkBakongScanPayment(String, BigDecimal, String)
2026-09-15T12:03:33.891+07:00 DEBUG 21060 --- [vehicles_rental] [nio-8080-exec-5] o.s.web.client.RestTemplate              : HTTP POST https://api-bakong.nbc.gov.kh/v1/check_transaction_by_md5
2026-09-15T12:03:33.891+07:00 DEBUG 21060 --- [vehicles_rental] [nio-8080-exec-5] o.s.web.client.RestTemplate              : Accept=[application/json, application/*+json]
2026-09-15T12:03:33.891+07:00 DEBUG 21060 --- [vehicles_rental] [nio-8080-exec-5] o.s.web.client.RestTemplate              : Writing [{md5=48a0e66039247cc614f0cfdcbde36dad}] as "application/json"
2026-09-15T12:03:34.100+07:00 DEBUG 21060 --- [vehicles_rental] [nio-8080-exec-5] o.s.web.client.RestTemplate              : Response 200 OK
2026-09-15T12:03:34.100+07:00 DEBUG 21060 --- [vehicles_rental] [nio-8080-exec-5] o.s.web.client.RestTemplate              : Reading to [java.util.Map<java.lang.String, java.lang.Object>]
2026-09-15T12:03:34.100+07:00 DEBUG 21060 --- [vehicles_rental] [nio-8080-exec-5] o.s.w.s.m.m.a.HttpEntityMethodProcessor  : Using 'application/json', given [application/json, text/plain, */*] and supported [application/json, application/*+json]
2026-09-15T12:03:34.100+07:00 DEBUG 21060 --- [vehicles_rental] [nio-8080-exec-5] o.s.w.s.m.m.a.HttpEntityMethodProcessor  : Writing [BakongPaymentResponse(paymentId=null, bookingId=null, amount=null, currency=null, transactionId=null (truncated)...]
2026-09-15T12:03:34.100+07:00 DEBUG 21060 --- [vehicles_rental] [nio-8080-exec-5] o.s.web.servlet.DispatcherServlet        : Completed 200 OK
2026-09-15T12:03:38.888+07:00 DEBUG 21060 --- [vehicles_rental] [nio-8080-exec-7] org.hibernate.SQL                        : select u1_0.id,u1_0.email,u1_0.gender,u1_0.is_active,u1_0.name,u1_0.profile_image,u1_0.pwd,u1_0.role,u1_0.tell from tb_users u1_0 where u1_0.email=?
Hibernate: select u1_0.id,u1_0.email,u1_0.gender,u1_0.is_active,u1_0.name,u1_0.profile_image,u1_0.pwd,u1_0.role,u1_0.tell from tb_users u1_0 where u1_0.email=?
2026-09-15T12:03:38.888+07:00 DEBUG 21060 --- [vehicles_rental] [nio-8080-exec-7] org.hibernate.SQL                        : select o1_0.id,o1_0.expiry_time,o1_0.otp,u1_0.id,u1_0.email,u1_0.gender,u1_0.is_active,u1_0.name,u1_0.profile_image,u1_0.pwd,u1_0.role,u1_0.tell,o1_0.verified from otp o1_0 left join tb_users u1_0 on u1_0.id=o1_0.user_id where o1_0.user_id=?
Hibernate: select o1_0.id,o1_0.expiry_time,o1_0.otp,u1_0.id,u1_0.email,u1_0.gender,u1_0.is_active,u1_0.name,u1_0.profile_image,u1_0.pwd,u1_0.role,u1_0.tell,o1_0.verified from otp o1_0 left join tb_users u1_0 on u1_0.id=o1_0.user_id where o1_0.user_id=?
2026-09-15T12:03:38.890+07:00 DEBUG 21060 --- [vehicles_rental] [nio-8080-exec-7] o.s.web.servlet.DispatcherServlet        : GET "/api/payments/bakong/scan-status?reference=48a0e66039247cc614f0cfdcbde36dad&amount=0.4&currency=USD", parameters={masked}
2026-09-15T12:03:38.890+07:00 DEBUG 21060 --- [vehicles_rental] [nio-8080-exec-7] s.w.s.m.m.a.RequestMappingHandlerMapping : Mapped to org.example.vehicles_rental.controller.PaymentController#checkBakongScanPayment(String, BigDecimal, String)
2026-09-15T12:03:38.890+07:00 DEBUG 21060 --- [vehicles_rental] [nio-8080-exec-7] o.s.web.client.RestTemplate              : HTTP POST https://api-bakong.nbc.gov.kh/v1/check_transaction_by_md5
2026-09-15T12:03:38.890+07:00 DEBUG 21060 --- [vehicles_rental] [nio-8080-exec-7] o.s.web.client.RestTemplate              : Accept=[application/json, application/*+json]
2026-09-15T12:03:38.890+07:00 DEBUG 21060 --- [vehicles_rental] [nio-8080-exec-7] o.s.web.client.RestTemplate              : Writing [{md5=48a0e66039247cc614f0cfdcbde36dad}] as "application/json"
2026-09-15T12:03:39.100+07:00 DEBUG 21060 --- [vehicles_rental] [nio-8080-exec-7] o.s.web.client.RestTemplate              : Response 200 OK
2026-09-15T12:03:39.100+07:00 DEBUG 21060 --- [vehicles_rental] [nio-8080-exec-7] o.s.web.client.RestTemplate              : Reading to [java.util.Map<java.lang.String, java.lang.Object>]
2026-09-15T12:03:39.100+07:00 DEBUG 21060 --- [vehicles_rental] [nio-8080-exec-7] o.s.w.s.m.m.a.HttpEntityMethodProcessor  : Using 'application/json', given [application/json, text/plain, */*] and supported [application/json, application/*+json]
2026-09-15T12:03:39.100+07:00 DEBUG 21060 --- [vehicles_rental] [nio-8080-exec-7] o.s.w.s.m.m.a.HttpEntityMethodProcessor  : Writing [BakongPaymentResponse(paymentId=null, bookingId=null, amount=null, currency=null, transactionId=null (truncated)...]
2026-09-15T12:03:39.100+07:00 DEBUG 21060 --- [vehicles_rental] [nio-8080-exec-7] o.s.web.servlet.DispatcherServlet        : Completed 200 OK
2026-09-15T12:03:43.892+07:00 DEBUG 21060 --- [vehicles_rental] [nio-8080-exec-6] org.hibernate.SQL                        : select u1_0.id,u1_0.email,u1_0.gender,u1_0.is_active,u1_0.name,u1_0.profile_image,u1_0.pwd,u1_0.role,u1_0.tell from tb_users u1_0 where u1_0.email=?
Hibernate: select u1_0.id,u1_0.email,u1_0.gender,u1_0.is_active,u1_0.name,u1_0.profile_image,u1_0.pwd,u1_0.role,u1_0.tell from tb_users u1_0 where u1_0.email=?
2026-09-15T12:03:43.892+07:00 DEBUG 21060 --- [vehicles_rental] [nio-8080-exec-6] org.hibernate.SQL                        : select o1_0.id,o1_0.expiry_time,o1_0.otp,u1_0.id,u1_0.email,u1_0.gender,u1_0.is_active,u1_0.name,u1_0.profile_image,u1_0.pwd,u1_0.role,u1_0.tell,o1_0.verified from otp o1_0 left join tb_users u1_0 on u1_0.id=o1_0.user_id where o1_0.user_id=?
Hibernate: select o1_0.id,o1_0.expiry_time,o1_0.otp,u1_0.id,u1_0.email,u1_0.gender,u1_0.is_active,u1_0.name,u1_0.profile_image,u1_0.pwd,u1_0.role,u1_0.tell,o1_0.verified from otp o1_0 left join tb_users u1_0 on u1_0.id=o1_0.user_id where o1_0.user_id=?
2026-09-15T12:03:43.892+07:00 DEBUG 21060 --- [vehicles_rental] [nio-8080-exec-6] o.s.web.servlet.DispatcherServlet        : GET "/api/payments/bakong/scan-status?reference=48a0e66039247cc614f0cfdcbde36dad&amount=0.4&currency=USD", parameters={masked}
2026-09-15T12:03:43.892+07:00 DEBUG 21060 --- [vehicles_rental] [nio-8080-exec-6] s.w.s.m.m.a.RequestMappingHandlerMapping : Mapped to org.example.vehicles_rental.controller.PaymentController#checkBakongScanPayment(String, BigDecimal, String)
2026-09-15T12:03:43.892+07:00 DEBUG 21060 --- [vehicles_rental] [nio-8080-exec-6] o.s.web.client.RestTemplate              : HTTP POST https://api-bakong.nbc.gov.kh/v1/check_transaction_by_md5
2026-09-15T12:03:43.892+07:00 DEBUG 21060 --- [vehicles_rental] [nio-8080-exec-6] o.s.web.client.RestTemplate              : Accept=[application/json, application/*+json]
2026-09-15T12:03:43.892+07:00 DEBUG 21060 --- [vehicles_rental] [nio-8080-exec-6] o.s.web.client.RestTemplate              : Writing [{md5=48a0e66039247cc614f0cfdcbde36dad}] as "application/json"
2026-09-15T12:03:44.102+07:00 DEBUG 21060 --- [vehicles_rental] [nio-8080-exec-6] o.s.web.client.RestTemplate              : Response 200 OK
2026-09-15T12:03:44.102+07:00 DEBUG 21060 --- [vehicles_rental] [nio-8080-exec-6] o.s.web.client.RestTemplate              : Reading to [java.util.Map<java.lang.String, java.lang.Object>]
2026-09-15T12:03:44.102+07:00 DEBUG 21060 --- [vehicles_rental] [nio-8080-exec-6] o.s.w.s.m.m.a.HttpEntityMethodProcessor  : Using 'application/json', given [application/json, text/plain, */*] and supported [application/json, application/*+json]
2026-09-15T12:03:44.102+07:00 DEBUG 21060 --- [vehicles_rental] [nio-8080-exec-6] o.s.w.s.m.m.a.HttpEntityMethodProcessor  : Writing [BakongPaymentResponse(paymentId=null, bookingId=null, amount=null, currency=null, transactionId=null (truncated)...]
2026-09-15T12:03:44.102+07:00 DEBUG 21060 --- [vehicles_rental] [nio-8080-exec-6] o.s.web.servlet.DispatcherServlet        : Completed 200 OK
2026-09-15T12:03:48.901+07:00 DEBUG 21060 --- [vehicles_rental] [nio-8080-exec-8] org.hibernate.SQL                        : select u1_0.id,u1_0.email,u1_0.gender,u1_0.is_active,u1_0.name,u1_0.profile_image,u1_0.pwd,u1_0.role,u1_0.tell from tb_users u1_0 where u1_0.email=?
Hibernate: select u1_0.id,u1_0.email,u1_0.gender,u1_0.is_active,u1_0.name,u1_0.profile_image,u1_0.pwd,u1_0.role,u1_0.tell from tb_users u1_0 where u1_0.email=?
2026-09-15T12:03:48.901+07:00 DEBUG 21060 --- [vehicles_rental] [nio-8080-exec-8] org.hibernate.SQL                        : select o1_0.id,o1_0.expiry_time,o1_0.otp,u1_0.id,u1_0.email,u1_0.gender,u1_0.is_active,u1_0.name,u1_0.profile_image,u1_0.pwd,u1_0.role,u1_0.tell,o1_0.verified from otp o1_0 left join tb_users u1_0 on u1_0.id=o1_0.user_id where o1_0.user_id=?
Hibernate: select o1_0.id,o1_0.expiry_time,o1_0.otp,u1_0.id,u1_0.email,u1_0.gender,u1_0.is_active,u1_0.name,u1_0.profile_image,u1_0.pwd,u1_0.role,u1_0.tell,o1_0.verified from otp o1_0 left join tb_users u1_0 on u1_0.id=o1_0.user_id where o1_0.user_id=?
2026-09-15T12:03:48.901+07:00 DEBUG 21060 --- [vehicles_rental] [nio-8080-exec-8] o.s.web.servlet.DispatcherServlet        : GET "/api/payments/bakong/scan-status?reference=48a0e66039247cc614f0cfdcbde36dad&amount=0.4&currency=USD", parameters={masked}
2026-09-15T12:03:48.901+07:00 DEBUG 21060 --- [vehicles_rental] [nio-8080-exec-8] s.w.s.m.m.a.RequestMappingHandlerMapping : Mapped to org.example.vehicles_rental.controller.PaymentController#checkBakongScanPayment(String, BigDecimal, String)
2026-09-15T12:03:48.901+07:00 DEBUG 21060 --- [vehicles_rental] [nio-8080-exec-8] o.s.web.client.RestTemplate              : HTTP POST https://api-bakong.nbc.gov.kh/v1/check_transaction_by_md5
2026-09-15T12:03:48.901+07:00 DEBUG 21060 --- [vehicles_rental] [nio-8080-exec-8] o.s.web.client.RestTemplate              : Accept=[application/json, application/*+json]
2026-09-15T12:03:48.901+07:00 DEBUG 21060 --- [vehicles_rental] [nio-8080-exec-8] o.s.web.client.RestTemplate              : Writing [{md5=48a0e66039247cc614f0cfdcbde36dad}] as "application/json"
2026-09-15T12:03:49.104+07:00 DEBUG 21060 --- [vehicles_rental] [nio-8080-exec-8] o.s.web.client.RestTemplate              : Response 200 OK
2026-09-15T12:03:49.104+07:00 DEBUG 21060 --- [vehicles_rental] [nio-8080-exec-8] o.s.web.client.RestTemplate              : Reading to [java.util.Map<java.lang.String, java.lang.Object>]
2026-09-15T12:03:49.104+07:00 DEBUG 21060 --- [vehicles_rental] [nio-8080-exec-8] o.s.w.s.m.m.a.HttpEntityMethodProcessor  : Using 'application/json', given [application/json, text/plain, */*] and supported [application/json, application/*+json]
2026-09-15T12:03:49.104+07:00 DEBUG 21060 --- [vehicles_rental] [nio-8080-exec-8] o.s.w.s.m.m.a.HttpEntityMethodProcessor  : Writing [BakongPaymentResponse(paymentId=null, bookingId=null, amount=null, currency=null, transactionId=null (truncated)...]
2026-09-15T12:03:49.104+07:00 DEBUG 21060 --- [vehicles_rental] [nio-8080-exec-8] o.s.web.servlet.DispatcherServlet        : Completed 200 OK
2026-09-15T12:03:53.894+07:00 DEBUG 21060 --- [vehicles_rental] [io-8080-exec-10] org.hibernate.SQL                        : select u1_0.id,u1_0.email,u1_0.gender,u1_0.is_active,u1_0.name,u1_0.profile_image,u1_0.pwd,u1_0.role,u1_0.tell from tb_users u1_0 where u1_0.email=?
Hibernate: select u1_0.id,u1_0.email,u1_0.gender,u1_0.is_active,u1_0.name,u1_0.profile_image,u1_0.pwd,u1_0.role,u1_0.tell from tb_users u1_0 where u1_0.email=?
2026-09-15T12:03:53.894+07:00 DEBUG 21060 --- [vehicles_rental] [io-8080-exec-10] org.hibernate.SQL                        : select o1_0.id,o1_0.expiry_time,o1_0.otp,u1_0.id,u1_0.email,u1_0.gender,u1_0.is_active,u1_0.name,u1_0.profile_image,u1_0.pwd,u1_0.role,u1_0.tell,o1_0.verified from otp o1_0 left join tb_users u1_0 on u1_0.id=o1_0.user_id where o1_0.user_id=?
Hibernate: select o1_0.id,o1_0.expiry_time,o1_0.otp,u1_0.id,u1_0.email,u1_0.gender,u1_0.is_active,u1_0.name,u1_0.profile_image,u1_0.pwd,u1_0.role,u1_0.tell,o1_0.verified from otp o1_0 left join tb_users u1_0 on u1_0.id=o1_0.user_id where o1_0.user_id=?
2026-09-15T12:03:53.894+07:00 DEBUG 21060 --- [vehicles_rental] [io-8080-exec-10] o.s.web.servlet.DispatcherServlet        : GET "/api/payments/bakong/scan-status?reference=48a0e66039247cc614f0cfdcbde36dad&amount=0.4&currency=USD", parameters={masked}
2026-09-15T12:03:53.894+07:00 DEBUG 21060 --- [vehicles_rental] [io-8080-exec-10] s.w.s.m.m.a.RequestMappingHandlerMapping : Mapped to org.example.vehicles_rental.controller.PaymentController#checkBakongScanPayment(String, BigDecimal, String)
2026-09-15T12:03:53.900+07:00 DEBUG 21060 --- [vehicles_rental] [io-8080-exec-10] o.s.web.client.RestTemplate              : HTTP POST https://api-bakong.nbc.gov.kh/v1/check_transaction_by_md5
2026-09-15T12:03:53.900+07:00 DEBUG 21060 --- [vehicles_rental] [io-8080-exec-10] o.s.web.client.RestTemplate              : Accept=[application/json, application/*+json]
2026-09-15T12:03:53.900+07:00 DEBUG 21060 --- [vehicles_rental] [io-8080-exec-10] o.s.web.client.RestTemplate              : Writing [{md5=48a0e66039247cc614f0cfdcbde36dad}] as "application/json"
2026-09-15T12:03:54.101+07:00 DEBUG 21060 --- [vehicles_rental] [io-8080-exec-10] o.s.web.client.RestTemplate              : Response 200 OK
2026-09-15T12:03:54.101+07:00 DEBUG 21060 --- [vehicles_rental] [io-8080-exec-10] o.s.web.client.RestTemplate              : Reading to [java.util.Map<java.lang.String, java.lang.Object>]
2026-09-15T12:03:54.101+07:00 DEBUG 21060 --- [vehicles_rental] [io-8080-exec-10] o.s.w.s.m.m.a.HttpEntityMethodProcessor  : Using 'application/json', given [application/json, text/plain, */*] and supported [application/json, application/*+json]
2026-09-15T12:03:54.101+07:00 DEBUG 21060 --- [vehicles_rental] [io-8080-exec-10] o.s.w.s.m.m.a.HttpEntityMethodProcessor  : Writing [BakongPaymentResponse(paymentId=null, bookingId=null, amount=null, currency=null, transactionId=null (truncated)...]
2026-09-15T12:03:54.101+07:00 DEBUG 21060 --- [vehicles_rental] [io-8080-exec-10] o.s.web.servlet.DispatcherServlet        : Completed 200 OK
2026-09-15T12:03:58.892+07:00 DEBUG 21060 --- [vehicles_rental] [nio-8080-exec-9] org.hibernate.SQL                        : select u1_0.id,u1_0.email,u1_0.gender,u1_0.is_active,u1_0.name,u1_0.profile_image,u1_0.pwd,u1_0.role,u1_0.tell from tb_users u1_0 where u1_0.email=?
Hibernate: select u1_0.id,u1_0.email,u1_0.gender,u1_0.is_active,u1_0.name,u1_0.profile_image,u1_0.pwd,u1_0.role,u1_0.tell from tb_users u1_0 where u1_0.email=?
2026-09-15T12:03:58.894+07:00 DEBUG 21060 --- [vehicles_rental] [nio-8080-exec-9] org.hibernate.SQL                        : select o1_0.id,o1_0.expiry_time,o1_0.otp,u1_0.id,u1_0.email,u1_0.gender,u1_0.is_active,u1_0.name,u1_0.profile_image,u1_0.pwd,u1_0.role,u1_0.tell,o1_0.verified from otp o1_0 left join tb_users u1_0 on u1_0.id=o1_0.user_id where o1_0.user_id=?
Hibernate: select o1_0.id,o1_0.expiry_time,o1_0.otp,u1_0.id,u1_0.email,u1_0.gender,u1_0.is_active,u1_0.name,u1_0.profile_image,u1_0.pwd,u1_0.role,u1_0.tell,o1_0.verified from otp o1_0 left join tb_users u1_0 on u1_0.id=o1_0.user_id where o1_0.user_id=?
2026-09-15T12:03:58.894+07:00 DEBUG 21060 --- [vehicles_rental] [nio-8080-exec-9] o.s.web.servlet.DispatcherServlet        : GET "/api/payments/bakong/scan-status?reference=48a0e66039247cc614f0cfdcbde36dad&amount=0.4&currency=USD", parameters={masked}
2026-09-15T12:03:58.894+07:00 DEBUG 21060 --- [vehicles_rental] [nio-8080-exec-9] s.w.s.m.m.a.RequestMappingHandlerMapping : Mapped to org.example.vehicles_rental.controller.PaymentController#checkBakongScanPayment(String, BigDecimal, String)
2026-09-15T12:03:58.894+07:00 DEBUG 21060 --- [vehicles_rental] [nio-8080-exec-9] o.s.web.client.RestTemplate              : HTTP POST https://api-bakong.nbc.gov.kh/v1/check_transaction_by_md5
2026-09-15T12:03:58.894+07:00 DEBUG 21060 --- [vehicles_rental] [nio-8080-exec-9] o.s.web.client.RestTemplate              : Accept=[application/json, application/*+json]
2026-09-15T12:03:58.894+07:00 DEBUG 21060 --- [vehicles_rental] [nio-8080-exec-9] o.s.web.client.RestTemplate              : Writing [{md5=48a0e66039247cc614f0cfdcbde36dad}] as "application/json"
2026-09-15T12:03:59.100+07:00 DEBUG 21060 --- [vehicles_rental] [nio-8080-exec-9] o.s.web.client.RestTemplate              : Response 200 OK
2026-09-15T12:03:59.100+07:00 DEBUG 21060 --- [vehicles_rental] [nio-8080-exec-9] o.s.web.client.RestTemplate              : Reading to [java.util.Map<java.lang.String, java.lang.Object>]
2026-09-15T12:03:59.100+07:00 DEBUG 21060 --- [vehicles_rental] [nio-8080-exec-9] o.s.w.s.m.m.a.HttpEntityMethodProcessor  : Using 'application/json', given [application/json, text/plain, */*] and supported [application/json, application/*+json]
2026-09-15T12:03:59.100+07:00 DEBUG 21060 --- [vehicles_rental] [nio-8080-exec-9] o.s.w.s.m.m.a.HttpEntityMethodProcessor  : Writing [BakongPaymentResponse(paymentId=null, bookingId=null, amount=null, currency=null, transactionId=null (truncated)...]
2026-09-15T12:03:59.100+07:00 DEBUG 21060 --- [vehicles_rental] [nio-8080-exec-9] o.s.web.servlet.DispatcherServlet        : Completed 200 OK
2026-09-15T12:04:03.892+07:00 DEBUG 21060 --- [vehicles_rental] [nio-8080-exec-2] org.hibernate.SQL                        : select u1_0.id,u1_0.email,u1_0.gender,u1_0.is_active,u1_0.name,u1_0.profile_image,u1_0.pwd,u1_0.role,u1_0.tell from tb_users u1_0 where u1_0.email=?
Hibernate: select u1_0.id,u1_0.email,u1_0.gender,u1_0.is_active,u1_0.name,u1_0.profile_image,u1_0.pwd,u1_0.role,u1_0.tell from tb_users u1_0 where u1_0.email=?
2026-09-15T12:04:03.892+07:00 DEBUG 21060 --- [vehicles_rental] [nio-8080-exec-2] org.hibernate.SQL                        : select o1_0.id,o1_0.expiry_time,o1_0.otp,u1_0.id,u1_0.email,u1_0.gender,u1_0.is_active,u1_0.name,u1_0.profile_image,u1_0.pwd,u1_0.role,u1_0.tell,o1_0.verified from otp o1_0 left join tb_users u1_0 on u1_0.id=o1_0.user_id where o1_0.user_id=?
Hibernate: select o1_0.id,o1_0.expiry_time,o1_0.otp,u1_0.id,u1_0.email,u1_0.gender,u1_0.is_active,u1_0.name,u1_0.profile_image,u1_0.pwd,u1_0.role,u1_0.tell,o1_0.verified from otp o1_0 left join tb_users u1_0 on u1_0.id=o1_0.user_id where o1_0.user_id=?
2026-09-15T12:04:03.899+07:00 DEBUG 21060 --- [vehicles_rental] [nio-8080-exec-2] o.s.web.servlet.DispatcherServlet        : GET "/api/payments/bakong/scan-status?reference=48a0e66039247cc614f0cfdcbde36dad&amount=0.4&currency=USD", parameters={masked}
2026-09-15T12:04:03.899+07:00 DEBUG 21060 --- [vehicles_rental] [nio-8080-exec-2] s.w.s.m.m.a.RequestMappingHandlerMapping : Mapped to org.example.vehicles_rental.controller.PaymentController#checkBakongScanPayment(String, BigDecimal, String)
2026-09-15T12:04:03.899+07:00 DEBUG 21060 --- [vehicles_rental] [nio-8080-exec-2] o.s.web.client.RestTemplate              : HTTP POST https://api-bakong.nbc.gov.kh/v1/check_transaction_by_md5
2026-09-15T12:04:03.899+07:00 DEBUG 21060 --- [vehicles_rental] [nio-8080-exec-2] o.s.web.client.RestTemplate              : Accept=[application/json, application/*+json]
2026-09-15T12:04:03.899+07:00 DEBUG 21060 --- [vehicles_rental] [nio-8080-exec-2] o.s.web.client.RestTemplate              : Writing [{md5=48a0e66039247cc614f0cfdcbde36dad}] as "application/json"
2026-09-15T12:04:04.100+07:00 DEBUG 21060 --- [vehicles_rental] [nio-8080-exec-2] o.s.web.client.RestTemplate              : Response 200 OK
2026-09-15T12:04:04.100+07:00 DEBUG 21060 --- [vehicles_rental] [nio-8080-exec-2] o.s.web.client.RestTemplate              : Reading to [java.util.Map<java.lang.String, java.lang.Object>]
2026-09-15T12:04:04.100+07:00 DEBUG 21060 --- [vehicles_rental] [nio-8080-exec-2] o.s.w.s.m.m.a.HttpEntityMethodProcessor  : Using 'application/json', given [application/json, text/plain, */*] and supported [application/json, application/*+json]
2026-09-15T12:04:04.100+07:00 DEBUG 21060 --- [vehicles_rental] [nio-8080-exec-2] o.s.w.s.m.m.a.HttpEntityMethodProcessor  : Writing [BakongPaymentResponse(paymentId=null, bookingId=null, amount=null, currency=null, transactionId=null (truncated)...]
2026-09-15T12:04:04.100+07:00 DEBUG 21060 --- [vehicles_rental] [nio-8080-exec-2] o.s.web.servlet.DispatcherServlet        : Completed 200 OK
2026-09-15T12:04:08.883+07:00 DEBUG 21060 --- [vehicles_rental] [nio-8080-exec-1] org.hibernate.SQL                        : select u1_0.id,u1_0.email,u1_0.gender,u1_0.is_active,u1_0.name,u1_0.profile_image,u1_0.pwd,u1_0.role,u1_0.tell from tb_users u1_0 where u1_0.email=?
Hibernate: select u1_0.id,u1_0.email,u1_0.gender,u1_0.is_active,u1_0.name,u1_0.profile_image,u1_0.pwd,u1_0.role,u1_0.tell from tb_users u1_0 where u1_0.email=?
2026-09-15T12:04:08.883+07:00 DEBUG 21060 --- [vehicles_rental] [nio-8080-exec-1] org.hibernate.SQL                        : select o1_0.id,o1_0.expiry_time,o1_0.otp,u1_0.id,u1_0.email,u1_0.gender,u1_0.is_active,u1_0.name,u1_0.profile_image,u1_0.pwd,u1_0.role,u1_0.tell,o1_0.verified from otp o1_0 left join tb_users u1_0 on u1_0.id=o1_0.user_id where o1_0.user_id=?
Hibernate: select o1_0.id,o1_0.expiry_time,o1_0.otp,u1_0.id,u1_0.email,u1_0.gender,u1_0.is_active,u1_0.name,u1_0.profile_image,u1_0.pwd,u1_0.role,u1_0.tell,o1_0.verified from otp o1_0 left join tb_users u1_0 on u1_0.id=o1_0.user_id where o1_0.user_id=?
2026-09-15T12:04:08.883+07:00 DEBUG 21060 --- [vehicles_rental] [nio-8080-exec-1] o.s.web.servlet.DispatcherServlet        : GET "/api/payments/bakong/scan-status?reference=48a0e66039247cc614f0cfdcbde36dad&amount=0.4&currency=USD", parameters={masked}
2026-09-15T12:04:08.883+07:00 DEBUG 21060 --- [vehicles_rental] [nio-8080-exec-1] s.w.s.m.m.a.RequestMappingHandlerMapping : Mapped to org.example.vehicles_rental.controller.PaymentController#checkBakongScanPayment(String, BigDecimal, String)
2026-09-15T12:04:08.883+07:00 DEBUG 21060 --- [vehicles_rental] [nio-8080-exec-1] o.s.web.client.RestTemplate              : HTTP POST https://api-bakong.nbc.gov.kh/v1/check_transaction_by_md5
2026-09-15T12:04:08.883+07:00 DEBUG 21060 --- [vehicles_rental] [nio-8080-exec-1] o.s.web.client.RestTemplate              : Accept=[application/json, application/*+json]
2026-09-15T12:04:08.883+07:00 DEBUG 21060 --- [vehicles_rental] [nio-8080-exec-1] o.s.web.client.RestTemplate              : Writing [{md5=48a0e66039247cc614f0cfdcbde36dad}] as "application/json"
2026-09-15T12:04:09.094+07:00 DEBUG 21060 --- [vehicles_rental] [nio-8080-exec-1] o.s.web.client.RestTemplate              : Response 200 OK
2026-09-15T12:04:09.094+07:00 DEBUG 21060 --- [vehicles_rental] [nio-8080-exec-1] o.s.web.client.RestTemplate              : Reading to [java.util.Map<java.lang.String, java.lang.Object>]
2026-09-15T12:04:09.094+07:00 DEBUG 21060 --- [vehicles_rental] [nio-8080-exec-1] o.s.w.s.m.m.a.HttpEntityMethodProcessor  : Using 'application/json', given [application/json, text/plain, */*] and supported [application/json, application/*+json]
2026-09-15T12:04:09.094+07:00 DEBUG 21060 --- [vehicles_rental] [nio-8080-exec-1] o.s.w.s.m.m.a.HttpEntityMethodProcessor  : Writing [BakongPaymentResponse(paymentId=null, bookingId=null, amount=null, currency=null, transactionId=null (truncated)...]
2026-09-15T12:04:09.094+07:00 DEBUG 21060 --- [vehicles_rental] [nio-8080-exec-1] o.s.web.servlet.DispatcherServlet        : Completed 200 OK
2026-09-15T12:04:13.890+07:00 DEBUG 21060 --- [vehicles_rental] [nio-8080-exec-4] org.hibernate.SQL                        : select u1_0.id,u1_0.email,u1_0.gender,u1_0.is_active,u1_0.name,u1_0.profile_image,u1_0.pwd,u1_0.role,u1_0.tell from tb_users u1_0 where u1_0.email=?
Hibernate: select u1_0.id,u1_0.email,u1_0.gender,u1_0.is_active,u1_0.name,u1_0.profile_image,u1_0.pwd,u1_0.role,u1_0.tell from tb_users u1_0 where u1_0.email=?
2026-09-15T12:04:13.890+07:00 DEBUG 21060 --- [vehicles_rental] [nio-8080-exec-4] org.hibernate.SQL                        : select o1_0.id,o1_0.expiry_time,o1_0.otp,u1_0.id,u1_0.email,u1_0.gender,u1_0.is_active,u1_0.name,u1_0.profile_image,u1_0.pwd,u1_0.role,u1_0.tell,o1_0.verified from otp o1_0 left join tb_users u1_0 on u1_0.id=o1_0.user_id where o1_0.user_id=?
Hibernate: select o1_0.id,o1_0.expiry_time,o1_0.otp,u1_0.id,u1_0.email,u1_0.gender,u1_0.is_active,u1_0.name,u1_0.profile_image,u1_0.pwd,u1_0.role,u1_0.tell,o1_0.verified from otp o1_0 left join tb_users u1_0 on u1_0.id=o1_0.user_id where o1_0.user_id=?
2026-09-15T12:04:13.890+07:00 DEBUG 21060 --- [vehicles_rental] [nio-8080-exec-4] o.s.web.servlet.DispatcherServlet        : GET "/api/payments/bakong/scan-status?reference=48a0e66039247cc614f0cfdcbde36dad&amount=0.4&currency=USD", parameters={masked}
2026-09-15T12:04:13.890+07:00 DEBUG 21060 --- [vehicles_rental] [nio-8080-exec-4] s.w.s.m.m.a.RequestMappingHandlerMapping : Mapped to org.example.vehicles_rental.controller.PaymentController#checkBakongScanPayment(String, BigDecimal, String)
2026-09-15T12:04:13.890+07:00 DEBUG 21060 --- [vehicles_rental] [nio-8080-exec-4] o.s.web.client.RestTemplate              : HTTP POST https://api-bakong.nbc.gov.kh/v1/check_transaction_by_md5
2026-09-15T12:04:13.890+07:00 DEBUG 21060 --- [vehicles_rental] [nio-8080-exec-4] o.s.web.client.RestTemplate              : Accept=[application/json, application/*+json]
2026-09-15T12:04:13.890+07:00 DEBUG 21060 --- [vehicles_rental] [nio-8080-exec-4] o.s.web.client.RestTemplate              : Writing [{md5=48a0e66039247cc614f0cfdcbde36dad}] as "application/json"
2026-09-15T12:04:14.100+07:00 DEBUG 21060 --- [vehicles_rental] [nio-8080-exec-4] o.s.web.client.RestTemplate              : Response 200 OK
2026-09-15T12:04:14.100+07:00 DEBUG 21060 --- [vehicles_rental] [nio-8080-exec-4] o.s.web.client.RestTemplate              : Reading to [java.util.Map<java.lang.String, java.lang.Object>]
2026-09-15T12:04:14.101+07:00 DEBUG 21060 --- [vehicles_rental] [nio-8080-exec-4] o.s.w.s.m.m.a.HttpEntityMethodProcessor  : Using 'application/json', given [application/json, text/plain, */*] and supported [application/json, application/*+json]
2026-09-15T12:04:14.101+07:00 DEBUG 21060 --- [vehicles_rental] [nio-8080-exec-4] o.s.w.s.m.m.a.HttpEntityMethodProcessor  : Writing [BakongPaymentResponse(paymentId=null, bookingId=null, amount=null, currency=null, transactionId=null (truncated)...]
2026-09-15T12:04:14.101+07:00 DEBUG 21060 --- [vehicles_rental] [nio-8080-exec-4] o.s.web.servlet.DispatcherServlet        : Completed 200 OK
2026-09-15T12:04:18.900+07:00 DEBUG 21060 --- [vehicles_rental] [nio-8080-exec-3] org.hibernate.SQL                        : select u1_0.id,u1_0.email,u1_0.gender,u1_0.is_active,u1_0.name,u1_0.profile_image,u1_0.pwd,u1_0.role,u1_0.tell from tb_users u1_0 where u1_0.email=?
Hibernate: select u1_0.id,u1_0.email,u1_0.gender,u1_0.is_active,u1_0.name,u1_0.profile_image,u1_0.pwd,u1_0.role,u1_0.tell from tb_users u1_0 where u1_0.email=?
2026-09-15T12:04:18.900+07:00 DEBUG 21060 --- [vehicles_rental] [nio-8080-exec-3] org.hibernate.SQL                        : select o1_0.id,o1_0.expiry_time,o1_0.otp,u1_0.id,u1_0.email,u1_0.gender,u1_0.is_active,u1_0.name,u1_0.profile_image,u1_0.pwd,u1_0.role,u1_0.tell,o1_0.verified from otp o1_0 left join tb_users u1_0 on u1_0.id=o1_0.user_id where o1_0.user_id=?
Hibernate: select o1_0.id,o1_0.expiry_time,o1_0.otp,u1_0.id,u1_0.email,u1_0.gender,u1_0.is_active,u1_0.name,u1_0.profile_image,u1_0.pwd,u1_0.role,u1_0.tell,o1_0.verified from otp o1_0 left join tb_users u1_0 on u1_0.id=o1_0.user_id where o1_0.user_id=?
2026-09-15T12:04:18.900+07:00 DEBUG 21060 --- [vehicles_rental] [nio-8080-exec-3] o.s.web.servlet.DispatcherServlet        : GET "/api/payments/bakong/scan-status?reference=48a0e66039247cc614f0cfdcbde36dad&amount=0.4&currency=USD", parameters={masked}
2026-09-15T12:04:18.900+07:00 DEBUG 21060 --- [vehicles_rental] [nio-8080-exec-3] s.w.s.m.m.a.RequestMappingHandlerMapping : Mapped to org.example.vehicles_rental.controller.PaymentController#checkBakongScanPayment(String, BigDecimal, String)
2026-09-15T12:04:18.900+07:00 DEBUG 21060 --- [vehicles_rental] [nio-8080-exec-3] o.s.web.client.RestTemplate              : HTTP POST https://api-bakong.nbc.gov.kh/v1/check_transaction_by_md5
2026-09-15T12:04:18.900+07:00 DEBUG 21060 --- [vehicles_rental] [nio-8080-exec-3] o.s.web.client.RestTemplate              : Accept=[application/json, application/*+json]
2026-09-15T12:04:18.900+07:00 DEBUG 21060 --- [vehicles_rental] [nio-8080-exec-3] o.s.web.client.RestTemplate              : Writing [{md5=48a0e66039247cc614f0cfdcbde36dad}] as "application/json"
2026-09-15T12:04:19.104+07:00 DEBUG 21060 --- [vehicles_rental] [nio-8080-exec-3] o.s.web.client.RestTemplate              : Response 200 OK
2026-09-15T12:04:19.104+07:00 DEBUG 21060 --- [vehicles_rental] [nio-8080-exec-3] o.s.web.client.RestTemplate              : Reading to [java.util.Map<java.lang.String, java.lang.Object>]
2026-09-15T12:04:19.104+07:00 DEBUG 21060 --- [vehicles_rental] [nio-8080-exec-3] o.s.w.s.m.m.a.HttpEntityMethodProcessor  : Using 'application/json', given [application/json, text/plain, */*] and supported [application/json, application/*+json]
2026-09-15T12:04:19.104+07:00 DEBUG 21060 --- [vehicles_rental] [nio-8080-exec-3] o.s.w.s.m.m.a.HttpEntityMethodProcessor  : Writing [BakongPaymentResponse(paymentId=null, bookingId=null, amount=null, currency=null, transactionId=null (truncated)...]
2026-09-15T12:04:19.104+07:00 DEBUG 21060 --- [vehicles_rental] [nio-8080-exec-3] o.s.web.servlet.DispatcherServlet        : Completed 200 OK
2026-09-15T12:04:23.893+07:00 DEBUG 21060 --- [vehicles_rental] [nio-8080-exec-5] org.hibernate.SQL                        : select u1_0.id,u1_0.email,u1_0.gender,u1_0.is_active,u1_0.name,u1_0.profile_image,u1_0.pwd,u1_0.role,u1_0.tell from tb_users u1_0 where u1_0.email=?
Hibernate: select u1_0.id,u1_0.email,u1_0.gender,u1_0.is_active,u1_0.name,u1_0.profile_image,u1_0.pwd,u1_0.role,u1_0.tell from tb_users u1_0 where u1_0.email=?
2026-09-15T12:04:23.893+07:00 DEBUG 21060 --- [vehicles_rental] [nio-8080-exec-5] org.hibernate.SQL                        : select o1_0.id,o1_0.expiry_time,o1_0.otp,u1_0.id,u1_0.email,u1_0.gender,u1_0.is_active,u1_0.name,u1_0.profile_image,u1_0.pwd,u1_0.role,u1_0.tell,o1_0.verified from otp o1_0 left join tb_users u1_0 on u1_0.id=o1_0.user_id where o1_0.user_id=?
Hibernate: select o1_0.id,o1_0.expiry_time,o1_0.otp,u1_0.id,u1_0.email,u1_0.gender,u1_0.is_active,u1_0.name,u1_0.profile_image,u1_0.pwd,u1_0.role,u1_0.tell,o1_0.verified from otp o1_0 left join tb_users u1_0 on u1_0.id=o1_0.user_id where o1_0.user_id=?
2026-09-15T12:04:23.893+07:00 DEBUG 21060 --- [vehicles_rental] [nio-8080-exec-5] o.s.web.servlet.DispatcherServlet        : GET "/api/payments/bakong/scan-status?reference=48a0e66039247cc614f0cfdcbde36dad&amount=0.4&currency=USD", parameters={masked}
2026-09-15T12:04:23.893+07:00 DEBUG 21060 --- [vehicles_rental] [nio-8080-exec-5] s.w.s.m.m.a.RequestMappingHandlerMapping : Mapped to org.example.vehicles_rental.controller.PaymentController#checkBakongScanPayment(String, BigDecimal, String)
2026-09-15T12:04:23.893+07:00 DEBUG 21060 --- [vehicles_rental] [nio-8080-exec-5] o.s.web.client.RestTemplate              : HTTP POST https://api-bakong.nbc.gov.kh/v1/check_transaction_by_md5
2026-09-15T12:04:23.893+07:00 DEBUG 21060 --- [vehicles_rental] [nio-8080-exec-5] o.s.web.client.RestTemplate              : Accept=[application/json, application/*+json]
2026-09-15T12:04:23.893+07:00 DEBUG 21060 --- [vehicles_rental] [nio-8080-exec-5] o.s.web.client.RestTemplate              : Writing [{md5=48a0e66039247cc614f0cfdcbde36dad}] as "application/json"
2026-09-15T12:04:24.100+07:00 DEBUG 21060 --- [vehicles_rental] [nio-8080-exec-5] o.s.web.client.RestTemplate              : Response 200 OK
2026-09-15T12:04:24.100+07:00 DEBUG 21060 --- [vehicles_rental] [nio-8080-exec-5] o.s.web.client.RestTemplate              : Reading to [java.util.Map<java.lang.String, java.lang.Object>]
2026-09-15T12:04:24.100+07:00 DEBUG 21060 --- [vehicles_rental] [nio-8080-exec-5] o.s.w.s.m.m.a.HttpEntityMethodProcessor  : Using 'application/json', given [application/json, text/plain, */*] and supported [application/json, application/*+json]
2026-09-15T12:04:24.100+07:00 DEBUG 21060 --- [vehicles_rental] [nio-8080-exec-5] o.s.w.s.m.m.a.HttpEntityMethodProcessor  : Writing [BakongPaymentResponse(paymentId=null, bookingId=null, amount=null, currency=null, transactionId=null (truncated)...]
2026-09-15T12:04:24.100+07:00 DEBUG 21060 --- [vehicles_rental] [nio-8080-exec-5] o.s.web.servlet.DispatcherServlet        : Completed 200 OK
2026-09-15T12:04:28.889+07:00 DEBUG 21060 --- [vehicles_rental] [nio-8080-exec-7] org.hibernate.SQL                        : select u1_0.id,u1_0.email,u1_0.gender,u1_0.is_active,u1_0.name,u1_0.profile_image,u1_0.pwd,u1_0.role,u1_0.tell from tb_users u1_0 where u1_0.email=?
Hibernate: select u1_0.id,u1_0.email,u1_0.gender,u1_0.is_active,u1_0.name,u1_0.profile_image,u1_0.pwd,u1_0.role,u1_0.tell from tb_users u1_0 where u1_0.email=?
2026-09-15T12:04:28.889+07:00 DEBUG 21060 --- [vehicles_rental] [nio-8080-exec-7] org.hibernate.SQL                        : select o1_0.id,o1_0.expiry_time,o1_0.otp,u1_0.id,u1_0.email,u1_0.gender,u1_0.is_active,u1_0.name,u1_0.profile_image,u1_0.pwd,u1_0.role,u1_0.tell,o1_0.verified from otp o1_0 left join tb_users u1_0 on u1_0.id=o1_0.user_id where o1_0.user_id=?
Hibernate: select o1_0.id,o1_0.expiry_time,o1_0.otp,u1_0.id,u1_0.email,u1_0.gender,u1_0.is_active,u1_0.name,u1_0.profile_image,u1_0.pwd,u1_0.role,u1_0.tell,o1_0.verified from otp o1_0 left join tb_users u1_0 on u1_0.id=o1_0.user_id where o1_0.user_id=?
2026-09-15T12:04:28.891+07:00 DEBUG 21060 --- [vehicles_rental] [nio-8080-exec-7] o.s.web.servlet.DispatcherServlet        : GET "/api/payments/bakong/scan-status?reference=48a0e66039247cc614f0cfdcbde36dad&amount=0.4&currency=USD", parameters={masked}
2026-09-15T12:04:28.891+07:00 DEBUG 21060 --- [vehicles_rental] [nio-8080-exec-7] s.w.s.m.m.a.RequestMappingHandlerMapping : Mapped to org.example.vehicles_rental.controller.PaymentController#checkBakongScanPayment(String, BigDecimal, String)
2026-09-15T12:04:28.892+07:00 DEBUG 21060 --- [vehicles_rental] [nio-8080-exec-7] o.s.web.client.RestTemplate              : HTTP POST https://api-bakong.nbc.gov.kh/v1/check_transaction_by_md5
2026-09-15T12:04:28.892+07:00 DEBUG 21060 --- [vehicles_rental] [nio-8080-exec-7] o.s.web.client.RestTemplate              : Accept=[application/json, application/*+json]
2026-09-15T12:04:28.892+07:00 DEBUG 21060 --- [vehicles_rental] [nio-8080-exec-7] o.s.web.client.RestTemplate              : Writing [{md5=48a0e66039247cc614f0cfdcbde36dad}] as "application/json"
2026-09-15T12:04:29.094+07:00 DEBUG 21060 --- [vehicles_rental] [nio-8080-exec-7] o.s.web.client.RestTemplate              : Response 200 OK
2026-09-15T12:04:29.094+07:00 DEBUG 21060 --- [vehicles_rental] [nio-8080-exec-7] o.s.web.client.RestTemplate              : Reading to [java.util.Map<java.lang.String, java.lang.Object>]
2026-09-15T12:04:29.094+07:00 DEBUG 21060 --- [vehicles_rental] [nio-8080-exec-7] o.s.w.s.m.m.a.HttpEntityMethodProcessor  : Using 'application/json', given [application/json, text/plain, */*] and supported [application/json, application/*+json]
2026-09-15T12:04:29.096+07:00 DEBUG 21060 --- [vehicles_rental] [nio-8080-exec-7] o.s.w.s.m.m.a.HttpEntityMethodProcessor  : Writing [BakongPaymentResponse(paymentId=null, bookingId=null, amount=0.4, currency=USD, transactionId=c3e3e0 (truncated)...]
2026-09-15T12:04:29.096+07:00 DEBUG 21060 --- [vehicles_rental] [nio-8080-exec-7] o.s.web.servlet.DispatcherServlet        : Completed 200 OK
2026-09-15T12:04:32.616+07:00 DEBUG 21060 --- [vehicles_rental] [nio-8080-exec-6] org.hibernate.SQL                        : select u1_0.id,u1_0.email,u1_0.gender,u1_0.is_active,u1_0.name,u1_0.profile_image,u1_0.pwd,u1_0.role,u1_0.tell from tb_users u1_0 where u1_0.email=?
Hibernate: select u1_0.id,u1_0.email,u1_0.gender,u1_0.is_active,u1_0.name,u1_0.profile_image,u1_0.pwd,u1_0.role,u1_0.tell from tb_users u1_0 where u1_0.email=?
2026-09-15T12:04:32.617+07:00 DEBUG 21060 --- [vehicles_rental] [nio-8080-exec-6] org.hibernate.SQL                        : select o1_0.id,o1_0.expiry_time,o1_0.otp,u1_0.id,u1_0.email,u1_0.gender,u1_0.is_active,u1_0.name,u1_0.profile_image,u1_0.pwd,u1_0.role,u1_0.tell,o1_0.verified from otp o1_0 left join tb_users u1_0 on u1_0.id=o1_0.user_id where o1_0.user_id=?
Hibernate: select o1_0.id,o1_0.expiry_time,o1_0.otp,u1_0.id,u1_0.email,u1_0.gender,u1_0.is_active,u1_0.name,u1_0.profile_image,u1_0.pwd,u1_0.role,u1_0.tell,o1_0.verified from otp o1_0 left join tb_users u1_0 on u1_0.id=o1_0.user_id where o1_0.user_id=?
2026-09-15T12:04:32.619+07:00 DEBUG 21060 --- [vehicles_rental] [nio-8080-exec-6] o.s.web.servlet.DispatcherServlet        : GET "/api/vehicle/getAll", parameters={}
2026-09-15T12:04:32.619+07:00 DEBUG 21060 --- [vehicles_rental] [nio-8080-exec-6] s.w.s.m.m.a.RequestMappingHandlerMapping : Mapped to org.example.vehicles_rental.controller.VehicleController#getAll()
2026-09-15T12:04:32.622+07:00 DEBUG 21060 --- [vehicles_rental] [nio-8080-exec-6] org.hibernate.SQL                        : select v1_0.id,v1_0.brand_id,v1_0.category_id,v1_0.create_at,v1_0.description,v1_0.fuel_type,v1_0.model,v1_0.name,v1_0.plate_number,v1_0.price_per_day,v1_0.seat,v1_0.status,v1_0.transmission,v1_0.update_at,v1_0.year from vehicles v1_0
Hibernate: select v1_0.id,v1_0.brand_id,v1_0.category_id,v1_0.create_at,v1_0.description,v1_0.fuel_type,v1_0.model,v1_0.name,v1_0.plate_number,v1_0.price_per_day,v1_0.seat,v1_0.status,v1_0.transmission,v1_0.update_at,v1_0.year from vehicles v1_0
2026-09-15T12:04:32.624+07:00 DEBUG 21060 --- [vehicles_rental] [nio-8080-exec-6] org.hibernate.SQL                        : select b1_0.id,b1_0.brand_name,b1_0.create_at,b1_0.logo,b1_0.update_at from brand b1_0 where b1_0.id=?
Hibernate: select b1_0.id,b1_0.brand_name,b1_0.create_at,b1_0.logo,b1_0.update_at from brand b1_0 where b1_0.id=?
2026-09-15T12:04:32.626+07:00 DEBUG 21060 --- [vehicles_rental] [nio-8080-exec-6] org.hibernate.SQL                        : select c1_0.id,c1_0.category_name,c1_0.create_at,c1_0.description,c1_0.update_at from categories c1_0 where c1_0.id=?
Hibernate: select c1_0.id,c1_0.category_name,c1_0.create_at,c1_0.description,c1_0.update_at from categories c1_0 where c1_0.id=?
2026-09-15T12:04:32.627+07:00 DEBUG 21060 --- [vehicles_rental] [nio-8080-exec-6] org.hibernate.SQL                        : select b1_0.id,b1_0.brand_name,b1_0.create_at,b1_0.logo,b1_0.update_at from brand b1_0 where b1_0.id=?
Hibernate: select b1_0.id,b1_0.brand_name,b1_0.create_at,b1_0.logo,b1_0.update_at from brand b1_0 where b1_0.id=?
2026-09-15T12:04:32.628+07:00 DEBUG 21060 --- [vehicles_rental] [nio-8080-exec-6] org.hibernate.SQL                        : select c1_0.id,c1_0.category_name,c1_0.create_at,c1_0.description,c1_0.update_at from categories c1_0 where c1_0.id=?
Hibernate: select c1_0.id,c1_0.category_name,c1_0.create_at,c1_0.description,c1_0.update_at from categories c1_0 where c1_0.id=?
2026-09-15T12:04:32.629+07:00 DEBUG 21060 --- [vehicles_rental] [nio-8080-exec-6] org.hibernate.SQL                        : select b1_0.id,b1_0.brand_name,b1_0.create_at,b1_0.logo,b1_0.update_at from brand b1_0 where b1_0.id=?
Hibernate: select b1_0.id,b1_0.brand_name,b1_0.create_at,b1_0.logo,b1_0.update_at from brand b1_0 where b1_0.id=?
2026-09-15T12:04:32.630+07:00 DEBUG 21060 --- [vehicles_rental] [nio-8080-exec-6] org.hibernate.SQL                        : select c1_0.id,c1_0.category_name,c1_0.create_at,c1_0.description,c1_0.update_at from categories c1_0 where c1_0.id=?
Hibernate: select c1_0.id,c1_0.category_name,c1_0.create_at,c1_0.description,c1_0.update_at from categories c1_0 where c1_0.id=?
2026-09-15T12:04:32.630+07:00 DEBUG 21060 --- [vehicles_rental] [nio-8080-exec-6] org.hibernate.SQL                        : select b1_0.id,b1_0.brand_name,b1_0.create_at,b1_0.logo,b1_0.update_at from brand b1_0 where b1_0.id=?
Hibernate: select b1_0.id,b1_0.brand_name,b1_0.create_at,b1_0.logo,b1_0.update_at from brand b1_0 where b1_0.id=?
2026-09-15T12:04:32.631+07:00 DEBUG 21060 --- [vehicles_rental] [nio-8080-exec-6] org.hibernate.SQL                        : select c1_0.id,c1_0.category_name,c1_0.create_at,c1_0.description,c1_0.update_at from categories c1_0 where c1_0.id=?
Hibernate: select c1_0.id,c1_0.category_name,c1_0.create_at,c1_0.description,c1_0.update_at from categories c1_0 where c1_0.id=?
2026-09-15T12:04:32.632+07:00 DEBUG 21060 --- [vehicles_rental] [nio-8080-exec-6] org.hibernate.SQL                        : select b1_0.id,b1_0.brand_name,b1_0.create_at,b1_0.logo,b1_0.update_at from brand b1_0 where b1_0.id=?
Hibernate: select b1_0.id,b1_0.brand_name,b1_0.create_at,b1_0.logo,b1_0.update_at from brand b1_0 where b1_0.id=?
2026-09-15T12:04:32.634+07:00 DEBUG 21060 --- [vehicles_rental] [nio-8080-exec-6] m.m.a.RequestResponseBodyMethodProcessor : Using 'application/json', given [application/json, text/plain, */*] and supported [application/json, application/*+json]
2026-09-15T12:04:32.634+07:00 DEBUG 21060 --- [vehicles_rental] [nio-8080-exec-6] m.m.a.RequestResponseBodyMethodProcessor : Writing [ApiResponse(msg=get all vehicles successfully, status=200, data=[VehicleResponse(id=1, category_name (truncated)...]
2026-09-15T12:04:32.635+07:00 DEBUG 21060 --- [vehicles_rental] [nio-8080-exec-6] o.s.web.servlet.DispatcherServlet        : Completed 200 OK
2026-09-15T12:04:52.739+07:00 DEBUG 21060 --- [vehicles_rental] [nio-8080-exec-8] org.hibernate.SQL                        : select u1_0.id,u1_0.email,u1_0.gender,u1_0.is_active,u1_0.name,u1_0.profile_image,u1_0.pwd,u1_0.role,u1_0.tell from tb_users u1_0 where u1_0.email=?
Hibernate: select u1_0.id,u1_0.email,u1_0.gender,u1_0.is_active,u1_0.name,u1_0.profile_image,u1_0.pwd,u1_0.role,u1_0.tell from tb_users u1_0 where u1_0.email=?
2026-09-15T12:04:52.739+07:00 DEBUG 21060 --- [vehicles_rental] [nio-8080-exec-8] org.hibernate.SQL                        : select o1_0.id,o1_0.expiry_time,o1_0.otp,u1_0.id,u1_0.email,u1_0.gender,u1_0.is_active,u1_0.name,u1_0.profile_image,u1_0.pwd,u1_0.role,u1_0.tell,o1_0.verified from otp o1_0 left join tb_users u1_0 on u1_0.id=o1_0.user_id where o1_0.user_id=?
Hibernate: select o1_0.id,o1_0.expiry_time,o1_0.otp,u1_0.id,u1_0.email,u1_0.gender,u1_0.is_active,u1_0.name,u1_0.profile_image,u1_0.pwd,u1_0.role,u1_0.tell,o1_0.verified from otp o1_0 left join tb_users u1_0 on u1_0.id=o1_0.user_id where o1_0.user_id=?
2026-09-15T12:04:52.741+07:00 DEBUG 21060 --- [vehicles_rental] [io-8080-exec-10] org.hibernate.SQL                        : select u1_0.id,u1_0.email,u1_0.gender,u1_0.is_active,u1_0.name,u1_0.profile_image,u1_0.pwd,u1_0.role,u1_0.tell from tb_users u1_0 where u1_0.email=?
Hibernate: select u1_0.id,u1_0.email,u1_0.gender,u1_0.is_active,u1_0.name,u1_0.profile_image,u1_0.pwd,u1_0.role,u1_0.tell from tb_users u1_0 where u1_0.email=?
2026-09-15T12:04:52.742+07:00 DEBUG 21060 --- [vehicles_rental] [io-8080-exec-10] org.hibernate.SQL                        : select o1_0.id,o1_0.expiry_time,o1_0.otp,u1_0.id,u1_0.email,u1_0.gender,u1_0.is_active,u1_0.name,u1_0.profile_image,u1_0.pwd,u1_0.role,u1_0.tell,o1_0.verified from otp o1_0 left join tb_users u1_0 on u1_0.id=o1_0.user_id where o1_0.user_id=?
Hibernate: select o1_0.id,o1_0.expiry_time,o1_0.otp,u1_0.id,u1_0.email,u1_0.gender,u1_0.is_active,u1_0.name,u1_0.profile_image,u1_0.pwd,u1_0.role,u1_0.tell,o1_0.verified from otp o1_0 left join tb_users u1_0 on u1_0.id=o1_0.user_id where o1_0.user_id=?
2026-09-15T12:04:52.743+07:00 DEBUG 21060 --- [vehicles_rental] [nio-8080-exec-8] o.s.web.servlet.DispatcherServlet        : GET "/api/vehicle/getAll", parameters={}
2026-09-15T12:04:52.743+07:00 DEBUG 21060 --- [vehicles_rental] [nio-8080-exec-8] s.w.s.m.m.a.RequestMappingHandlerMapping : Mapped to org.example.vehicles_rental.controller.VehicleController#getAll()
2026-09-15T12:04:52.744+07:00 DEBUG 21060 --- [vehicles_rental] [io-8080-exec-10] o.s.web.servlet.DispatcherServlet        : GET "/api/bookings", parameters={}
2026-09-15T12:04:52.744+07:00 DEBUG 21060 --- [vehicles_rental] [io-8080-exec-10] s.w.s.m.m.a.RequestMappingHandlerMapping : Mapped to org.example.vehicles_rental.controller.BookingController#getAll()
2026-09-15T12:04:52.745+07:00 DEBUG 21060 --- [vehicles_rental] [nio-8080-exec-8] org.hibernate.SQL                        : select v1_0.id,v1_0.brand_id,v1_0.category_id,v1_0.create_at,v1_0.description,v1_0.fuel_type,v1_0.model,v1_0.name,v1_0.plate_number,v1_0.price_per_day,v1_0.seat,v1_0.status,v1_0.transmission,v1_0.update_at,v1_0.year from vehicles v1_0
Hibernate: select v1_0.id,v1_0.brand_id,v1_0.category_id,v1_0.create_at,v1_0.description,v1_0.fuel_type,v1_0.model,v1_0.name,v1_0.plate_number,v1_0.price_per_day,v1_0.seat,v1_0.status,v1_0.transmission,v1_0.update_at,v1_0.year from vehicles v1_0
2026-09-15T12:04:52.745+07:00 DEBUG 21060 --- [vehicles_rental] [io-8080-exec-10] org.hibernate.SQL                        : select u1_0.id,u1_0.email,u1_0.gender,u1_0.is_active,u1_0.name,u1_0.profile_image,u1_0.pwd,u1_0.role,u1_0.tell from tb_users u1_0 where u1_0.email=?
Hibernate: select u1_0.id,u1_0.email,u1_0.gender,u1_0.is_active,u1_0.name,u1_0.profile_image,u1_0.pwd,u1_0.role,u1_0.tell from tb_users u1_0 where u1_0.email=?
2026-09-15T12:04:52.746+07:00 DEBUG 21060 --- [vehicles_rental] [io-8080-exec-10] org.hibernate.SQL                        : select o1_0.id,o1_0.expiry_time,o1_0.otp,u1_0.id,u1_0.email,u1_0.gender,u1_0.is_active,u1_0.name,u1_0.profile_image,u1_0.pwd,u1_0.role,u1_0.tell,o1_0.verified from otp o1_0 left join tb_users u1_0 on u1_0.id=o1_0.user_id where o1_0.user_id=?
Hibernate: select o1_0.id,o1_0.expiry_time,o1_0.otp,u1_0.id,u1_0.email,u1_0.gender,u1_0.is_active,u1_0.name,u1_0.profile_image,u1_0.pwd,u1_0.role,u1_0.tell,o1_0.verified from otp o1_0 left join tb_users u1_0 on u1_0.id=o1_0.user_id where o1_0.user_id=?
2026-09-15T12:04:52.746+07:00 DEBUG 21060 --- [vehicles_rental] [nio-8080-exec-8] org.hibernate.SQL                        : select b1_0.id,b1_0.brand_name,b1_0.create_at,b1_0.logo,b1_0.update_at from brand b1_0 where b1_0.id=?
Hibernate: select b1_0.id,b1_0.brand_name,b1_0.create_at,b1_0.logo,b1_0.update_at from brand b1_0 where b1_0.id=?
2026-09-15T12:04:52.746+07:00 DEBUG 21060 --- [vehicles_rental] [nio-8080-exec-8] org.hibernate.SQL                        : select c1_0.id,c1_0.category_name,c1_0.create_at,c1_0.description,c1_0.update_at from categories c1_0 where c1_0.id=?
Hibernate: select c1_0.id,c1_0.category_name,c1_0.create_at,c1_0.description,c1_0.update_at from categories c1_0 where c1_0.id=?
2026-09-15T12:04:52.746+07:00 DEBUG 21060 --- [vehicles_rental] [io-8080-exec-10] org.hibernate.SQL                        : select b1_0.id,b1_0.created_at,b1_0.pickup_date,b1_0.return_date,b1_0.status,b1_0.total_days,b1_0.total_price,b1_0.updated_at,b1_0.user_id,b1_0.vehicle_id from bookings b1_0 where b1_0.user_id=?
Hibernate: select b1_0.id,b1_0.created_at,b1_0.pickup_date,b1_0.return_date,b1_0.status,b1_0.total_days,b1_0.total_price,b1_0.updated_at,b1_0.user_id,b1_0.vehicle_id from bookings b1_0 where b1_0.user_id=?
2026-09-15T12:04:52.746+07:00 DEBUG 21060 --- [vehicles_rental] [nio-8080-exec-8] org.hibernate.SQL                        : select b1_0.id,b1_0.brand_name,b1_0.create_at,b1_0.logo,b1_0.update_at from brand b1_0 where b1_0.id=?
Hibernate: select b1_0.id,b1_0.brand_name,b1_0.create_at,b1_0.logo,b1_0.update_at from brand b1_0 where b1_0.id=?
2026-09-15T12:04:52.746+07:00 DEBUG 21060 --- [vehicles_rental] [nio-8080-exec-8] org.hibernate.SQL                        : select c1_0.id,c1_0.category_name,c1_0.create_at,c1_0.description,c1_0.update_at from categories c1_0 where c1_0.id=?
Hibernate: select c1_0.id,c1_0.category_name,c1_0.create_at,c1_0.description,c1_0.update_at from categories c1_0 where c1_0.id=?
2026-09-15T12:04:52.746+07:00 DEBUG 21060 --- [vehicles_rental] [nio-8080-exec-8] org.hibernate.SQL                        : select b1_0.id,b1_0.brand_name,b1_0.create_at,b1_0.logo,b1_0.update_at from brand b1_0 where b1_0.id=?
Hibernate: select b1_0.id,b1_0.brand_name,b1_0.create_at,b1_0.logo,b1_0.update_at from brand b1_0 where b1_0.id=?
2026-09-15T12:04:52.746+07:00 DEBUG 21060 --- [vehicles_rental] [io-8080-exec-10] org.hibernate.SQL                        : select v1_0.id,b1_0.id,b1_0.brand_name,b1_0.create_at,b1_0.logo,b1_0.update_at,c1_0.id,c1_0.category_name,c1_0.create_at,c1_0.description,c1_0.update_at,v1_0.create_at,v1_0.description,v1_0.fuel_type,v1_0.model,v1_0.name,v1_0.plate_number,v1_0.price_per_day,v1_0.seat,v1_0.status,v1_0.transmission,v1_0.update_at,v1_0.year from vehicles v1_0 left join brand b1_0 on b1_0.id=v1_0.brand_id left join categories c1_0 on c1_0.id=v1_0.category_id where v1_0.id=?
Hibernate: select v1_0.id,b1_0.id,b1_0.brand_name,b1_0.create_at,b1_0.logo,b1_0.update_at,c1_0.id,c1_0.category_name,c1_0.create_at,c1_0.description,c1_0.update_at,v1_0.create_at,v1_0.description,v1_0.fuel_type,v1_0.model,v1_0.name,v1_0.plate_number,v1_0.price_per_day,v1_0.seat,v1_0.status,v1_0.transmission,v1_0.update_at,v1_0.year from vehicles v1_0 left join brand b1_0 on b1_0.id=v1_0.brand_id left join categories c1_0 on c1_0.id=v1_0.category_id where v1_0.id=?
2026-09-15T12:04:52.746+07:00 DEBUG 21060 --- [vehicles_rental] [nio-8080-exec-8] org.hibernate.SQL                        : select c1_0.id,c1_0.category_name,c1_0.create_at,c1_0.description,c1_0.update_at from categories c1_0 where c1_0.id=?
Hibernate: select c1_0.id,c1_0.category_name,c1_0.create_at,c1_0.description,c1_0.update_at from categories c1_0 where c1_0.id=?
2026-09-15T12:04:52.750+07:00 DEBUG 21060 --- [vehicles_rental] [io-8080-exec-10] org.hibernate.SQL                        : select v1_0.id,b1_0.id,b1_0.brand_name,b1_0.create_at,b1_0.logo,b1_0.update_at,c1_0.id,c1_0.category_name,c1_0.create_at,c1_0.description,c1_0.update_at,v1_0.create_at,v1_0.description,v1_0.fuel_type,v1_0.model,v1_0.name,v1_0.plate_number,v1_0.price_per_day,v1_0.seat,v1_0.status,v1_0.transmission,v1_0.update_at,v1_0.year from vehicles v1_0 left join brand b1_0 on b1_0.id=v1_0.brand_id left join categories c1_0 on c1_0.id=v1_0.category_id where v1_0.id=?
Hibernate: select v1_0.id,b1_0.id,b1_0.brand_name,b1_0.create_at,b1_0.logo,b1_0.update_at,c1_0.id,c1_0.category_name,c1_0.create_at,c1_0.description,c1_0.update_at,v1_0.create_at,v1_0.description,v1_0.fuel_type,v1_0.model,v1_0.name,v1_0.plate_number,v1_0.price_per_day,v1_0.seat,v1_0.status,v1_0.transmission,v1_0.update_at,v1_0.year from vehicles v1_0 left join brand b1_0 on b1_0.id=v1_0.brand_id left join categories c1_0 on c1_0.id=v1_0.category_id where v1_0.id=?
2026-09-15T12:04:52.750+07:00 DEBUG 21060 --- [vehicles_rental] [nio-8080-exec-8] org.hibernate.SQL                        : select b1_0.id,b1_0.brand_name,b1_0.create_at,b1_0.logo,b1_0.update_at from brand b1_0 where b1_0.id=?
Hibernate: select b1_0.id,b1_0.brand_name,b1_0.create_at,b1_0.logo,b1_0.update_at from brand b1_0 where b1_0.id=?
2026-09-15T12:04:52.750+07:00 DEBUG 21060 --- [vehicles_rental] [nio-8080-exec-8] org.hibernate.SQL                        : select c1_0.id,c1_0.category_name,c1_0.create_at,c1_0.description,c1_0.update_at from categories c1_0 where c1_0.id=?
Hibernate: select c1_0.id,c1_0.category_name,c1_0.create_at,c1_0.description,c1_0.update_at from categories c1_0 where c1_0.id=?
2026-09-15T12:04:52.750+07:00 DEBUG 21060 --- [vehicles_rental] [io-8080-exec-10] org.hibernate.SQL                        : select v1_0.id,b1_0.id,b1_0.brand_name,b1_0.create_at,b1_0.logo,b1_0.update_at,c1_0.id,c1_0.category_name,c1_0.create_at,c1_0.description,c1_0.update_at,v1_0.create_at,v1_0.description,v1_0.fuel_type,v1_0.model,v1_0.name,v1_0.plate_number,v1_0.price_per_day,v1_0.seat,v1_0.status,v1_0.transmission,v1_0.update_at,v1_0.year from vehicles v1_0 left join brand b1_0 on b1_0.id=v1_0.brand_id left join categories c1_0 on c1_0.id=v1_0.category_id where v1_0.id=?
Hibernate: select v1_0.id,b1_0.id,b1_0.brand_name,b1_0.create_at,b1_0.logo,b1_0.update_at,c1_0.id,c1_0.category_name,c1_0.create_at,c1_0.description,c1_0.update_at,v1_0.create_at,v1_0.description,v1_0.fuel_type,v1_0.model,v1_0.name,v1_0.plate_number,v1_0.price_per_day,v1_0.seat,v1_0.status,v1_0.transmission,v1_0.update_at,v1_0.year from vehicles v1_0 left join brand b1_0 on b1_0.id=v1_0.brand_id left join categories c1_0 on c1_0.id=v1_0.category_id where v1_0.id=?
2026-09-15T12:04:52.750+07:00 DEBUG 21060 --- [vehicles_rental] [nio-8080-exec-8] org.hibernate.SQL                        : select b1_0.id,b1_0.brand_name,b1_0.create_at,b1_0.logo,b1_0.update_at from brand b1_0 where b1_0.id=?
Hibernate: select b1_0.id,b1_0.brand_name,b1_0.create_at,b1_0.logo,b1_0.update_at from brand b1_0 where b1_0.id=?
2026-09-15T12:04:52.750+07:00 DEBUG 21060 --- [vehicles_rental] [io-8080-exec-10] org.hibernate.SQL                        : select v1_0.id,b1_0.id,b1_0.brand_name,b1_0.create_at,b1_0.logo,b1_0.update_at,c1_0.id,c1_0.category_name,c1_0.create_at,c1_0.description,c1_0.update_at,v1_0.create_at,v1_0.description,v1_0.fuel_type,v1_0.model,v1_0.name,v1_0.plate_number,v1_0.price_per_day,v1_0.seat,v1_0.status,v1_0.transmission,v1_0.update_at,v1_0.year from vehicles v1_0 left join brand b1_0 on b1_0.id=v1_0.brand_id left join categories c1_0 on c1_0.id=v1_0.category_id where v1_0.id=?
Hibernate: select v1_0.id,b1_0.id,b1_0.brand_name,b1_0.create_at,b1_0.logo,b1_0.update_at,c1_0.id,c1_0.category_name,c1_0.create_at,c1_0.description,c1_0.update_at,v1_0.create_at,v1_0.description,v1_0.fuel_type,v1_0.model,v1_0.name,v1_0.plate_number,v1_0.price_per_day,v1_0.seat,v1_0.status,v1_0.transmission,v1_0.update_at,v1_0.year from vehicles v1_0 left join brand b1_0 on b1_0.id=v1_0.brand_id left join categories c1_0 on c1_0.id=v1_0.category_id where v1_0.id=?
2026-09-15T12:04:52.750+07:00 DEBUG 21060 --- [vehicles_rental] [io-8080-exec-10] org.hibernate.SQL                        : select v1_0.id,b1_0.id,b1_0.brand_name,b1_0.create_at,b1_0.logo,b1_0.update_at,c1_0.id,c1_0.category_name,c1_0.create_at,c1_0.description,c1_0.update_at,v1_0.create_at,v1_0.description,v1_0.fuel_type,v1_0.model,v1_0.name,v1_0.plate_number,v1_0.price_per_day,v1_0.seat,v1_0.status,v1_0.transmission,v1_0.update_at,v1_0.year from vehicles v1_0 left join brand b1_0 on b1_0.id=v1_0.brand_id left join categories c1_0 on c1_0.id=v1_0.category_id where v1_0.id=?
Hibernate: select v1_0.id,b1_0.id,b1_0.brand_name,b1_0.create_at,b1_0.logo,b1_0.update_at,c1_0.id,c1_0.category_name,c1_0.create_at,c1_0.description,c1_0.update_at,v1_0.create_at,v1_0.description,v1_0.fuel_type,v1_0.model,v1_0.name,v1_0.plate_number,v1_0.price_per_day,v1_0.seat,v1_0.status,v1_0.transmission,v1_0.update_at,v1_0.year from vehicles v1_0 left join brand b1_0 on b1_0.id=v1_0.brand_id left join categories c1_0 on c1_0.id=v1_0.category_id where v1_0.id=?
2026-09-15T12:04:52.750+07:00 DEBUG 21060 --- [vehicles_rental] [nio-8080-exec-8] m.m.a.RequestResponseBodyMethodProcessor : Using 'application/json', given [application/json, text/plain, */*] and supported [application/json, application/*+json]
2026-09-15T12:04:52.750+07:00 DEBUG 21060 --- [vehicles_rental] [io-8080-exec-10] org.hibernate.SQL                        : select v1_0.id,b1_0.id,b1_0.brand_name,b1_0.create_at,b1_0.logo,b1_0.update_at,c1_0.id,c1_0.category_name,c1_0.create_at,c1_0.description,c1_0.update_at,v1_0.create_at,v1_0.description,v1_0.fuel_type,v1_0.model,v1_0.name,v1_0.plate_number,v1_0.price_per_day,v1_0.seat,v1_0.status,v1_0.transmission,v1_0.update_at,v1_0.year from vehicles v1_0 left join brand b1_0 on b1_0.id=v1_0.brand_id left join categories c1_0 on c1_0.id=v1_0.category_id where v1_0.id=?
Hibernate: select v1_0.id,b1_0.id,b1_0.brand_name,b1_0.create_at,b1_0.logo,b1_0.update_at,c1_0.id,c1_0.category_name,c1_0.create_at,c1_0.description,c1_0.update_at,v1_0.create_at,v1_0.description,v1_0.fuel_type,v1_0.model,v1_0.name,v1_0.plate_number,v1_0.price_per_day,v1_0.seat,v1_0.status,v1_0.transmission,v1_0.update_at,v1_0.year from vehicles v1_0 left join brand b1_0 on b1_0.id=v1_0.brand_id left join categories c1_0 on c1_0.id=v1_0.category_id where v1_0.id=?
2026-09-15T12:04:52.750+07:00 DEBUG 21060 --- [vehicles_rental] [nio-8080-exec-8] m.m.a.RequestResponseBodyMethodProcessor : Writing [ApiResponse(msg=get all vehicles successfully, status=200, data=[VehicleResponse(id=1, category_name (truncated)...]
2026-09-15T12:04:52.754+07:00 DEBUG 21060 --- [vehicles_rental] [io-8080-exec-10] o.s.w.s.m.m.a.HttpEntityMethodProcessor  : Using 'application/json', given [application/json, text/plain, */*] and supported [application/json, application/*+json]
2026-09-15T12:04:52.754+07:00 DEBUG 21060 --- [vehicles_rental] [nio-8080-exec-8] o.s.web.servlet.DispatcherServlet        : Completed 200 OK
2026-09-15T12:04:52.754+07:00 DEBUG 21060 --- [vehicles_rental] [io-8080-exec-10] o.s.w.s.m.m.a.HttpEntityMethodProcessor  : Writing [ApiResponse(msg=Bookings retrieved successfully, status=200, data=[BookingResponse(id=4, userId=7, u (truncated)...]
2026-09-15T12:04:52.756+07:00 DEBUG 21060 --- [vehicles_rental] [io-8080-exec-10] o.s.web.servlet.DispatcherServlet        : Completed 200 OK
2026-09-15T12:04:54.730+07:00 DEBUG 21060 --- [vehicles_rental] [nio-8080-exec-2] org.hibernate.SQL                        : select u1_0.id,u1_0.email,u1_0.gender,u1_0.is_active,u1_0.name,u1_0.profile_image,u1_0.pwd,u1_0.role,u1_0.tell from tb_users u1_0 where u1_0.email=?
Hibernate: select u1_0.id,u1_0.email,u1_0.gender,u1_0.is_active,u1_0.name,u1_0.profile_image,u1_0.pwd,u1_0.role,u1_0.tell from tb_users u1_0 where u1_0.email=?
2026-09-15T12:04:54.731+07:00 DEBUG 21060 --- [vehicles_rental] [nio-8080-exec-2] org.hibernate.SQL                        : select o1_0.id,o1_0.expiry_time,o1_0.otp,u1_0.id,u1_0.email,u1_0.gender,u1_0.is_active,u1_0.name,u1_0.profile_image,u1_0.pwd,u1_0.role,u1_0.tell,o1_0.verified from otp o1_0 left join tb_users u1_0 on u1_0.id=o1_0.user_id where o1_0.user_id=?
Hibernate: select o1_0.id,o1_0.expiry_time,o1_0.otp,u1_0.id,u1_0.email,u1_0.gender,u1_0.is_active,u1_0.name,u1_0.profile_image,u1_0.pwd,u1_0.role,u1_0.tell,o1_0.verified from otp o1_0 left join tb_users u1_0 on u1_0.id=o1_0.user_id where o1_0.user_id=?
2026-09-15T12:04:54.732+07:00 DEBUG 21060 --- [vehicles_rental] [nio-8080-exec-2] o.s.web.servlet.DispatcherServlet        : GET "/api/vehicle/getById/2", parameters={}
2026-09-15T12:04:54.732+07:00 DEBUG 21060 --- [vehicles_rental] [nio-8080-exec-2] s.w.s.m.m.a.RequestMappingHandlerMapping : Mapped to org.example.vehicles_rental.controller.VehicleController#getById(Long)
2026-09-15T12:04:54.733+07:00 DEBUG 21060 --- [vehicles_rental] [nio-8080-exec-2] org.hibernate.SQL                        : select v1_0.id,b1_0.id,b1_0.brand_name,b1_0.create_at,b1_0.logo,b1_0.update_at,c1_0.id,c1_0.category_name,c1_0.create_at,c1_0.description,c1_0.update_at,v1_0.create_at,v1_0.description,v1_0.fuel_type,v1_0.model,v1_0.name,v1_0.plate_number,v1_0.price_per_day,v1_0.seat,v1_0.status,v1_0.transmission,v1_0.update_at,v1_0.year from vehicles v1_0 left join brand b1_0 on b1_0.id=v1_0.brand_id left join categories c1_0 on c1_0.id=v1_0.category_id where v1_0.id=?
Hibernate: select v1_0.id,b1_0.id,b1_0.brand_name,b1_0.create_at,b1_0.logo,b1_0.update_at,c1_0.id,c1_0.category_name,c1_0.create_at,c1_0.description,c1_0.update_at,v1_0.create_at,v1_0.description,v1_0.fuel_type,v1_0.model,v1_0.name,v1_0.plate_number,v1_0.price_per_day,v1_0.seat,v1_0.status,v1_0.transmission,v1_0.update_at,v1_0.year from vehicles v1_0 left join brand b1_0 on b1_0.id=v1_0.brand_id left join categories c1_0 on c1_0.id=v1_0.category_id where v1_0.id=?
2026-09-15T12:04:54.735+07:00 DEBUG 21060 --- [vehicles_rental] [nio-8080-exec-2] m.m.a.RequestResponseBodyMethodProcessor : Using 'application/json', given [application/json, text/plain, */*] and supported [application/json, application/*+json]
2026-09-15T12:04:54.736+07:00 DEBUG 21060 --- [vehicles_rental] [nio-8080-exec-2] m.m.a.RequestResponseBodyMethodProcessor : Writing [ApiResponse(msg=get vehicle ById successfully, status=200, data=VehicleResponse(id=2, category_name= (truncated)...]
2026-09-15T12:04:54.736+07:00 DEBUG 21060 --- [vehicles_rental] [nio-8080-exec-2] o.s.web.servlet.DispatcherServlet        : Completed 200 OK
2026-09-15T12:04:56.544+07:00 DEBUG 21060 --- [vehicles_rental] [nio-8080-exec-1] org.hibernate.SQL                        : select u1_0.id,u1_0.email,u1_0.gender,u1_0.is_active,u1_0.name,u1_0.profile_image,u1_0.pwd,u1_0.role,u1_0.tell from tb_users u1_0 where u1_0.email=?
Hibernate: select u1_0.id,u1_0.email,u1_0.gender,u1_0.is_active,u1_0.name,u1_0.profile_image,u1_0.pwd,u1_0.role,u1_0.tell from tb_users u1_0 where u1_0.email=?
2026-09-15T12:04:56.545+07:00 DEBUG 21060 --- [vehicles_rental] [nio-8080-exec-1] org.hibernate.SQL                        : select o1_0.id,o1_0.expiry_time,o1_0.otp,u1_0.id,u1_0.email,u1_0.gender,u1_0.is_active,u1_0.name,u1_0.profile_image,u1_0.pwd,u1_0.role,u1_0.tell,o1_0.verified from otp o1_0 left join tb_users u1_0 on u1_0.id=o1_0.user_id where o1_0.user_id=?
Hibernate: select o1_0.id,o1_0.expiry_time,o1_0.otp,u1_0.id,u1_0.email,u1_0.gender,u1_0.is_active,u1_0.name,u1_0.profile_image,u1_0.pwd,u1_0.role,u1_0.tell,o1_0.verified from otp o1_0 left join tb_users u1_0 on u1_0.id=o1_0.user_id where o1_0.user_id=?
2026-09-15T12:04:56.545+07:00 DEBUG 21060 --- [vehicles_rental] [nio-8080-exec-1] o.s.web.servlet.DispatcherServlet        : POST "/api/bookings", parameters={}
2026-09-15T12:04:56.545+07:00 DEBUG 21060 --- [vehicles_rental] [nio-8080-exec-1] s.w.s.m.m.a.RequestMappingHandlerMapping : Mapped to org.example.vehicles_rental.controller.BookingController#create(BookingRequest)
2026-09-15T12:04:56.548+07:00 DEBUG 21060 --- [vehicles_rental] [nio-8080-exec-1] m.m.a.RequestResponseBodyMethodProcessor : Read "application/json;charset=UTF-8" to [BookingRequest(userId=null, vehicleId=2, pickupDate=2026-09-16, returnDate=2026-09-20, status=null)]
2026-09-15T12:04:56.548+07:00 DEBUG 21060 --- [vehicles_rental] [nio-8080-exec-1] org.hibernate.SQL                        : select u1_0.id,u1_0.email,u1_0.gender,u1_0.is_active,u1_0.name,u1_0.profile_image,u1_0.pwd,u1_0.role,u1_0.tell from tb_users u1_0 where u1_0.email=?
Hibernate: select u1_0.id,u1_0.email,u1_0.gender,u1_0.is_active,u1_0.name,u1_0.profile_image,u1_0.pwd,u1_0.role,u1_0.tell from tb_users u1_0 where u1_0.email=?
2026-09-15T12:04:56.550+07:00 DEBUG 21060 --- [vehicles_rental] [nio-8080-exec-1] org.hibernate.SQL                        : select o1_0.id,o1_0.expiry_time,o1_0.otp,u1_0.id,u1_0.email,u1_0.gender,u1_0.is_active,u1_0.name,u1_0.profile_image,u1_0.pwd,u1_0.role,u1_0.tell,o1_0.verified from otp o1_0 left join tb_users u1_0 on u1_0.id=o1_0.user_id where o1_0.user_id=?
Hibernate: select o1_0.id,o1_0.expiry_time,o1_0.otp,u1_0.id,u1_0.email,u1_0.gender,u1_0.is_active,u1_0.name,u1_0.profile_image,u1_0.pwd,u1_0.role,u1_0.tell,o1_0.verified from otp o1_0 left join tb_users u1_0 on u1_0.id=o1_0.user_id where o1_0.user_id=?
2026-09-15T12:04:56.550+07:00 DEBUG 21060 --- [vehicles_rental] [nio-8080-exec-1] org.hibernate.SQL                        : select v1_0.id,b1_0.id,b1_0.brand_name,b1_0.create_at,b1_0.logo,b1_0.update_at,c1_0.id,c1_0.category_name,c1_0.create_at,c1_0.description,c1_0.update_at,v1_0.create_at,v1_0.description,v1_0.fuel_type,v1_0.model,v1_0.name,v1_0.plate_number,v1_0.price_per_day,v1_0.seat,v1_0.status,v1_0.transmission,v1_0.update_at,v1_0.year from vehicles v1_0 left join brand b1_0 on b1_0.id=v1_0.brand_id left join categories c1_0 on c1_0.id=v1_0.category_id where v1_0.id=?
Hibernate: select v1_0.id,b1_0.id,b1_0.brand_name,b1_0.create_at,b1_0.logo,b1_0.update_at,c1_0.id,c1_0.category_name,c1_0.create_at,c1_0.description,c1_0.update_at,v1_0.create_at,v1_0.description,v1_0.fuel_type,v1_0.model,v1_0.name,v1_0.plate_number,v1_0.price_per_day,v1_0.seat,v1_0.status,v1_0.transmission,v1_0.update_at,v1_0.year from vehicles v1_0 left join brand b1_0 on b1_0.id=v1_0.brand_id left join categories c1_0 on c1_0.id=v1_0.category_id where v1_0.id=?
2026-09-15T12:04:56.555+07:00 DEBUG 21060 --- [vehicles_rental] [nio-8080-exec-1] org.hibernate.SQL                        : select count(b1_0.id)>0 from bookings b1_0 where b1_0.vehicle_id=? and b1_0.pickup_date<? and b1_0.return_date>? and b1_0.status in (?,?) and b1_0.user_id<>?
Hibernate: select count(b1_0.id)>0 from bookings b1_0 where b1_0.vehicle_id=? and b1_0.pickup_date<? and b1_0.return_date>? and b1_0.status in (?,?) and b1_0.user_id<>?
2026-09-15T12:04:56.562+07:00 DEBUG 21060 --- [vehicles_rental] [nio-8080-exec-1] org.hibernate.SQL                        : insert into bookings (created_at,pickup_date,return_date,status,total_days,total_price,updated_at,user_id,vehicle_id) values (?,?,?,?,?,?,?,?,?)
Hibernate: insert into bookings (created_at,pickup_date,return_date,status,total_days,total_price,updated_at,user_id,vehicle_id) values (?,?,?,?,?,?,?,?,?)
2026-09-15T12:04:56.567+07:00 DEBUG 21060 --- [vehicles_rental] [nio-8080-exec-1] org.hibernate.SQL                        : select ns1_0.id,ns1_0.booking_cancellation,ns1_0.daily_summary_report,ns1_0.low_availability_alert,ns1_0.new_booking,ns1_0.new_user_registration,ns1_0.payment_received from notification_settings ns1_0 where ns1_0.id=?
Hibernate: select ns1_0.id,ns1_0.booking_cancellation,ns1_0.daily_summary_report,ns1_0.low_availability_alert,ns1_0.new_booking,ns1_0.new_user_registration,ns1_0.payment_received from notification_settings ns1_0 where ns1_0.id=?
2026-09-15T12:04:56.567+07:00 DEBUG 21060 --- [vehicles_rental] [nio-8080-exec-1] org.hibernate.SQL                        : select u1_0.id,u1_0.email,u1_0.gender,u1_0.is_active,u1_0.name,u1_0.profile_image,u1_0.pwd,u1_0.role,u1_0.tell from tb_users u1_0 where u1_0.role=?
Hibernate: select u1_0.id,u1_0.email,u1_0.gender,u1_0.is_active,u1_0.name,u1_0.profile_image,u1_0.pwd,u1_0.role,u1_0.tell from tb_users u1_0 where u1_0.role=?
2026-09-15T12:04:56.567+07:00 DEBUG 21060 --- [vehicles_rental] [nio-8080-exec-1] o.s.w.s.m.m.a.HttpEntityMethodProcessor  : Using 'application/json', given [application/json, text/plain, */*] and supported [application/json, application/*+json]
2026-09-15T12:04:56.567+07:00 DEBUG 21060 --- [vehicles_rental] [nio-8080-exec-1] o.s.w.s.m.m.a.HttpEntityMethodProcessor  : Writing [ApiResponse(msg=Booking created successfully, status=201, data=BookingResponse(id=16, userId=7, user (truncated)...]
2026-09-15T12:04:56.567+07:00 DEBUG 21060 --- [vehicles_rental] [nio-8080-exec-1] o.s.web.servlet.DispatcherServlet        : Completed 200 OK
2026-09-15T12:04:56.634+07:00 DEBUG 21060 --- [vehicles_rental] [nio-8080-exec-4] org.hibernate.SQL                        : select u1_0.id,u1_0.email,u1_0.gender,u1_0.is_active,u1_0.name,u1_0.profile_image,u1_0.pwd,u1_0.role,u1_0.tell from tb_users u1_0 where u1_0.email=?
Hibernate: select u1_0.id,u1_0.email,u1_0.gender,u1_0.is_active,u1_0.name,u1_0.profile_image,u1_0.pwd,u1_0.role,u1_0.tell from tb_users u1_0 where u1_0.email=?
2026-09-15T12:04:56.635+07:00 DEBUG 21060 --- [vehicles_rental] [nio-8080-exec-4] org.hibernate.SQL                        : select o1_0.id,o1_0.expiry_time,o1_0.otp,u1_0.id,u1_0.email,u1_0.gender,u1_0.is_active,u1_0.name,u1_0.profile_image,u1_0.pwd,u1_0.role,u1_0.tell,o1_0.verified from otp o1_0 left join tb_users u1_0 on u1_0.id=o1_0.user_id where o1_0.user_id=?
Hibernate: select o1_0.id,o1_0.expiry_time,o1_0.otp,u1_0.id,u1_0.email,u1_0.gender,u1_0.is_active,u1_0.name,u1_0.profile_image,u1_0.pwd,u1_0.role,u1_0.tell,o1_0.verified from otp o1_0 left join tb_users u1_0 on u1_0.id=o1_0.user_id where o1_0.user_id=?
2026-09-15T12:04:56.640+07:00 DEBUG 21060 --- [vehicles_rental] [nio-8080-exec-4] o.s.web.servlet.DispatcherServlet        : GET "/api/paymentMethods", parameters={}
2026-09-15T12:04:56.641+07:00 DEBUG 21060 --- [vehicles_rental] [nio-8080-exec-4] s.w.s.m.m.a.RequestMappingHandlerMapping : Mapped to org.example.vehicles_rental.controller.PaymentMethodController#getAll()
2026-09-15T12:04:56.643+07:00 DEBUG 21060 --- [vehicles_rental] [nio-8080-exec-4] org.hibernate.SQL                        : select pm1_0.id,pm1_0.description,pm1_0.method_name,pm1_0.status from payment_methods pm1_0
Hibernate: select pm1_0.id,pm1_0.description,pm1_0.method_name,pm1_0.status from payment_methods pm1_0
2026-09-15T12:04:56.646+07:00 DEBUG 21060 --- [vehicles_rental] [nio-8080-exec-4] o.s.w.s.m.m.a.HttpEntityMethodProcessor  : Using 'application/json', given [application/json, text/plain, */*] and supported [application/json, application/*+json]
2026-09-15T12:04:56.646+07:00 DEBUG 21060 --- [vehicles_rental] [nio-8080-exec-4] o.s.w.s.m.m.a.HttpEntityMethodProcessor  : Writing [ApiResponse(msg=Payment methods retrieved successfully, status=200, data=[PaymentMethodResponse(id=1 (truncated)...]
2026-09-15T12:04:56.647+07:00 DEBUG 21060 --- [vehicles_rental] [nio-8080-exec-4] o.s.web.servlet.DispatcherServlet        : Completed 200 OK
2026-09-15T12:04:56.656+07:00 DEBUG 21060 --- [vehicles_rental] [nio-8080-exec-3] org.hibernate.SQL                        : select u1_0.id,u1_0.email,u1_0.gender,u1_0.is_active,u1_0.name,u1_0.profile_image,u1_0.pwd,u1_0.role,u1_0.tell from tb_users u1_0 where u1_0.email=?
Hibernate: select u1_0.id,u1_0.email,u1_0.gender,u1_0.is_active,u1_0.name,u1_0.profile_image,u1_0.pwd,u1_0.role,u1_0.tell from tb_users u1_0 where u1_0.email=?
2026-09-15T12:04:56.657+07:00 DEBUG 21060 --- [vehicles_rental] [nio-8080-exec-3] org.hibernate.SQL                        : select o1_0.id,o1_0.expiry_time,o1_0.otp,u1_0.id,u1_0.email,u1_0.gender,u1_0.is_active,u1_0.name,u1_0.profile_image,u1_0.pwd,u1_0.role,u1_0.tell,o1_0.verified from otp o1_0 left join tb_users u1_0 on u1_0.id=o1_0.user_id where o1_0.user_id=?
Hibernate: select o1_0.id,o1_0.expiry_time,o1_0.otp,u1_0.id,u1_0.email,u1_0.gender,u1_0.is_active,u1_0.name,u1_0.profile_image,u1_0.pwd,u1_0.role,u1_0.tell,o1_0.verified from otp o1_0 left join tb_users u1_0 on u1_0.id=o1_0.user_id where o1_0.user_id=?
2026-09-15T12:04:56.661+07:00 DEBUG 21060 --- [vehicles_rental] [nio-8080-exec-3] o.s.web.servlet.DispatcherServlet        : GET "/api/payments/bakong/scan-status?amount=0.4&currency=USD", parameters={masked}
2026-09-15T12:04:56.661+07:00 DEBUG 21060 --- [vehicles_rental] [nio-8080-exec-3] s.w.s.m.m.a.RequestMappingHandlerMapping : Mapped to org.example.vehicles_rental.controller.PaymentController#checkBakongScanPayment(String, BigDecimal, String)
2026-09-15T12:04:56.662+07:00 DEBUG 21060 --- [vehicles_rental] [nio-8080-exec-3] o.s.w.s.m.m.a.HttpEntityMethodProcessor  : Using 'application/json', given [application/json, text/plain, */*] and supported [application/json, application/*+json]
2026-09-15T12:04:56.662+07:00 DEBUG 21060 --- [vehicles_rental] [nio-8080-exec-3] o.s.w.s.m.m.a.HttpEntityMethodProcessor  : Writing [BakongPaymentResponse(paymentId=null, bookingId=null, amount=0.4, currency=USD, transactionId=null,  (truncated)...]
2026-09-15T12:04:56.663+07:00 DEBUG 21060 --- [vehicles_rental] [nio-8080-exec-3] o.s.web.servlet.DispatcherServlet        : Completed 200 OK
2026-09-15T12:04:56.671+07:00 DEBUG 21060 --- [vehicles_rental] [nio-8080-exec-5] org.hibernate.SQL                        : select u1_0.id,u1_0.email,u1_0.gender,u1_0.is_active,u1_0.name,u1_0.profile_image,u1_0.pwd,u1_0.role,u1_0.tell from tb_users u1_0 where u1_0.email=?
Hibernate: select u1_0.id,u1_0.email,u1_0.gender,u1_0.is_active,u1_0.name,u1_0.profile_image,u1_0.pwd,u1_0.role,u1_0.tell from tb_users u1_0 where u1_0.email=?
2026-09-15T12:04:56.672+07:00 DEBUG 21060 --- [vehicles_rental] [nio-8080-exec-5] org.hibernate.SQL                        : select o1_0.id,o1_0.expiry_time,o1_0.otp,u1_0.id,u1_0.email,u1_0.gender,u1_0.is_active,u1_0.name,u1_0.profile_image,u1_0.pwd,u1_0.role,u1_0.tell,o1_0.verified from otp o1_0 left join tb_users u1_0 on u1_0.id=o1_0.user_id where o1_0.user_id=?
Hibernate: select o1_0.id,o1_0.expiry_time,o1_0.otp,u1_0.id,u1_0.email,u1_0.gender,u1_0.is_active,u1_0.name,u1_0.profile_image,u1_0.pwd,u1_0.role,u1_0.tell,o1_0.verified from otp o1_0 left join tb_users u1_0 on u1_0.id=o1_0.user_id where o1_0.user_id=?
2026-09-15T12:04:56.674+07:00 DEBUG 21060 --- [vehicles_rental] [nio-8080-exec-5] o.s.web.servlet.DispatcherServlet        : POST "/api/payments/bakong/scan-qr", parameters={}
2026-09-15T12:04:56.674+07:00 DEBUG 21060 --- [vehicles_rental] [nio-8080-exec-5] s.w.s.m.m.a.RequestMappingHandlerMapping : Mapped to org.example.vehicles_rental.controller.PaymentController#createBakongScanQr(CreatePaymentRequest)
2026-09-15T12:04:56.676+07:00 DEBUG 21060 --- [vehicles_rental] [nio-8080-exec-5] m.m.a.RequestResponseBodyMethodProcessor : Read "application/json;charset=UTF-8" to [CreatePaymentRequest(bookingId=16, paymentMethodId=null, amount=1, currency=USD)]
2026-09-15T12:04:56.679+07:00 DEBUG 21060 --- [vehicles_rental] [nio-8080-exec-5] o.s.w.s.m.m.a.HttpEntityMethodProcessor  : Using 'application/json', given [application/json, text/plain, */*] and supported [application/json, application/*+json]
2026-09-15T12:04:56.679+07:00 DEBUG 21060 --- [vehicles_rental] [nio-8080-exec-5] o.s.w.s.m.m.a.HttpEntityMethodProcessor  : Writing [BakongPaymentResponse(paymentId=null, bookingId=16, amount=1, currency=USD, transactionId=BOOK-16, q (truncated)...]
2026-09-15T12:04:56.679+07:00 DEBUG 21060 --- [vehicles_rental] [nio-8080-exec-5] o.s.web.servlet.DispatcherServlet        : Completed 200 OK
2026-09-15T12:04:56.724+07:00 DEBUG 21060 --- [vehicles_rental] [nio-8080-exec-6] org.hibernate.SQL                        : select u1_0.id,u1_0.email,u1_0.gender,u1_0.is_active,u1_0.name,u1_0.profile_image,u1_0.pwd,u1_0.role,u1_0.tell from tb_users u1_0 where u1_0.email=?
Hibernate: select u1_0.id,u1_0.email,u1_0.gender,u1_0.is_active,u1_0.name,u1_0.profile_image,u1_0.pwd,u1_0.role,u1_0.tell from tb_users u1_0 where u1_0.email=?
2026-09-15T12:04:56.725+07:00 DEBUG 21060 --- [vehicles_rental] [nio-8080-exec-6] org.hibernate.SQL                        : select o1_0.id,o1_0.expiry_time,o1_0.otp,u1_0.id,u1_0.email,u1_0.gender,u1_0.is_active,u1_0.name,u1_0.profile_image,u1_0.pwd,u1_0.role,u1_0.tell,o1_0.verified from otp o1_0 left join tb_users u1_0 on u1_0.id=o1_0.user_id where o1_0.user_id=?
Hibernate: select o1_0.id,o1_0.expiry_time,o1_0.otp,u1_0.id,u1_0.email,u1_0.gender,u1_0.is_active,u1_0.name,u1_0.profile_image,u1_0.pwd,u1_0.role,u1_0.tell,o1_0.verified from otp o1_0 left join tb_users u1_0 on u1_0.id=o1_0.user_id where o1_0.user_id=?
2026-09-15T12:04:56.728+07:00 DEBUG 21060 --- [vehicles_rental] [nio-8080-exec-6] o.s.web.servlet.DispatcherServlet        : GET "/api/payments/bakong/scan-status?reference=3cdcd8122d4a5da43b93917fb6ed8455&amount=1&currency=USD", parameters={masked}
2026-09-15T12:04:56.728+07:00 DEBUG 21060 --- [vehicles_rental] [nio-8080-exec-6] s.w.s.m.m.a.RequestMappingHandlerMapping : Mapped to org.example.vehicles_rental.controller.PaymentController#checkBakongScanPayment(String, BigDecimal, String)
2026-09-15T12:04:56.729+07:00 DEBUG 21060 --- [vehicles_rental] [nio-8080-exec-6] o.s.web.client.RestTemplate              : HTTP POST https://api-bakong.nbc.gov.kh/v1/check_transaction_by_md5
2026-09-15T12:04:56.729+07:00 DEBUG 21060 --- [vehicles_rental] [nio-8080-exec-6] o.s.web.client.RestTemplate              : Accept=[application/json, application/*+json]
2026-09-15T12:04:56.730+07:00 DEBUG 21060 --- [vehicles_rental] [nio-8080-exec-6] o.s.web.client.RestTemplate              : Writing [{md5=3cdcd8122d4a5da43b93917fb6ed8455}] as "application/json"
2026-09-15T12:04:57.255+07:00 DEBUG 21060 --- [vehicles_rental] [nio-8080-exec-6] o.s.web.client.RestTemplate              : Response 200 OK
2026-09-15T12:04:57.255+07:00 DEBUG 21060 --- [vehicles_rental] [nio-8080-exec-6] o.s.web.client.RestTemplate              : Reading to [java.util.Map<java.lang.String, java.lang.Object>]
2026-09-15T12:04:57.256+07:00 DEBUG 21060 --- [vehicles_rental] [nio-8080-exec-6] o.s.w.s.m.m.a.HttpEntityMethodProcessor  : Using 'application/json', given [application/json, text/plain, */*] and supported [application/json, application/*+json]
2026-09-15T12:04:57.257+07:00 DEBUG 21060 --- [vehicles_rental] [nio-8080-exec-6] o.s.w.s.m.m.a.HttpEntityMethodProcessor  : Writing [BakongPaymentResponse(paymentId=null, bookingId=null, amount=null, currency=null, transactionId=null (truncated)...]
2026-09-15T12:04:57.258+07:00 DEBUG 21060 --- [vehicles_rental] [nio-8080-exec-6] o.s.web.servlet.DispatcherServlet        : Completed 200 OK
2026-09-15T12:05:01.727+07:00 DEBUG 21060 --- [vehicles_rental] [nio-8080-exec-8] org.hibernate.SQL                        : select u1_0.id,u1_0.email,u1_0.gender,u1_0.is_active,u1_0.name,u1_0.profile_image,u1_0.pwd,u1_0.role,u1_0.tell from tb_users u1_0 where u1_0.email=?
Hibernate: select u1_0.id,u1_0.email,u1_0.gender,u1_0.is_active,u1_0.name,u1_0.profile_image,u1_0.pwd,u1_0.role,u1_0.tell from tb_users u1_0 where u1_0.email=?
2026-09-15T12:05:01.728+07:00 DEBUG 21060 --- [vehicles_rental] [nio-8080-exec-8] org.hibernate.SQL                        : select o1_0.id,o1_0.expiry_time,o1_0.otp,u1_0.id,u1_0.email,u1_0.gender,u1_0.is_active,u1_0.name,u1_0.profile_image,u1_0.pwd,u1_0.role,u1_0.tell,o1_0.verified from otp o1_0 left join tb_users u1_0 on u1_0.id=o1_0.user_id where o1_0.user_id=?
Hibernate: select o1_0.id,o1_0.expiry_time,o1_0.otp,u1_0.id,u1_0.email,u1_0.gender,u1_0.is_active,u1_0.name,u1_0.profile_image,u1_0.pwd,u1_0.role,u1_0.tell,o1_0.verified from otp o1_0 left join tb_users u1_0 on u1_0.id=o1_0.user_id where o1_0.user_id=?
2026-09-15T12:05:01.729+07:00 DEBUG 21060 --- [vehicles_rental] [nio-8080-exec-8] o.s.web.servlet.DispatcherServlet        : GET "/api/payments/bakong/scan-status?reference=3cdcd8122d4a5da43b93917fb6ed8455&amount=1&currency=USD", parameters={masked}
2026-09-15T12:05:01.729+07:00 DEBUG 21060 --- [vehicles_rental] [nio-8080-exec-8] s.w.s.m.m.a.RequestMappingHandlerMapping : Mapped to org.example.vehicles_rental.controller.PaymentController#checkBakongScanPayment(String, BigDecimal, String)
2026-09-15T12:05:01.730+07:00 DEBUG 21060 --- [vehicles_rental] [nio-8080-exec-8] o.s.web.client.RestTemplate              : HTTP POST https://api-bakong.nbc.gov.kh/v1/check_transaction_by_md5
2026-09-15T12:05:01.730+07:00 DEBUG 21060 --- [vehicles_rental] [nio-8080-exec-8] o.s.web.client.RestTemplate              : Accept=[application/json, application/*+json]
2026-09-15T12:05:01.730+07:00 DEBUG 21060 --- [vehicles_rental] [nio-8080-exec-8] o.s.web.client.RestTemplate              : Writing [{md5=3cdcd8122d4a5da43b93917fb6ed8455}] as "application/json"
2026-09-15T12:05:01.962+07:00 DEBUG 21060 --- [vehicles_rental] [nio-8080-exec-8] o.s.web.client.RestTemplate              : Response 200 OK
2026-09-15T12:05:01.962+07:00 DEBUG 21060 --- [vehicles_rental] [nio-8080-exec-8] o.s.web.client.RestTemplate              : Reading to [java.util.Map<java.lang.String, java.lang.Object>]
2026-09-15T12:05:01.962+07:00 DEBUG 21060 --- [vehicles_rental] [nio-8080-exec-8] o.s.w.s.m.m.a.HttpEntityMethodProcessor  : Using 'application/json', given [application/json, text/plain, */*] and supported [application/json, application/*+json]
2026-09-15T12:05:01.962+07:00 DEBUG 21060 --- [vehicles_rental] [nio-8080-exec-8] o.s.w.s.m.m.a.HttpEntityMethodProcessor  : Writing [BakongPaymentResponse(paymentId=null, bookingId=null, amount=null, currency=null, transactionId=null (truncated)...]
2026-09-15T12:05:01.962+07:00 DEBUG 21060 --- [vehicles_rental] [nio-8080-exec-8] o.s.web.servlet.DispatcherServlet        : Completed 200 OK
2026-09-15T12:05:06.735+07:00 DEBUG 21060 --- [vehicles_rental] [io-8080-exec-10] org.hibernate.SQL                        : select u1_0.id,u1_0.email,u1_0.gender,u1_0.is_active,u1_0.name,u1_0.profile_image,u1_0.pwd,u1_0.role,u1_0.tell from tb_users u1_0 where u1_0.email=?
Hibernate: select u1_0.id,u1_0.email,u1_0.gender,u1_0.is_active,u1_0.name,u1_0.profile_image,u1_0.pwd,u1_0.role,u1_0.tell from tb_users u1_0 where u1_0.email=?
2026-09-15T12:05:06.735+07:00 DEBUG 21060 --- [vehicles_rental] [io-8080-exec-10] org.hibernate.SQL                        : select o1_0.id,o1_0.expiry_time,o1_0.otp,u1_0.id,u1_0.email,u1_0.gender,u1_0.is_active,u1_0.name,u1_0.profile_image,u1_0.pwd,u1_0.role,u1_0.tell,o1_0.verified from otp o1_0 left join tb_users u1_0 on u1_0.id=o1_0.user_id where o1_0.user_id=?
Hibernate: select o1_0.id,o1_0.expiry_time,o1_0.otp,u1_0.id,u1_0.email,u1_0.gender,u1_0.is_active,u1_0.name,u1_0.profile_image,u1_0.pwd,u1_0.role,u1_0.tell,o1_0.verified from otp o1_0 left join tb_users u1_0 on u1_0.id=o1_0.user_id where o1_0.user_id=?
2026-09-15T12:05:06.738+07:00 DEBUG 21060 --- [vehicles_rental] [io-8080-exec-10] o.s.web.servlet.DispatcherServlet        : GET "/api/payments/bakong/scan-status?reference=3cdcd8122d4a5da43b93917fb6ed8455&amount=1&currency=USD", parameters={masked}
2026-09-15T12:05:06.738+07:00 DEBUG 21060 --- [vehicles_rental] [io-8080-exec-10] s.w.s.m.m.a.RequestMappingHandlerMapping : Mapped to org.example.vehicles_rental.controller.PaymentController#checkBakongScanPayment(String, BigDecimal, String)
2026-09-15T12:05:06.738+07:00 DEBUG 21060 --- [vehicles_rental] [io-8080-exec-10] o.s.web.client.RestTemplate              : HTTP POST https://api-bakong.nbc.gov.kh/v1/check_transaction_by_md5
2026-09-15T12:05:06.738+07:00 DEBUG 21060 --- [vehicles_rental] [io-8080-exec-10] o.s.web.client.RestTemplate              : Accept=[application/json, application/*+json]
2026-09-15T12:05:06.738+07:00 DEBUG 21060 --- [vehicles_rental] [io-8080-exec-10] o.s.web.client.RestTemplate              : Writing [{md5=3cdcd8122d4a5da43b93917fb6ed8455}] as "application/json"
2026-09-15T12:05:06.956+07:00 DEBUG 21060 --- [vehicles_rental] [io-8080-exec-10] o.s.web.client.RestTemplate              : Response 200 OK
2026-09-15T12:05:06.956+07:00 DEBUG 21060 --- [vehicles_rental] [io-8080-exec-10] o.s.web.client.RestTemplate              : Reading to [java.util.Map<java.lang.String, java.lang.Object>]
2026-09-15T12:05:06.956+07:00 DEBUG 21060 --- [vehicles_rental] [io-8080-exec-10] o.s.w.s.m.m.a.HttpEntityMethodProcessor  : Using 'application/json', given [application/json, text/plain, */*] and supported [application/json, application/*+json]
2026-09-15T12:05:06.958+07:00 DEBUG 21060 --- [vehicles_rental] [io-8080-exec-10] o.s.w.s.m.m.a.HttpEntityMethodProcessor  : Writing [BakongPaymentResponse(paymentId=null, bookingId=null, amount=null, currency=null, transactionId=null (truncated)...]
2026-09-15T12:05:06.958+07:00 DEBUG 21060 --- [vehicles_rental] [io-8080-exec-10] o.s.web.servlet.DispatcherServlet        : Completed 200 OK
2026-09-15T12:05:11.723+07:00 DEBUG 21060 --- [vehicles_rental] [nio-8080-exec-9] org.hibernate.SQL                        : select u1_0.id,u1_0.email,u1_0.gender,u1_0.is_active,u1_0.name,u1_0.profile_image,u1_0.pwd,u1_0.role,u1_0.tell from tb_users u1_0 where u1_0.email=?
Hibernate: select u1_0.id,u1_0.email,u1_0.gender,u1_0.is_active,u1_0.name,u1_0.profile_image,u1_0.pwd,u1_0.role,u1_0.tell from tb_users u1_0 where u1_0.email=?
2026-09-15T12:05:11.723+07:00 DEBUG 21060 --- [vehicles_rental] [nio-8080-exec-9] org.hibernate.SQL                        : select o1_0.id,o1_0.expiry_time,o1_0.otp,u1_0.id,u1_0.email,u1_0.gender,u1_0.is_active,u1_0.name,u1_0.profile_image,u1_0.pwd,u1_0.role,u1_0.tell,o1_0.verified from otp o1_0 left join tb_users u1_0 on u1_0.id=o1_0.user_id where o1_0.user_id=?
Hibernate: select o1_0.id,o1_0.expiry_time,o1_0.otp,u1_0.id,u1_0.email,u1_0.gender,u1_0.is_active,u1_0.name,u1_0.profile_image,u1_0.pwd,u1_0.role,u1_0.tell,o1_0.verified from otp o1_0 left join tb_users u1_0 on u1_0.id=o1_0.user_id where o1_0.user_id=?
2026-09-15T12:05:11.723+07:00 DEBUG 21060 --- [vehicles_rental] [nio-8080-exec-9] o.s.web.servlet.DispatcherServlet        : GET "/api/payments/bakong/scan-status?reference=3cdcd8122d4a5da43b93917fb6ed8455&amount=1&currency=USD", parameters={masked}
2026-09-15T12:05:11.723+07:00 DEBUG 21060 --- [vehicles_rental] [nio-8080-exec-9] s.w.s.m.m.a.RequestMappingHandlerMapping : Mapped to org.example.vehicles_rental.controller.PaymentController#checkBakongScanPayment(String, BigDecimal, String)
2026-09-15T12:05:11.723+07:00 DEBUG 21060 --- [vehicles_rental] [nio-8080-exec-9] o.s.web.client.RestTemplate              : HTTP POST https://api-bakong.nbc.gov.kh/v1/check_transaction_by_md5
2026-09-15T12:05:11.723+07:00 DEBUG 21060 --- [vehicles_rental] [nio-8080-exec-9] o.s.web.client.RestTemplate              : Accept=[application/json, application/*+json]
2026-09-15T12:05:11.723+07:00 DEBUG 21060 --- [vehicles_rental] [nio-8080-exec-9] o.s.web.client.RestTemplate              : Writing [{md5=3cdcd8122d4a5da43b93917fb6ed8455}] as "application/json"
2026-09-15T12:05:11.955+07:00 DEBUG 21060 --- [vehicles_rental] [nio-8080-exec-9] o.s.web.client.RestTemplate              : Response 200 OK
2026-09-15T12:05:11.956+07:00 DEBUG 21060 --- [vehicles_rental] [nio-8080-exec-9] o.s.web.client.RestTemplate              : Reading to [java.util.Map<java.lang.String, java.lang.Object>]
2026-09-15T12:05:11.956+07:00 DEBUG 21060 --- [vehicles_rental] [nio-8080-exec-9] o.s.w.s.m.m.a.HttpEntityMethodProcessor  : Using 'application/json', given [application/json, text/plain, */*] and supported [application/json, application/*+json]
2026-09-15T12:05:11.956+07:00 DEBUG 21060 --- [vehicles_rental] [nio-8080-exec-9] o.s.w.s.m.m.a.HttpEntityMethodProcessor  : Writing [BakongPaymentResponse(paymentId=null, bookingId=null, amount=1, currency=USD, transactionId=dbce6338 (truncated)...]
2026-09-15T12:05:11.956+07:00 DEBUG 21060 --- [vehicles_rental] [nio-8080-exec-9] o.s.web.servlet.DispatcherServlet        : Completed 200 OK
2026-09-15T12:05:29.191+07:00 DEBUG 21060 --- [vehicles_rental] [nio-8080-exec-2] org.hibernate.SQL                        : select u1_0.id,u1_0.email,u1_0.gender,u1_0.is_active,u1_0.name,u1_0.profile_image,u1_0.pwd,u1_0.role,u1_0.tell from tb_users u1_0 where u1_0.email=?
Hibernate: select u1_0.id,u1_0.email,u1_0.gender,u1_0.is_active,u1_0.name,u1_0.profile_image,u1_0.pwd,u1_0.role,u1_0.tell from tb_users u1_0 where u1_0.email=?
2026-09-15T12:05:29.192+07:00 DEBUG 21060 --- [vehicles_rental] [nio-8080-exec-2] org.hibernate.SQL                        : select o1_0.id,o1_0.expiry_time,o1_0.otp,u1_0.id,u1_0.email,u1_0.gender,u1_0.is_active,u1_0.name,u1_0.profile_image,u1_0.pwd,u1_0.role,u1_0.tell,o1_0.verified from otp o1_0 left join tb_users u1_0 on u1_0.id=o1_0.user_id where o1_0.user_id=?
Hibernate: select o1_0.id,o1_0.expiry_time,o1_0.otp,u1_0.id,u1_0.email,u1_0.gender,u1_0.is_active,u1_0.name,u1_0.profile_image,u1_0.pwd,u1_0.role,u1_0.tell,o1_0.verified from otp o1_0 left join tb_users u1_0 on u1_0.id=o1_0.user_id where o1_0.user_id=?
2026-09-15T12:05:29.194+07:00 DEBUG 21060 --- [vehicles_rental] [nio-8080-exec-2] o.s.web.servlet.DispatcherServlet        : GET "/api/paymentMethods", parameters={}
2026-09-15T12:05:29.194+07:00 DEBUG 21060 --- [vehicles_rental] [nio-8080-exec-2] s.w.s.m.m.a.RequestMappingHandlerMapping : Mapped to org.example.vehicles_rental.controller.PaymentMethodController#getAll()
2026-09-15T12:05:29.195+07:00 DEBUG 21060 --- [vehicles_rental] [nio-8080-exec-2] org.hibernate.SQL                        : select pm1_0.id,pm1_0.description,pm1_0.method_name,pm1_0.status from payment_methods pm1_0
Hibernate: select pm1_0.id,pm1_0.description,pm1_0.method_name,pm1_0.status from payment_methods pm1_0
2026-09-15T12:05:29.197+07:00 DEBUG 21060 --- [vehicles_rental] [nio-8080-exec-2] o.s.w.s.m.m.a.HttpEntityMethodProcessor  : Using 'application/json', given [application/json, text/plain, */*] and supported [application/json, application/*+json]
2026-09-15T12:05:29.198+07:00 DEBUG 21060 --- [vehicles_rental] [nio-8080-exec-2] o.s.w.s.m.m.a.HttpEntityMethodProcessor  : Writing [ApiResponse(msg=Payment methods retrieved successfully, status=200, data=[PaymentMethodResponse(id=1 (truncated)...]
2026-09-15T12:05:29.198+07:00 DEBUG 21060 --- [vehicles_rental] [nio-8080-exec-2] o.s.web.servlet.DispatcherServlet        : Completed 200 OK
2026-09-15T12:05:29.212+07:00 DEBUG 21060 --- [vehicles_rental] [nio-8080-exec-4] org.hibernate.SQL                        : select u1_0.id,u1_0.email,u1_0.gender,u1_0.is_active,u1_0.name,u1_0.profile_image,u1_0.pwd,u1_0.role,u1_0.tell from tb_users u1_0 where u1_0.email=?
Hibernate: select u1_0.id,u1_0.email,u1_0.gender,u1_0.is_active,u1_0.name,u1_0.profile_image,u1_0.pwd,u1_0.role,u1_0.tell from tb_users u1_0 where u1_0.email=?
2026-09-15T12:05:29.213+07:00 DEBUG 21060 --- [vehicles_rental] [nio-8080-exec-4] org.hibernate.SQL                        : select o1_0.id,o1_0.expiry_time,o1_0.otp,u1_0.id,u1_0.email,u1_0.gender,u1_0.is_active,u1_0.name,u1_0.profile_image,u1_0.pwd,u1_0.role,u1_0.tell,o1_0.verified from otp o1_0 left join tb_users u1_0 on u1_0.id=o1_0.user_id where o1_0.user_id=?
Hibernate: select o1_0.id,o1_0.expiry_time,o1_0.otp,u1_0.id,u1_0.email,u1_0.gender,u1_0.is_active,u1_0.name,u1_0.profile_image,u1_0.pwd,u1_0.role,u1_0.tell,o1_0.verified from otp o1_0 left join tb_users u1_0 on u1_0.id=o1_0.user_id where o1_0.user_id=?
2026-09-15T12:05:29.215+07:00 DEBUG 21060 --- [vehicles_rental] [nio-8080-exec-4] o.s.web.servlet.DispatcherServlet        : GET "/api/payments/bakong/scan-status?amount=1&currency=USD", parameters={masked}
2026-09-15T12:05:29.215+07:00 DEBUG 21060 --- [vehicles_rental] [nio-8080-exec-4] s.w.s.m.m.a.RequestMappingHandlerMapping : Mapped to org.example.vehicles_rental.controller.PaymentController#checkBakongScanPayment(String, BigDecimal, String)
2026-09-15T12:05:29.216+07:00 DEBUG 21060 --- [vehicles_rental] [nio-8080-exec-4] o.s.w.s.m.m.a.HttpEntityMethodProcessor  : Using 'application/json', given [application/json, text/plain, */*] and supported [application/json, application/*+json]
2026-09-15T12:05:29.216+07:00 DEBUG 21060 --- [vehicles_rental] [nio-8080-exec-4] o.s.w.s.m.m.a.HttpEntityMethodProcessor  : Writing [BakongPaymentResponse(paymentId=null, bookingId=null, amount=1, currency=USD, transactionId=null, qr (truncated)...]
2026-09-15T12:05:29.217+07:00 DEBUG 21060 --- [vehicles_rental] [nio-8080-exec-4] o.s.web.servlet.DispatcherServlet        : Completed 200 OK
2026-09-15T12:05:29.229+07:00 DEBUG 21060 --- [vehicles_rental] [nio-8080-exec-3] org.hibernate.SQL                        : select u1_0.id,u1_0.email,u1_0.gender,u1_0.is_active,u1_0.name,u1_0.profile_image,u1_0.pwd,u1_0.role,u1_0.tell from tb_users u1_0 where u1_0.email=?
Hibernate: select u1_0.id,u1_0.email,u1_0.gender,u1_0.is_active,u1_0.name,u1_0.profile_image,u1_0.pwd,u1_0.role,u1_0.tell from tb_users u1_0 where u1_0.email=?
2026-09-15T12:05:29.230+07:00 DEBUG 21060 --- [vehicles_rental] [nio-8080-exec-3] org.hibernate.SQL                        : select o1_0.id,o1_0.expiry_time,o1_0.otp,u1_0.id,u1_0.email,u1_0.gender,u1_0.is_active,u1_0.name,u1_0.profile_image,u1_0.pwd,u1_0.role,u1_0.tell,o1_0.verified from otp o1_0 left join tb_users u1_0 on u1_0.id=o1_0.user_id where o1_0.user_id=?
Hibernate: select o1_0.id,o1_0.expiry_time,o1_0.otp,u1_0.id,u1_0.email,u1_0.gender,u1_0.is_active,u1_0.name,u1_0.profile_image,u1_0.pwd,u1_0.role,u1_0.tell,o1_0.verified from otp o1_0 left join tb_users u1_0 on u1_0.id=o1_0.user_id where o1_0.user_id=?
2026-09-15T12:05:29.231+07:00 DEBUG 21060 --- [vehicles_rental] [nio-8080-exec-3] o.s.web.servlet.DispatcherServlet        : POST "/api/payments/bakong/scan-qr", parameters={}
2026-09-15T12:05:29.232+07:00 DEBUG 21060 --- [vehicles_rental] [nio-8080-exec-3] s.w.s.m.m.a.RequestMappingHandlerMapping : Mapped to org.example.vehicles_rental.controller.PaymentController#createBakongScanQr(CreatePaymentRequest)
2026-09-15T12:05:29.233+07:00 DEBUG 21060 --- [vehicles_rental] [nio-8080-exec-3] m.m.a.RequestResponseBodyMethodProcessor : Read "application/json;charset=UTF-8" to [CreatePaymentRequest(bookingId=16, paymentMethodId=null, amount=1, currency=USD)]
2026-09-15T12:05:29.235+07:00 DEBUG 21060 --- [vehicles_rental] [nio-8080-exec-3] o.s.w.s.m.m.a.HttpEntityMethodProcessor  : Using 'application/json', given [application/json, text/plain, */*] and supported [application/json, application/*+json]
2026-09-15T12:05:29.235+07:00 DEBUG 21060 --- [vehicles_rental] [nio-8080-exec-3] o.s.w.s.m.m.a.HttpEntityMethodProcessor  : Writing [BakongPaymentResponse(paymentId=null, bookingId=16, amount=1, currency=USD, transactionId=BOOK-16, q (truncated)...]
2026-09-15T12:05:29.236+07:00 DEBUG 21060 --- [vehicles_rental] [nio-8080-exec-3] o.s.web.servlet.DispatcherServlet        : Completed 200 OK
2026-09-15T12:05:29.302+07:00 DEBUG 21060 --- [vehicles_rental] [nio-8080-exec-7] org.hibernate.SQL                        : select u1_0.id,u1_0.email,u1_0.gender,u1_0.is_active,u1_0.name,u1_0.profile_image,u1_0.pwd,u1_0.role,u1_0.tell from tb_users u1_0 where u1_0.email=?
Hibernate: select u1_0.id,u1_0.email,u1_0.gender,u1_0.is_active,u1_0.name,u1_0.profile_image,u1_0.pwd,u1_0.role,u1_0.tell from tb_users u1_0 where u1_0.email=?
2026-09-15T12:05:29.302+07:00 DEBUG 21060 --- [vehicles_rental] [nio-8080-exec-7] org.hibernate.SQL                        : select o1_0.id,o1_0.expiry_time,o1_0.otp,u1_0.id,u1_0.email,u1_0.gender,u1_0.is_active,u1_0.name,u1_0.profile_image,u1_0.pwd,u1_0.role,u1_0.tell,o1_0.verified from otp o1_0 left join tb_users u1_0 on u1_0.id=o1_0.user_id where o1_0.user_id=?
Hibernate: select o1_0.id,o1_0.expiry_time,o1_0.otp,u1_0.id,u1_0.email,u1_0.gender,u1_0.is_active,u1_0.name,u1_0.profile_image,u1_0.pwd,u1_0.role,u1_0.tell,o1_0.verified from otp o1_0 left join tb_users u1_0 on u1_0.id=o1_0.user_id where o1_0.user_id=?
2026-09-15T12:05:29.304+07:00 DEBUG 21060 --- [vehicles_rental] [nio-8080-exec-7] o.s.web.servlet.DispatcherServlet        : GET "/api/payments/bakong/scan-status?reference=63c328012c52e7a5b688f13d16c798a3&amount=1&currency=USD", parameters={masked}
2026-09-15T12:05:29.304+07:00 DEBUG 21060 --- [vehicles_rental] [nio-8080-exec-7] s.w.s.m.m.a.RequestMappingHandlerMapping : Mapped to org.example.vehicles_rental.controller.PaymentController#checkBakongScanPayment(String, BigDecimal, String)
2026-09-15T12:05:29.305+07:00 DEBUG 21060 --- [vehicles_rental] [nio-8080-exec-7] o.s.web.client.RestTemplate              : HTTP POST https://api-bakong.nbc.gov.kh/v1/check_transaction_by_md5
2026-09-15T12:05:29.305+07:00 DEBUG 21060 --- [vehicles_rental] [nio-8080-exec-7] o.s.web.client.RestTemplate              : Accept=[application/json, application/*+json]
2026-09-15T12:05:29.305+07:00 DEBUG 21060 --- [vehicles_rental] [nio-8080-exec-7] o.s.web.client.RestTemplate              : Writing [{md5=63c328012c52e7a5b688f13d16c798a3}] as "application/json"
2026-09-15T12:05:29.647+07:00 DEBUG 21060 --- [vehicles_rental] [nio-8080-exec-7] o.s.web.client.RestTemplate              : Response 200 OK
2026-09-15T12:05:29.647+07:00 DEBUG 21060 --- [vehicles_rental] [nio-8080-exec-7] o.s.web.client.RestTemplate              : Reading to [java.util.Map<java.lang.String, java.lang.Object>]
2026-09-15T12:05:29.649+07:00 DEBUG 21060 --- [vehicles_rental] [nio-8080-exec-7] o.s.w.s.m.m.a.HttpEntityMethodProcessor  : Using 'application/json', given [application/json, text/plain, */*] and supported [application/json, application/*+json]
2026-09-15T12:05:29.649+07:00 DEBUG 21060 --- [vehicles_rental] [nio-8080-exec-7] o.s.w.s.m.m.a.HttpEntityMethodProcessor  : Writing [BakongPaymentResponse(paymentId=null, bookingId=null, amount=null, currency=null, transactionId=null (truncated)...]
2026-09-15T12:05:29.650+07:00 DEBUG 21060 --- [vehicles_rental] [nio-8080-exec-7] o.s.web.servlet.DispatcherServlet        : Completed 200 OK
2026-09-15T12:05:34.299+07:00 DEBUG 21060 --- [vehicles_rental] [nio-8080-exec-6] org.hibernate.SQL                        : select u1_0.id,u1_0.email,u1_0.gender,u1_0.is_active,u1_0.name,u1_0.profile_image,u1_0.pwd,u1_0.role,u1_0.tell from tb_users u1_0 where u1_0.email=?
Hibernate: select u1_0.id,u1_0.email,u1_0.gender,u1_0.is_active,u1_0.name,u1_0.profile_image,u1_0.pwd,u1_0.role,u1_0.tell from tb_users u1_0 where u1_0.email=?
2026-09-15T12:05:34.300+07:00 DEBUG 21060 --- [vehicles_rental] [nio-8080-exec-6] org.hibernate.SQL                        : select o1_0.id,o1_0.expiry_time,o1_0.otp,u1_0.id,u1_0.email,u1_0.gender,u1_0.is_active,u1_0.name,u1_0.profile_image,u1_0.pwd,u1_0.role,u1_0.tell,o1_0.verified from otp o1_0 left join tb_users u1_0 on u1_0.id=o1_0.user_id where o1_0.user_id=?
Hibernate: select o1_0.id,o1_0.expiry_time,o1_0.otp,u1_0.id,u1_0.email,u1_0.gender,u1_0.is_active,u1_0.name,u1_0.profile_image,u1_0.pwd,u1_0.role,u1_0.tell,o1_0.verified from otp o1_0 left join tb_users u1_0 on u1_0.id=o1_0.user_id where o1_0.user_id=?
2026-09-15T12:05:34.302+07:00 DEBUG 21060 --- [vehicles_rental] [nio-8080-exec-6] o.s.web.servlet.DispatcherServlet        : GET "/api/payments/bakong/scan-status?reference=63c328012c52e7a5b688f13d16c798a3&amount=1&currency=USD", parameters={masked}
2026-09-15T12:05:34.302+07:00 DEBUG 21060 --- [vehicles_rental] [nio-8080-exec-6] s.w.s.m.m.a.RequestMappingHandlerMapping : Mapped to org.example.vehicles_rental.controller.PaymentController#checkBakongScanPayment(String, BigDecimal, String)
2026-09-15T12:05:34.303+07:00 DEBUG 21060 --- [vehicles_rental] [nio-8080-exec-6] o.s.web.client.RestTemplate              : HTTP POST https://api-bakong.nbc.gov.kh/v1/check_transaction_by_md5
2026-09-15T12:05:34.303+07:00 DEBUG 21060 --- [vehicles_rental] [nio-8080-exec-6] o.s.web.client.RestTemplate              : Accept=[application/json, application/*+json]
2026-09-15T12:05:34.303+07:00 DEBUG 21060 --- [vehicles_rental] [nio-8080-exec-6] o.s.web.client.RestTemplate              : Writing [{md5=63c328012c52e7a5b688f13d16c798a3}] as "application/json"
2026-09-15T12:05:34.524+07:00 DEBUG 21060 --- [vehicles_rental] [nio-8080-exec-6] o.s.web.client.RestTemplate              : Response 200 OK
2026-09-15T12:05:34.524+07:00 DEBUG 21060 --- [vehicles_rental] [nio-8080-exec-6] o.s.web.client.RestTemplate              : Reading to [java.util.Map<java.lang.String, java.lang.Object>]
2026-09-15T12:05:34.525+07:00 DEBUG 21060 --- [vehicles_rental] [nio-8080-exec-6] o.s.w.s.m.m.a.HttpEntityMethodProcessor  : Using 'application/json', given [application/json, text/plain, */*] and supported [application/json, application/*+json]
2026-09-15T12:05:34.526+07:00 DEBUG 21060 --- [vehicles_rental] [nio-8080-exec-6] o.s.w.s.m.m.a.HttpEntityMethodProcessor  : Writing [BakongPaymentResponse(paymentId=null, bookingId=null, amount=null, currency=null, transactionId=null (truncated)...]
2026-09-15T12:05:34.527+07:00 DEBUG 21060 --- [vehicles_rental] [nio-8080-exec-6] o.s.web.servlet.DispatcherServlet        : Completed 200 OK
2026-09-15T12:05:39.300+07:00 DEBUG 21060 --- [vehicles_rental] [nio-8080-exec-8] org.hibernate.SQL                        : select u1_0.id,u1_0.email,u1_0.gender,u1_0.is_active,u1_0.name,u1_0.profile_image,u1_0.pwd,u1_0.role,u1_0.tell from tb_users u1_0 where u1_0.email=?
Hibernate: select u1_0.id,u1_0.email,u1_0.gender,u1_0.is_active,u1_0.name,u1_0.profile_image,u1_0.pwd,u1_0.role,u1_0.tell from tb_users u1_0 where u1_0.email=?
2026-09-15T12:05:39.300+07:00 DEBUG 21060 --- [vehicles_rental] [nio-8080-exec-8] org.hibernate.SQL                        : select o1_0.id,o1_0.expiry_time,o1_0.otp,u1_0.id,u1_0.email,u1_0.gender,u1_0.is_active,u1_0.name,u1_0.profile_image,u1_0.pwd,u1_0.role,u1_0.tell,o1_0.verified from otp o1_0 left join tb_users u1_0 on u1_0.id=o1_0.user_id where o1_0.user_id=?
Hibernate: select o1_0.id,o1_0.expiry_time,o1_0.otp,u1_0.id,u1_0.email,u1_0.gender,u1_0.is_active,u1_0.name,u1_0.profile_image,u1_0.pwd,u1_0.role,u1_0.tell,o1_0.verified from otp o1_0 left join tb_users u1_0 on u1_0.id=o1_0.user_id where o1_0.user_id=?
2026-09-15T12:05:39.302+07:00 DEBUG 21060 --- [vehicles_rental] [nio-8080-exec-8] o.s.web.servlet.DispatcherServlet        : GET "/api/payments/bakong/scan-status?reference=63c328012c52e7a5b688f13d16c798a3&amount=1&currency=USD", parameters={masked}
2026-09-15T12:05:39.302+07:00 DEBUG 21060 --- [vehicles_rental] [nio-8080-exec-8] s.w.s.m.m.a.RequestMappingHandlerMapping : Mapped to org.example.vehicles_rental.controller.PaymentController#checkBakongScanPayment(String, BigDecimal, String)
2026-09-15T12:05:39.302+07:00 DEBUG 21060 --- [vehicles_rental] [nio-8080-exec-8] o.s.web.client.RestTemplate              : HTTP POST https://api-bakong.nbc.gov.kh/v1/check_transaction_by_md5
2026-09-15T12:05:39.304+07:00 DEBUG 21060 --- [vehicles_rental] [nio-8080-exec-8] o.s.web.client.RestTemplate              : Accept=[application/json, application/*+json]
2026-09-15T12:05:39.304+07:00 DEBUG 21060 --- [vehicles_rental] [nio-8080-exec-8] o.s.web.client.RestTemplate              : Writing [{md5=63c328012c52e7a5b688f13d16c798a3}] as "application/json"
2026-09-15T12:05:39.623+07:00 DEBUG 21060 --- [vehicles_rental] [nio-8080-exec-8] o.s.web.client.RestTemplate              : Response 200 OK
2026-09-15T12:05:39.623+07:00 DEBUG 21060 --- [vehicles_rental] [nio-8080-exec-8] o.s.web.client.RestTemplate              : Reading to [java.util.Map<java.lang.String, java.lang.Object>]
2026-09-15T12:05:39.625+07:00 DEBUG 21060 --- [vehicles_rental] [nio-8080-exec-8] o.s.w.s.m.m.a.HttpEntityMethodProcessor  : Using 'application/json', given [application/json, text/plain, */*] and supported [application/json, application/*+json]
2026-09-15T12:05:39.625+07:00 DEBUG 21060 --- [vehicles_rental] [nio-8080-exec-8] o.s.w.s.m.m.a.HttpEntityMethodProcessor  : Writing [BakongPaymentResponse(paymentId=null, bookingId=null, amount=null, currency=null, transactionId=null (truncated)...]
2026-09-15T12:05:39.626+07:00 DEBUG 21060 --- [vehicles_rental] [nio-8080-exec-8] o.s.web.servlet.DispatcherServlet        : Completed 200 OK
2026-09-15T12:05:44.295+07:00 DEBUG 21060 --- [vehicles_rental] [io-8080-exec-10] org.hibernate.SQL                        : select u1_0.id,u1_0.email,u1_0.gender,u1_0.is_active,u1_0.name,u1_0.profile_image,u1_0.pwd,u1_0.role,u1_0.tell from tb_users u1_0 where u1_0.email=?
Hibernate: select u1_0.id,u1_0.email,u1_0.gender,u1_0.is_active,u1_0.name,u1_0.profile_image,u1_0.pwd,u1_0.role,u1_0.tell from tb_users u1_0 where u1_0.email=?
2026-09-15T12:05:44.295+07:00 DEBUG 21060 --- [vehicles_rental] [io-8080-exec-10] org.hibernate.SQL                        : select o1_0.id,o1_0.expiry_time,o1_0.otp,u1_0.id,u1_0.email,u1_0.gender,u1_0.is_active,u1_0.name,u1_0.profile_image,u1_0.pwd,u1_0.role,u1_0.tell,o1_0.verified from otp o1_0 left join tb_users u1_0 on u1_0.id=o1_0.user_id where o1_0.user_id=?
Hibernate: select o1_0.id,o1_0.expiry_time,o1_0.otp,u1_0.id,u1_0.email,u1_0.gender,u1_0.is_active,u1_0.name,u1_0.profile_image,u1_0.pwd,u1_0.role,u1_0.tell,o1_0.verified from otp o1_0 left join tb_users u1_0 on u1_0.id=o1_0.user_id where o1_0.user_id=?
2026-09-15T12:05:44.298+07:00 DEBUG 21060 --- [vehicles_rental] [io-8080-exec-10] o.s.web.servlet.DispatcherServlet        : GET "/api/payments/bakong/scan-status?reference=63c328012c52e7a5b688f13d16c798a3&amount=1&currency=USD", parameters={masked}
2026-09-15T12:05:44.298+07:00 DEBUG 21060 --- [vehicles_rental] [io-8080-exec-10] s.w.s.m.m.a.RequestMappingHandlerMapping : Mapped to org.example.vehicles_rental.controller.PaymentController#checkBakongScanPayment(String, BigDecimal, String)
2026-09-15T12:05:44.298+07:00 DEBUG 21060 --- [vehicles_rental] [io-8080-exec-10] o.s.web.client.RestTemplate              : HTTP POST https://api-bakong.nbc.gov.kh/v1/check_transaction_by_md5
2026-09-15T12:05:44.298+07:00 DEBUG 21060 --- [vehicles_rental] [io-8080-exec-10] o.s.web.client.RestTemplate              : Accept=[application/json, application/*+json]
2026-09-15T12:05:44.298+07:00 DEBUG 21060 --- [vehicles_rental] [io-8080-exec-10] o.s.web.client.RestTemplate              : Writing [{md5=63c328012c52e7a5b688f13d16c798a3}] as "application/json"
2026-09-15T12:05:44.513+07:00 DEBUG 21060 --- [vehicles_rental] [io-8080-exec-10] o.s.web.client.RestTemplate              : Response 200 OK
2026-09-15T12:05:44.513+07:00 DEBUG 21060 --- [vehicles_rental] [io-8080-exec-10] o.s.web.client.RestTemplate              : Reading to [java.util.Map<java.lang.String, java.lang.Object>]
2026-09-15T12:05:44.514+07:00 DEBUG 21060 --- [vehicles_rental] [io-8080-exec-10] o.s.w.s.m.m.a.HttpEntityMethodProcessor  : Using 'application/json', given [application/json, text/plain, */*] and supported [application/json, application/*+json]
2026-09-15T12:05:44.514+07:00 DEBUG 21060 --- [vehicles_rental] [io-8080-exec-10] o.s.w.s.m.m.a.HttpEntityMethodProcessor  : Writing [BakongPaymentResponse(paymentId=null, bookingId=null, amount=null, currency=null, transactionId=null (truncated)...]
2026-09-15T12:05:44.514+07:00 DEBUG 21060 --- [vehicles_rental] [io-8080-exec-10] o.s.web.servlet.DispatcherServlet        : Completed 200 OK
2026-09-15T12:05:49.297+07:00 DEBUG 21060 --- [vehicles_rental] [nio-8080-exec-9] org.hibernate.SQL                        : select u1_0.id,u1_0.email,u1_0.gender,u1_0.is_active,u1_0.name,u1_0.profile_image,u1_0.pwd,u1_0.role,u1_0.tell from tb_users u1_0 where u1_0.email=?
Hibernate: select u1_0.id,u1_0.email,u1_0.gender,u1_0.is_active,u1_0.name,u1_0.profile_image,u1_0.pwd,u1_0.role,u1_0.tell from tb_users u1_0 where u1_0.email=?
2026-09-15T12:05:49.297+07:00 DEBUG 21060 --- [vehicles_rental] [nio-8080-exec-9] org.hibernate.SQL                        : select o1_0.id,o1_0.expiry_time,o1_0.otp,u1_0.id,u1_0.email,u1_0.gender,u1_0.is_active,u1_0.name,u1_0.profile_image,u1_0.pwd,u1_0.role,u1_0.tell,o1_0.verified from otp o1_0 left join tb_users u1_0 on u1_0.id=o1_0.user_id where o1_0.user_id=?
Hibernate: select o1_0.id,o1_0.expiry_time,o1_0.otp,u1_0.id,u1_0.email,u1_0.gender,u1_0.is_active,u1_0.name,u1_0.profile_image,u1_0.pwd,u1_0.role,u1_0.tell,o1_0.verified from otp o1_0 left join tb_users u1_0 on u1_0.id=o1_0.user_id where o1_0.user_id=?
2026-09-15T12:05:49.298+07:00 DEBUG 21060 --- [vehicles_rental] [nio-8080-exec-9] o.s.web.servlet.DispatcherServlet        : GET "/api/payments/bakong/scan-status?reference=63c328012c52e7a5b688f13d16c798a3&amount=1&currency=USD", parameters={masked}
2026-09-15T12:05:49.298+07:00 DEBUG 21060 --- [vehicles_rental] [nio-8080-exec-9] s.w.s.m.m.a.RequestMappingHandlerMapping : Mapped to org.example.vehicles_rental.controller.PaymentController#checkBakongScanPayment(String, BigDecimal, String)
2026-09-15T12:05:49.298+07:00 DEBUG 21060 --- [vehicles_rental] [nio-8080-exec-9] o.s.web.client.RestTemplate              : HTTP POST https://api-bakong.nbc.gov.kh/v1/check_transaction_by_md5
2026-09-15T12:05:49.298+07:00 DEBUG 21060 --- [vehicles_rental] [nio-8080-exec-9] o.s.web.client.RestTemplate              : Accept=[application/json, application/*+json]
2026-09-15T12:05:49.300+07:00 DEBUG 21060 --- [vehicles_rental] [nio-8080-exec-9] o.s.web.client.RestTemplate              : Writing [{md5=63c328012c52e7a5b688f13d16c798a3}] as "application/json"
2026-09-15T12:05:49.571+07:00 DEBUG 21060 --- [vehicles_rental] [nio-8080-exec-9] o.s.web.client.RestTemplate              : Response 200 OK
2026-09-15T12:05:49.571+07:00 DEBUG 21060 --- [vehicles_rental] [nio-8080-exec-9] o.s.web.client.RestTemplate              : Reading to [java.util.Map<java.lang.String, java.lang.Object>]
2026-09-15T12:05:49.573+07:00 DEBUG 21060 --- [vehicles_rental] [nio-8080-exec-9] o.s.w.s.m.m.a.HttpEntityMethodProcessor  : Using 'application/json', given [application/json, text/plain, */*] and supported [application/json, application/*+json]
2026-09-15T12:05:49.573+07:00 DEBUG 21060 --- [vehicles_rental] [nio-8080-exec-9] o.s.w.s.m.m.a.HttpEntityMethodProcessor  : Writing [BakongPaymentResponse(paymentId=null, bookingId=null, amount=null, currency=null, transactionId=null (truncated)...]
2026-09-15T12:05:49.573+07:00 DEBUG 21060 --- [vehicles_rental] [nio-8080-exec-9] o.s.web.servlet.DispatcherServlet        : Completed 200 OK
2026-09-15T12:05:54.298+07:00 DEBUG 21060 --- [vehicles_rental] [nio-8080-exec-1] org.hibernate.SQL                        : select u1_0.id,u1_0.email,u1_0.gender,u1_0.is_active,u1_0.name,u1_0.profile_image,u1_0.pwd,u1_0.role,u1_0.tell from tb_users u1_0 where u1_0.email=?
Hibernate: select u1_0.id,u1_0.email,u1_0.gender,u1_0.is_active,u1_0.name,u1_0.profile_image,u1_0.pwd,u1_0.role,u1_0.tell from tb_users u1_0 where u1_0.email=?
2026-09-15T12:05:54.298+07:00 DEBUG 21060 --- [vehicles_rental] [nio-8080-exec-1] org.hibernate.SQL                        : select o1_0.id,o1_0.expiry_time,o1_0.otp,u1_0.id,u1_0.email,u1_0.gender,u1_0.is_active,u1_0.name,u1_0.profile_image,u1_0.pwd,u1_0.role,u1_0.tell,o1_0.verified from otp o1_0 left join tb_users u1_0 on u1_0.id=o1_0.user_id where o1_0.user_id=?
Hibernate: select o1_0.id,o1_0.expiry_time,o1_0.otp,u1_0.id,u1_0.email,u1_0.gender,u1_0.is_active,u1_0.name,u1_0.profile_image,u1_0.pwd,u1_0.role,u1_0.tell,o1_0.verified from otp o1_0 left join tb_users u1_0 on u1_0.id=o1_0.user_id where o1_0.user_id=?
2026-09-15T12:05:54.299+07:00 DEBUG 21060 --- [vehicles_rental] [nio-8080-exec-1] o.s.web.servlet.DispatcherServlet        : GET "/api/payments/bakong/scan-status?reference=63c328012c52e7a5b688f13d16c798a3&amount=1&currency=USD", parameters={masked}
2026-09-15T12:05:54.299+07:00 DEBUG 21060 --- [vehicles_rental] [nio-8080-exec-1] s.w.s.m.m.a.RequestMappingHandlerMapping : Mapped to org.example.vehicles_rental.controller.PaymentController#checkBakongScanPayment(String, BigDecimal, String)
2026-09-15T12:05:54.299+07:00 DEBUG 21060 --- [vehicles_rental] [nio-8080-exec-1] o.s.web.client.RestTemplate              : HTTP POST https://api-bakong.nbc.gov.kh/v1/check_transaction_by_md5
2026-09-15T12:05:54.299+07:00 DEBUG 21060 --- [vehicles_rental] [nio-8080-exec-1] o.s.web.client.RestTemplate              : Accept=[application/json, application/*+json]
2026-09-15T12:05:54.300+07:00 DEBUG 21060 --- [vehicles_rental] [nio-8080-exec-1] o.s.web.client.RestTemplate              : Writing [{md5=63c328012c52e7a5b688f13d16c798a3}] as "application/json"
2026-09-15T12:05:54.516+07:00 DEBUG 21060 --- [vehicles_rental] [nio-8080-exec-1] o.s.web.client.RestTemplate              : Response 200 OK
2026-09-15T12:05:54.516+07:00 DEBUG 21060 --- [vehicles_rental] [nio-8080-exec-1] o.s.web.client.RestTemplate              : Reading to [java.util.Map<java.lang.String, java.lang.Object>]
2026-09-15T12:05:54.517+07:00 DEBUG 21060 --- [vehicles_rental] [nio-8080-exec-1] o.s.w.s.m.m.a.HttpEntityMethodProcessor  : Using 'application/json', given [application/json, text/plain, */*] and supported [application/json, application/*+json]
2026-09-15T12:05:54.517+07:00 DEBUG 21060 --- [vehicles_rental] [nio-8080-exec-1] o.s.w.s.m.m.a.HttpEntityMethodProcessor  : Writing [BakongPaymentResponse(paymentId=null, bookingId=null, amount=1, currency=USD, transactionId=44dc4889 (truncated)...]
2026-09-15T12:05:54.517+07:00 DEBUG 21060 --- [vehicles_rental] [nio-8080-exec-1] o.s.web.servlet.DispatcherServlet        : Completed 200 OK
2026-09-15T12:06:47.685+07:00 DEBUG 21060 --- [vehicles_rental] [nio-8080-exec-4] org.hibernate.SQL                        : select u1_0.id,u1_0.email,u1_0.gender,u1_0.is_active,u1_0.name,u1_0.profile_image,u1_0.pwd,u1_0.role,u1_0.tell from tb_users u1_0 where u1_0.email=?
Hibernate: select u1_0.id,u1_0.email,u1_0.gender,u1_0.is_active,u1_0.name,u1_0.profile_image,u1_0.pwd,u1_0.role,u1_0.tell from tb_users u1_0 where u1_0.email=?
2026-09-15T12:06:47.686+07:00 DEBUG 21060 --- [vehicles_rental] [nio-8080-exec-4] org.hibernate.SQL                        : select o1_0.id,o1_0.expiry_time,o1_0.otp,u1_0.id,u1_0.email,u1_0.gender,u1_0.is_active,u1_0.name,u1_0.profile_image,u1_0.pwd,u1_0.role,u1_0.tell,o1_0.verified from otp o1_0 left join tb_users u1_0 on u1_0.id=o1_0.user_id where o1_0.user_id=?
Hibernate: select o1_0.id,o1_0.expiry_time,o1_0.otp,u1_0.id,u1_0.email,u1_0.gender,u1_0.is_active,u1_0.name,u1_0.profile_image,u1_0.pwd,u1_0.role,u1_0.tell,o1_0.verified from otp o1_0 left join tb_users u1_0 on u1_0.id=o1_0.user_id where o1_0.user_id=?
2026-09-15T12:06:47.689+07:00 DEBUG 21060 --- [vehicles_rental] [nio-8080-exec-4] o.s.web.servlet.DispatcherServlet        : GET "/api/bookings", parameters={}
2026-09-15T12:06:47.689+07:00 DEBUG 21060 --- [vehicles_rental] [nio-8080-exec-4] s.w.s.m.m.a.RequestMappingHandlerMapping : Mapped to org.example.vehicles_rental.controller.BookingController#getAll()
2026-09-15T12:06:47.690+07:00 DEBUG 21060 --- [vehicles_rental] [nio-8080-exec-4] org.hibernate.SQL                        : select u1_0.id,u1_0.email,u1_0.gender,u1_0.is_active,u1_0.name,u1_0.profile_image,u1_0.pwd,u1_0.role,u1_0.tell from tb_users u1_0 where u1_0.email=?
Hibernate: select u1_0.id,u1_0.email,u1_0.gender,u1_0.is_active,u1_0.name,u1_0.profile_image,u1_0.pwd,u1_0.role,u1_0.tell from tb_users u1_0 where u1_0.email=?
2026-09-15T12:06:47.692+07:00 DEBUG 21060 --- [vehicles_rental] [nio-8080-exec-4] org.hibernate.SQL                        : select o1_0.id,o1_0.expiry_time,o1_0.otp,u1_0.id,u1_0.email,u1_0.gender,u1_0.is_active,u1_0.name,u1_0.profile_image,u1_0.pwd,u1_0.role,u1_0.tell,o1_0.verified from otp o1_0 left join tb_users u1_0 on u1_0.id=o1_0.user_id where o1_0.user_id=?
Hibernate: select o1_0.id,o1_0.expiry_time,o1_0.otp,u1_0.id,u1_0.email,u1_0.gender,u1_0.is_active,u1_0.name,u1_0.profile_image,u1_0.pwd,u1_0.role,u1_0.tell,o1_0.verified from otp o1_0 left join tb_users u1_0 on u1_0.id=o1_0.user_id where o1_0.user_id=?
2026-09-15T12:06:47.694+07:00 DEBUG 21060 --- [vehicles_rental] [nio-8080-exec-4] org.hibernate.SQL                        : select b1_0.id,b1_0.created_at,b1_0.pickup_date,b1_0.return_date,b1_0.status,b1_0.total_days,b1_0.total_price,b1_0.updated_at,b1_0.user_id,b1_0.vehicle_id from bookings b1_0 where b1_0.user_id=?
Hibernate: select b1_0.id,b1_0.created_at,b1_0.pickup_date,b1_0.return_date,b1_0.status,b1_0.total_days,b1_0.total_price,b1_0.updated_at,b1_0.user_id,b1_0.vehicle_id from bookings b1_0 where b1_0.user_id=?
2026-09-15T12:06:47.696+07:00 DEBUG 21060 --- [vehicles_rental] [nio-8080-exec-4] org.hibernate.SQL                        : select v1_0.id,b1_0.id,b1_0.brand_name,b1_0.create_at,b1_0.logo,b1_0.update_at,c1_0.id,c1_0.category_name,c1_0.create_at,c1_0.description,c1_0.update_at,v1_0.create_at,v1_0.description,v1_0.fuel_type,v1_0.model,v1_0.name,v1_0.plate_number,v1_0.price_per_day,v1_0.seat,v1_0.status,v1_0.transmission,v1_0.update_at,v1_0.year from vehicles v1_0 left join brand b1_0 on b1_0.id=v1_0.brand_id left join categories c1_0 on c1_0.id=v1_0.category_id where v1_0.id=?
Hibernate: select v1_0.id,b1_0.id,b1_0.brand_name,b1_0.create_at,b1_0.logo,b1_0.update_at,c1_0.id,c1_0.category_name,c1_0.create_at,c1_0.description,c1_0.update_at,v1_0.create_at,v1_0.description,v1_0.fuel_type,v1_0.model,v1_0.name,v1_0.plate_number,v1_0.price_per_day,v1_0.seat,v1_0.status,v1_0.transmission,v1_0.update_at,v1_0.year from vehicles v1_0 left join brand b1_0 on b1_0.id=v1_0.brand_id left join categories c1_0 on c1_0.id=v1_0.category_id where v1_0.id=?
2026-09-15T12:06:47.698+07:00 DEBUG 21060 --- [vehicles_rental] [nio-8080-exec-4] org.hibernate.SQL                        : select v1_0.id,b1_0.id,b1_0.brand_name,b1_0.create_at,b1_0.logo,b1_0.update_at,c1_0.id,c1_0.category_name,c1_0.create_at,c1_0.description,c1_0.update_at,v1_0.create_at,v1_0.description,v1_0.fuel_type,v1_0.model,v1_0.name,v1_0.plate_number,v1_0.price_per_day,v1_0.seat,v1_0.status,v1_0.transmission,v1_0.update_at,v1_0.year from vehicles v1_0 left join brand b1_0 on b1_0.id=v1_0.brand_id left join categories c1_0 on c1_0.id=v1_0.category_id where v1_0.id=?
Hibernate: select v1_0.id,b1_0.id,b1_0.brand_name,b1_0.create_at,b1_0.logo,b1_0.update_at,c1_0.id,c1_0.category_name,c1_0.create_at,c1_0.description,c1_0.update_at,v1_0.create_at,v1_0.description,v1_0.fuel_type,v1_0.model,v1_0.name,v1_0.plate_number,v1_0.price_per_day,v1_0.seat,v1_0.status,v1_0.transmission,v1_0.update_at,v1_0.year from vehicles v1_0 left join brand b1_0 on b1_0.id=v1_0.brand_id left join categories c1_0 on c1_0.id=v1_0.category_id where v1_0.id=?
2026-09-15T12:06:47.699+07:00 DEBUG 21060 --- [vehicles_rental] [nio-8080-exec-4] org.hibernate.SQL                        : select v1_0.id,b1_0.id,b1_0.brand_name,b1_0.create_at,b1_0.logo,b1_0.update_at,c1_0.id,c1_0.category_name,c1_0.create_at,c1_0.description,c1_0.update_at,v1_0.create_at,v1_0.description,v1_0.fuel_type,v1_0.model,v1_0.name,v1_0.plate_number,v1_0.price_per_day,v1_0.seat,v1_0.status,v1_0.transmission,v1_0.update_at,v1_0.year from vehicles v1_0 left join brand b1_0 on b1_0.id=v1_0.brand_id left join categories c1_0 on c1_0.id=v1_0.category_id where v1_0.id=?
Hibernate: select v1_0.id,b1_0.id,b1_0.brand_name,b1_0.create_at,b1_0.logo,b1_0.update_at,c1_0.id,c1_0.category_name,c1_0.create_at,c1_0.description,c1_0.update_at,v1_0.create_at,v1_0.description,v1_0.fuel_type,v1_0.model,v1_0.name,v1_0.plate_number,v1_0.price_per_day,v1_0.seat,v1_0.status,v1_0.transmission,v1_0.update_at,v1_0.year from vehicles v1_0 left join brand b1_0 on b1_0.id=v1_0.brand_id left join categories c1_0 on c1_0.id=v1_0.category_id where v1_0.id=?
2026-09-15T12:06:47.701+07:00 DEBUG 21060 --- [vehicles_rental] [nio-8080-exec-4] org.hibernate.SQL                        : select v1_0.id,b1_0.id,b1_0.brand_name,b1_0.create_at,b1_0.logo,b1_0.update_at,c1_0.id,c1_0.category_name,c1_0.create_at,c1_0.description,c1_0.update_at,v1_0.create_at,v1_0.description,v1_0.fuel_type,v1_0.model,v1_0.name,v1_0.plate_number,v1_0.price_per_day,v1_0.seat,v1_0.status,v1_0.transmission,v1_0.update_at,v1_0.year from vehicles v1_0 left join brand b1_0 on b1_0.id=v1_0.brand_id left join categories c1_0 on c1_0.id=v1_0.category_id where v1_0.id=?
Hibernate: select v1_0.id,b1_0.id,b1_0.brand_name,b1_0.create_at,b1_0.logo,b1_0.update_at,c1_0.id,c1_0.category_name,c1_0.create_at,c1_0.description,c1_0.update_at,v1_0.create_at,v1_0.description,v1_0.fuel_type,v1_0.model,v1_0.name,v1_0.plate_number,v1_0.price_per_day,v1_0.seat,v1_0.status,v1_0.transmission,v1_0.update_at,v1_0.year from vehicles v1_0 left join brand b1_0 on b1_0.id=v1_0.brand_id left join categories c1_0 on c1_0.id=v1_0.category_id where v1_0.id=?
2026-09-15T12:06:47.702+07:00 DEBUG 21060 --- [vehicles_rental] [nio-8080-exec-4] org.hibernate.SQL                        : select v1_0.id,b1_0.id,b1_0.brand_name,b1_0.create_at,b1_0.logo,b1_0.update_at,c1_0.id,c1_0.category_name,c1_0.create_at,c1_0.description,c1_0.update_at,v1_0.create_at,v1_0.description,v1_0.fuel_type,v1_0.model,v1_0.name,v1_0.plate_number,v1_0.price_per_day,v1_0.seat,v1_0.status,v1_0.transmission,v1_0.update_at,v1_0.year from vehicles v1_0 left join brand b1_0 on b1_0.id=v1_0.brand_id left join categories c1_0 on c1_0.id=v1_0.category_id where v1_0.id=?
Hibernate: select v1_0.id,b1_0.id,b1_0.brand_name,b1_0.create_at,b1_0.logo,b1_0.update_at,c1_0.id,c1_0.category_name,c1_0.create_at,c1_0.description,c1_0.update_at,v1_0.create_at,v1_0.description,v1_0.fuel_type,v1_0.model,v1_0.name,v1_0.plate_number,v1_0.price_per_day,v1_0.seat,v1_0.status,v1_0.transmission,v1_0.update_at,v1_0.year from vehicles v1_0 left join brand b1_0 on b1_0.id=v1_0.brand_id left join categories c1_0 on c1_0.id=v1_0.category_id where v1_0.id=?
2026-09-15T12:06:47.703+07:00 DEBUG 21060 --- [vehicles_rental] [nio-8080-exec-4] org.hibernate.SQL                        : select v1_0.id,b1_0.id,b1_0.brand_name,b1_0.create_at,b1_0.logo,b1_0.update_at,c1_0.id,c1_0.category_name,c1_0.create_at,c1_0.description,c1_0.update_at,v1_0.create_at,v1_0.description,v1_0.fuel_type,v1_0.model,v1_0.name,v1_0.plate_number,v1_0.price_per_day,v1_0.seat,v1_0.status,v1_0.transmission,v1_0.update_at,v1_0.year from vehicles v1_0 left join brand b1_0 on b1_0.id=v1_0.brand_id left join categories c1_0 on c1_0.id=v1_0.category_id where v1_0.id=?
Hibernate: select v1_0.id,b1_0.id,b1_0.brand_name,b1_0.create_at,b1_0.logo,b1_0.update_at,c1_0.id,c1_0.category_name,c1_0.create_at,c1_0.description,c1_0.update_at,v1_0.create_at,v1_0.description,v1_0.fuel_type,v1_0.model,v1_0.name,v1_0.plate_number,v1_0.price_per_day,v1_0.seat,v1_0.status,v1_0.transmission,v1_0.update_at,v1_0.year from vehicles v1_0 left join brand b1_0 on b1_0.id=v1_0.brand_id left join categories c1_0 on c1_0.id=v1_0.category_id where v1_0.id=?
2026-09-15T12:06:47.705+07:00 DEBUG 21060 --- [vehicles_rental] [nio-8080-exec-4] o.s.w.s.m.m.a.HttpEntityMethodProcessor  : Using 'application/json', given [application/json, text/plain, */*] and supported [application/json, application/*+json]
2026-09-15T12:06:47.705+07:00 DEBUG 21060 --- [vehicles_rental] [nio-8080-exec-4] o.s.w.s.m.m.a.HttpEntityMethodProcessor  : Writing [ApiResponse(msg=Bookings retrieved successfully, status=200, data=[BookingResponse(id=4, userId=7, u (truncated)...]
2026-09-15T12:06:47.707+07:00 DEBUG 21060 --- [vehicles_rental] [nio-8080-exec-4] o.s.web.servlet.DispatcherServlet        : Completed 200 OK
2026-09-15T12:06:50.377+07:00 DEBUG 21060 --- [vehicles_rental] [nio-8080-exec-3] org.hibernate.SQL                        : select u1_0.id,u1_0.email,u1_0.gender,u1_0.is_active,u1_0.name,u1_0.profile_image,u1_0.pwd,u1_0.role,u1_0.tell from tb_users u1_0 where u1_0.email=?
Hibernate: select u1_0.id,u1_0.email,u1_0.gender,u1_0.is_active,u1_0.name,u1_0.profile_image,u1_0.pwd,u1_0.role,u1_0.tell from tb_users u1_0 where u1_0.email=?
2026-09-15T12:06:50.378+07:00 DEBUG 21060 --- [vehicles_rental] [nio-8080-exec-3] org.hibernate.SQL                        : select o1_0.id,o1_0.expiry_time,o1_0.otp,u1_0.id,u1_0.email,u1_0.gender,u1_0.is_active,u1_0.name,u1_0.profile_image,u1_0.pwd,u1_0.role,u1_0.tell,o1_0.verified from otp o1_0 left join tb_users u1_0 on u1_0.id=o1_0.user_id where o1_0.user_id=?
Hibernate: select o1_0.id,o1_0.expiry_time,o1_0.otp,u1_0.id,u1_0.email,u1_0.gender,u1_0.is_active,u1_0.name,u1_0.profile_image,u1_0.pwd,u1_0.role,u1_0.tell,o1_0.verified from otp o1_0 left join tb_users u1_0 on u1_0.id=o1_0.user_id where o1_0.user_id=?
2026-09-15T12:06:50.384+07:00 DEBUG 21060 --- [vehicles_rental] [nio-8080-exec-3] o.s.web.servlet.DispatcherServlet        : GET "/api/vehicle/getAll", parameters={}
2026-09-15T12:06:50.385+07:00 DEBUG 21060 --- [vehicles_rental] [nio-8080-exec-3] s.w.s.m.m.a.RequestMappingHandlerMapping : Mapped to org.example.vehicles_rental.controller.VehicleController#getAll()
2026-09-15T12:06:50.390+07:00 DEBUG 21060 --- [vehicles_rental] [nio-8080-exec-3] org.hibernate.SQL                        : select v1_0.id,v1_0.brand_id,v1_0.category_id,v1_0.create_at,v1_0.description,v1_0.fuel_type,v1_0.model,v1_0.name,v1_0.plate_number,v1_0.price_per_day,v1_0.seat,v1_0.status,v1_0.transmission,v1_0.update_at,v1_0.year from vehicles v1_0
Hibernate: select v1_0.id,v1_0.brand_id,v1_0.category_id,v1_0.create_at,v1_0.description,v1_0.fuel_type,v1_0.model,v1_0.name,v1_0.plate_number,v1_0.price_per_day,v1_0.seat,v1_0.status,v1_0.transmission,v1_0.update_at,v1_0.year from vehicles v1_0
2026-09-15T12:06:50.391+07:00 DEBUG 21060 --- [vehicles_rental] [nio-8080-exec-3] org.hibernate.SQL                        : select b1_0.id,b1_0.brand_name,b1_0.create_at,b1_0.logo,b1_0.update_at from brand b1_0 where b1_0.id=?
Hibernate: select b1_0.id,b1_0.brand_name,b1_0.create_at,b1_0.logo,b1_0.update_at from brand b1_0 where b1_0.id=?
2026-09-15T12:06:50.392+07:00 DEBUG 21060 --- [vehicles_rental] [nio-8080-exec-3] org.hibernate.SQL                        : select c1_0.id,c1_0.category_name,c1_0.create_at,c1_0.description,c1_0.update_at from categories c1_0 where c1_0.id=?
Hibernate: select c1_0.id,c1_0.category_name,c1_0.create_at,c1_0.description,c1_0.update_at from categories c1_0 where c1_0.id=?
2026-09-15T12:06:50.395+07:00 DEBUG 21060 --- [vehicles_rental] [nio-8080-exec-3] org.hibernate.SQL                        : select b1_0.id,b1_0.brand_name,b1_0.create_at,b1_0.logo,b1_0.update_at from brand b1_0 where b1_0.id=?
Hibernate: select b1_0.id,b1_0.brand_name,b1_0.create_at,b1_0.logo,b1_0.update_at from brand b1_0 where b1_0.id=?
2026-09-15T12:06:50.400+07:00 DEBUG 21060 --- [vehicles_rental] [nio-8080-exec-3] org.hibernate.SQL                        : select c1_0.id,c1_0.category_name,c1_0.create_at,c1_0.description,c1_0.update_at from categories c1_0 where c1_0.id=?
Hibernate: select c1_0.id,c1_0.category_name,c1_0.create_at,c1_0.description,c1_0.update_at from categories c1_0 where c1_0.id=?
2026-09-15T12:06:50.402+07:00 DEBUG 21060 --- [vehicles_rental] [nio-8080-exec-5] org.hibernate.SQL                        : select u1_0.id,u1_0.email,u1_0.gender,u1_0.is_active,u1_0.name,u1_0.profile_image,u1_0.pwd,u1_0.role,u1_0.tell from tb_users u1_0 where u1_0.email=?
Hibernate: select u1_0.id,u1_0.email,u1_0.gender,u1_0.is_active,u1_0.name,u1_0.profile_image,u1_0.pwd,u1_0.role,u1_0.tell from tb_users u1_0 where u1_0.email=?
2026-09-15T12:06:50.403+07:00 DEBUG 21060 --- [vehicles_rental] [nio-8080-exec-3] org.hibernate.SQL                        : select b1_0.id,b1_0.brand_name,b1_0.create_at,b1_0.logo,b1_0.update_at from brand b1_0 where b1_0.id=?
Hibernate: select b1_0.id,b1_0.brand_name,b1_0.create_at,b1_0.logo,b1_0.update_at from brand b1_0 where b1_0.id=?
2026-09-15T12:06:50.403+07:00 DEBUG 21060 --- [vehicles_rental] [nio-8080-exec-5] org.hibernate.SQL                        : select o1_0.id,o1_0.expiry_time,o1_0.otp,u1_0.id,u1_0.email,u1_0.gender,u1_0.is_active,u1_0.name,u1_0.profile_image,u1_0.pwd,u1_0.role,u1_0.tell,o1_0.verified from otp o1_0 left join tb_users u1_0 on u1_0.id=o1_0.user_id where o1_0.user_id=?
Hibernate: select o1_0.id,o1_0.expiry_time,o1_0.otp,u1_0.id,u1_0.email,u1_0.gender,u1_0.is_active,u1_0.name,u1_0.profile_image,u1_0.pwd,u1_0.role,u1_0.tell,o1_0.verified from otp o1_0 left join tb_users u1_0 on u1_0.id=o1_0.user_id where o1_0.user_id=?
2026-09-15T12:06:50.403+07:00 DEBUG 21060 --- [vehicles_rental] [nio-8080-exec-3] org.hibernate.SQL                        : select c1_0.id,c1_0.category_name,c1_0.create_at,c1_0.description,c1_0.update_at from categories c1_0 where c1_0.id=?
Hibernate: select c1_0.id,c1_0.category_name,c1_0.create_at,c1_0.description,c1_0.update_at from categories c1_0 where c1_0.id=?
2026-09-15T12:06:50.404+07:00 DEBUG 21060 --- [vehicles_rental] [nio-8080-exec-3] org.hibernate.SQL                        : select b1_0.id,b1_0.brand_name,b1_0.create_at,b1_0.logo,b1_0.update_at from brand b1_0 where b1_0.id=?
Hibernate: select b1_0.id,b1_0.brand_name,b1_0.create_at,b1_0.logo,b1_0.update_at from brand b1_0 where b1_0.id=?
2026-09-15T12:06:50.405+07:00 DEBUG 21060 --- [vehicles_rental] [nio-8080-exec-3] org.hibernate.SQL                        : select c1_0.id,c1_0.category_name,c1_0.create_at,c1_0.description,c1_0.update_at from categories c1_0 where c1_0.id=?
Hibernate: select c1_0.id,c1_0.category_name,c1_0.create_at,c1_0.description,c1_0.update_at from categories c1_0 where c1_0.id=?
2026-09-15T12:06:50.405+07:00 DEBUG 21060 --- [vehicles_rental] [nio-8080-exec-5] o.s.web.servlet.DispatcherServlet        : GET "/api/bookings", parameters={}
2026-09-15T12:06:50.405+07:00 DEBUG 21060 --- [vehicles_rental] [nio-8080-exec-5] s.w.s.m.m.a.RequestMappingHandlerMapping : Mapped to org.example.vehicles_rental.controller.BookingController#getAll()
2026-09-15T12:06:50.405+07:00 DEBUG 21060 --- [vehicles_rental] [nio-8080-exec-3] org.hibernate.SQL                        : select b1_0.id,b1_0.brand_name,b1_0.create_at,b1_0.logo,b1_0.update_at from brand b1_0 where b1_0.id=?
Hibernate: select b1_0.id,b1_0.brand_name,b1_0.create_at,b1_0.logo,b1_0.update_at from brand b1_0 where b1_0.id=?
2026-09-15T12:06:50.406+07:00 DEBUG 21060 --- [vehicles_rental] [nio-8080-exec-5] org.hibernate.SQL                        : select u1_0.id,u1_0.email,u1_0.gender,u1_0.is_active,u1_0.name,u1_0.profile_image,u1_0.pwd,u1_0.role,u1_0.tell from tb_users u1_0 where u1_0.email=?
Hibernate: select u1_0.id,u1_0.email,u1_0.gender,u1_0.is_active,u1_0.name,u1_0.profile_image,u1_0.pwd,u1_0.role,u1_0.tell from tb_users u1_0 where u1_0.email=?
2026-09-15T12:06:50.407+07:00 DEBUG 21060 --- [vehicles_rental] [nio-8080-exec-5] org.hibernate.SQL                        : select o1_0.id,o1_0.expiry_time,o1_0.otp,u1_0.id,u1_0.email,u1_0.gender,u1_0.is_active,u1_0.name,u1_0.profile_image,u1_0.pwd,u1_0.role,u1_0.tell,o1_0.verified from otp o1_0 left join tb_users u1_0 on u1_0.id=o1_0.user_id where o1_0.user_id=?
Hibernate: select o1_0.id,o1_0.expiry_time,o1_0.otp,u1_0.id,u1_0.email,u1_0.gender,u1_0.is_active,u1_0.name,u1_0.profile_image,u1_0.pwd,u1_0.role,u1_0.tell,o1_0.verified from otp o1_0 left join tb_users u1_0 on u1_0.id=o1_0.user_id where o1_0.user_id=?
2026-09-15T12:06:50.408+07:00 DEBUG 21060 --- [vehicles_rental] [nio-8080-exec-3] m.m.a.RequestResponseBodyMethodProcessor : Using 'application/json', given [application/json, text/plain, */*] and supported [application/json, application/*+json]
2026-09-15T12:06:50.408+07:00 DEBUG 21060 --- [vehicles_rental] [nio-8080-exec-3] m.m.a.RequestResponseBodyMethodProcessor : Writing [ApiResponse(msg=get all vehicles successfully, status=200, data=[VehicleResponse(id=1, category_name (truncated)...]
2026-09-15T12:06:50.409+07:00 DEBUG 21060 --- [vehicles_rental] [nio-8080-exec-3] o.s.web.servlet.DispatcherServlet        : Completed 200 OK
2026-09-15T12:06:50.410+07:00 DEBUG 21060 --- [vehicles_rental] [nio-8080-exec-5] org.hibernate.SQL                        : select b1_0.id,b1_0.created_at,b1_0.pickup_date,b1_0.return_date,b1_0.status,b1_0.total_days,b1_0.total_price,b1_0.updated_at,b1_0.user_id,b1_0.vehicle_id from bookings b1_0 where b1_0.user_id=?
Hibernate: select b1_0.id,b1_0.created_at,b1_0.pickup_date,b1_0.return_date,b1_0.status,b1_0.total_days,b1_0.total_price,b1_0.updated_at,b1_0.user_id,b1_0.vehicle_id from bookings b1_0 where b1_0.user_id=?
2026-09-15T12:06:50.412+07:00 DEBUG 21060 --- [vehicles_rental] [nio-8080-exec-5] org.hibernate.SQL                        : select v1_0.id,b1_0.id,b1_0.brand_name,b1_0.create_at,b1_0.logo,b1_0.update_at,c1_0.id,c1_0.category_name,c1_0.create_at,c1_0.description,c1_0.update_at,v1_0.create_at,v1_0.description,v1_0.fuel_type,v1_0.model,v1_0.name,v1_0.plate_number,v1_0.price_per_day,v1_0.seat,v1_0.status,v1_0.transmission,v1_0.update_at,v1_0.year from vehicles v1_0 left join brand b1_0 on b1_0.id=v1_0.brand_id left join categories c1_0 on c1_0.id=v1_0.category_id where v1_0.id=?
Hibernate: select v1_0.id,b1_0.id,b1_0.brand_name,b1_0.create_at,b1_0.logo,b1_0.update_at,c1_0.id,c1_0.category_name,c1_0.create_at,c1_0.description,c1_0.update_at,v1_0.create_at,v1_0.description,v1_0.fuel_type,v1_0.model,v1_0.name,v1_0.plate_number,v1_0.price_per_day,v1_0.seat,v1_0.status,v1_0.transmission,v1_0.update_at,v1_0.year from vehicles v1_0 left join brand b1_0 on b1_0.id=v1_0.brand_id left join categories c1_0 on c1_0.id=v1_0.category_id where v1_0.id=?
2026-09-15T12:06:50.414+07:00 DEBUG 21060 --- [vehicles_rental] [nio-8080-exec-5] org.hibernate.SQL                        : select v1_0.id,b1_0.id,b1_0.brand_name,b1_0.create_at,b1_0.logo,b1_0.update_at,c1_0.id,c1_0.category_name,c1_0.create_at,c1_0.description,c1_0.update_at,v1_0.create_at,v1_0.description,v1_0.fuel_type,v1_0.model,v1_0.name,v1_0.plate_number,v1_0.price_per_day,v1_0.seat,v1_0.status,v1_0.transmission,v1_0.update_at,v1_0.year from vehicles v1_0 left join brand b1_0 on b1_0.id=v1_0.brand_id left join categories c1_0 on c1_0.id=v1_0.category_id where v1_0.id=?
Hibernate: select v1_0.id,b1_0.id,b1_0.brand_name,b1_0.create_at,b1_0.logo,b1_0.update_at,c1_0.id,c1_0.category_name,c1_0.create_at,c1_0.description,c1_0.update_at,v1_0.create_at,v1_0.description,v1_0.fuel_type,v1_0.model,v1_0.name,v1_0.plate_number,v1_0.price_per_day,v1_0.seat,v1_0.status,v1_0.transmission,v1_0.update_at,v1_0.year from vehicles v1_0 left join brand b1_0 on b1_0.id=v1_0.brand_id left join categories c1_0 on c1_0.id=v1_0.category_id where v1_0.id=?
2026-09-15T12:06:50.415+07:00 DEBUG 21060 --- [vehicles_rental] [nio-8080-exec-5] org.hibernate.SQL                        : select v1_0.id,b1_0.id,b1_0.brand_name,b1_0.create_at,b1_0.logo,b1_0.update_at,c1_0.id,c1_0.category_name,c1_0.create_at,c1_0.description,c1_0.update_at,v1_0.create_at,v1_0.description,v1_0.fuel_type,v1_0.model,v1_0.name,v1_0.plate_number,v1_0.price_per_day,v1_0.seat,v1_0.status,v1_0.transmission,v1_0.update_at,v1_0.year from vehicles v1_0 left join brand b1_0 on b1_0.id=v1_0.brand_id left join categories c1_0 on c1_0.id=v1_0.category_id where v1_0.id=?
Hibernate: select v1_0.id,b1_0.id,b1_0.brand_name,b1_0.create_at,b1_0.logo,b1_0.update_at,c1_0.id,c1_0.category_name,c1_0.create_at,c1_0.description,c1_0.update_at,v1_0.create_at,v1_0.description,v1_0.fuel_type,v1_0.model,v1_0.name,v1_0.plate_number,v1_0.price_per_day,v1_0.seat,v1_0.status,v1_0.transmission,v1_0.update_at,v1_0.year from vehicles v1_0 left join brand b1_0 on b1_0.id=v1_0.brand_id left join categories c1_0 on c1_0.id=v1_0.category_id where v1_0.id=?
2026-09-15T12:06:50.417+07:00 DEBUG 21060 --- [vehicles_rental] [nio-8080-exec-5] org.hibernate.SQL                        : select v1_0.id,b1_0.id,b1_0.brand_name,b1_0.create_at,b1_0.logo,b1_0.update_at,c1_0.id,c1_0.category_name,c1_0.create_at,c1_0.description,c1_0.update_at,v1_0.create_at,v1_0.description,v1_0.fuel_type,v1_0.model,v1_0.name,v1_0.plate_number,v1_0.price_per_day,v1_0.seat,v1_0.status,v1_0.transmission,v1_0.update_at,v1_0.year from vehicles v1_0 left join brand b1_0 on b1_0.id=v1_0.brand_id left join categories c1_0 on c1_0.id=v1_0.category_id where v1_0.id=?
Hibernate: select v1_0.id,b1_0.id,b1_0.brand_name,b1_0.create_at,b1_0.logo,b1_0.update_at,c1_0.id,c1_0.category_name,c1_0.create_at,c1_0.description,c1_0.update_at,v1_0.create_at,v1_0.description,v1_0.fuel_type,v1_0.model,v1_0.name,v1_0.plate_number,v1_0.price_per_day,v1_0.seat,v1_0.status,v1_0.transmission,v1_0.update_at,v1_0.year from vehicles v1_0 left join brand b1_0 on b1_0.id=v1_0.brand_id left join categories c1_0 on c1_0.id=v1_0.category_id where v1_0.id=?
2026-09-15T12:06:50.418+07:00 DEBUG 21060 --- [vehicles_rental] [nio-8080-exec-5] org.hibernate.SQL                        : select v1_0.id,b1_0.id,b1_0.brand_name,b1_0.create_at,b1_0.logo,b1_0.update_at,c1_0.id,c1_0.category_name,c1_0.create_at,c1_0.description,c1_0.update_at,v1_0.create_at,v1_0.description,v1_0.fuel_type,v1_0.model,v1_0.name,v1_0.plate_number,v1_0.price_per_day,v1_0.seat,v1_0.status,v1_0.transmission,v1_0.update_at,v1_0.year from vehicles v1_0 left join brand b1_0 on b1_0.id=v1_0.brand_id left join categories c1_0 on c1_0.id=v1_0.category_id where v1_0.id=?
Hibernate: select v1_0.id,b1_0.id,b1_0.brand_name,b1_0.create_at,b1_0.logo,b1_0.update_at,c1_0.id,c1_0.category_name,c1_0.create_at,c1_0.description,c1_0.update_at,v1_0.create_at,v1_0.description,v1_0.fuel_type,v1_0.model,v1_0.name,v1_0.plate_number,v1_0.price_per_day,v1_0.seat,v1_0.status,v1_0.transmission,v1_0.update_at,v1_0.year from vehicles v1_0 left join brand b1_0 on b1_0.id=v1_0.brand_id left join categories c1_0 on c1_0.id=v1_0.category_id where v1_0.id=?
2026-09-15T12:06:50.419+07:00 DEBUG 21060 --- [vehicles_rental] [nio-8080-exec-5] org.hibernate.SQL                        : select v1_0.id,b1_0.id,b1_0.brand_name,b1_0.create_at,b1_0.logo,b1_0.update_at,c1_0.id,c1_0.category_name,c1_0.create_at,c1_0.description,c1_0.update_at,v1_0.create_at,v1_0.description,v1_0.fuel_type,v1_0.model,v1_0.name,v1_0.plate_number,v1_0.price_per_day,v1_0.seat,v1_0.status,v1_0.transmission,v1_0.update_at,v1_0.year from vehicles v1_0 left join brand b1_0 on b1_0.id=v1_0.brand_id left join categories c1_0 on c1_0.id=v1_0.category_id where v1_0.id=?
Hibernate: select v1_0.id,b1_0.id,b1_0.brand_name,b1_0.create_at,b1_0.logo,b1_0.update_at,c1_0.id,c1_0.category_name,c1_0.create_at,c1_0.description,c1_0.update_at,v1_0.create_at,v1_0.description,v1_0.fuel_type,v1_0.model,v1_0.name,v1_0.plate_number,v1_0.price_per_day,v1_0.seat,v1_0.status,v1_0.transmission,v1_0.update_at,v1_0.year from vehicles v1_0 left join brand b1_0 on b1_0.id=v1_0.brand_id left join categories c1_0 on c1_0.id=v1_0.category_id where v1_0.id=?
2026-09-15T12:06:50.421+07:00 DEBUG 21060 --- [vehicles_rental] [nio-8080-exec-5] o.s.w.s.m.m.a.HttpEntityMethodProcessor  : Using 'application/json', given [application/json, text/plain, */*] and supported [application/json, application/*+json]
2026-09-15T12:06:50.421+07:00 DEBUG 21060 --- [vehicles_rental] [nio-8080-exec-5] o.s.w.s.m.m.a.HttpEntityMethodProcessor  : Writing [ApiResponse(msg=Bookings retrieved successfully, status=200, data=[BookingResponse(id=4, userId=7, u (truncated)...]
2026-09-15T12:06:50.422+07:00 DEBUG 21060 --- [vehicles_rental] [nio-8080-exec-5] o.s.web.servlet.DispatcherServlet        : Completed 200 OK
2026-09-15T12:06:54.876+07:00 DEBUG 21060 --- [vehicles_rental] [nio-8080-exec-7] org.hibernate.SQL                        : select u1_0.id,u1_0.email,u1_0.gender,u1_0.is_active,u1_0.name,u1_0.profile_image,u1_0.pwd,u1_0.role,u1_0.tell from tb_users u1_0 where u1_0.email=?
Hibernate: select u1_0.id,u1_0.email,u1_0.gender,u1_0.is_active,u1_0.name,u1_0.profile_image,u1_0.pwd,u1_0.role,u1_0.tell from tb_users u1_0 where u1_0.email=?
2026-09-15T12:06:54.876+07:00 DEBUG 21060 --- [vehicles_rental] [nio-8080-exec-7] org.hibernate.SQL                        : select o1_0.id,o1_0.expiry_time,o1_0.otp,u1_0.id,u1_0.email,u1_0.gender,u1_0.is_active,u1_0.name,u1_0.profile_image,u1_0.pwd,u1_0.role,u1_0.tell,o1_0.verified from otp o1_0 left join tb_users u1_0 on u1_0.id=o1_0.user_id where o1_0.user_id=?
Hibernate: select o1_0.id,o1_0.expiry_time,o1_0.otp,u1_0.id,u1_0.email,u1_0.gender,u1_0.is_active,u1_0.name,u1_0.profile_image,u1_0.pwd,u1_0.role,u1_0.tell,o1_0.verified from otp o1_0 left join tb_users u1_0 on u1_0.id=o1_0.user_id where o1_0.user_id=?
2026-09-15T12:06:54.879+07:00 DEBUG 21060 --- [vehicles_rental] [nio-8080-exec-7] o.s.web.servlet.DispatcherServlet        : GET "/api/vehicle/getById/2", parameters={}
2026-09-15T12:06:54.879+07:00 DEBUG 21060 --- [vehicles_rental] [nio-8080-exec-7] s.w.s.m.m.a.RequestMappingHandlerMapping : Mapped to org.example.vehicles_rental.controller.VehicleController#getById(Long)
2026-09-15T12:06:54.881+07:00 DEBUG 21060 --- [vehicles_rental] [nio-8080-exec-7] org.hibernate.SQL                        : select v1_0.id,b1_0.id,b1_0.brand_name,b1_0.create_at,b1_0.logo,b1_0.update_at,c1_0.id,c1_0.category_name,c1_0.create_at,c1_0.description,c1_0.update_at,v1_0.create_at,v1_0.description,v1_0.fuel_type,v1_0.model,v1_0.name,v1_0.plate_number,v1_0.price_per_day,v1_0.seat,v1_0.status,v1_0.transmission,v1_0.update_at,v1_0.year from vehicles v1_0 left join brand b1_0 on b1_0.id=v1_0.brand_id left join categories c1_0 on c1_0.id=v1_0.category_id where v1_0.id=?
Hibernate: select v1_0.id,b1_0.id,b1_0.brand_name,b1_0.create_at,b1_0.logo,b1_0.update_at,c1_0.id,c1_0.category_name,c1_0.create_at,c1_0.description,c1_0.update_at,v1_0.create_at,v1_0.description,v1_0.fuel_type,v1_0.model,v1_0.name,v1_0.plate_number,v1_0.price_per_day,v1_0.seat,v1_0.status,v1_0.transmission,v1_0.update_at,v1_0.year from vehicles v1_0 left join brand b1_0 on b1_0.id=v1_0.brand_id left join categories c1_0 on c1_0.id=v1_0.category_id where v1_0.id=?
2026-09-15T12:06:54.883+07:00 DEBUG 21060 --- [vehicles_rental] [nio-8080-exec-7] m.m.a.RequestResponseBodyMethodProcessor : Using 'application/json', given [application/json, text/plain, */*] and supported [application/json, application/*+json]
2026-09-15T12:06:54.883+07:00 DEBUG 21060 --- [vehicles_rental] [nio-8080-exec-7] m.m.a.RequestResponseBodyMethodProcessor : Writing [ApiResponse(msg=get vehicle ById successfully, status=200, data=VehicleResponse(id=2, category_name= (truncated)...]
2026-09-15T12:06:54.884+07:00 DEBUG 21060 --- [vehicles_rental] [nio-8080-exec-7] o.s.web.servlet.DispatcherServlet        : Completed 200 OK
2026-09-15T12:06:56.759+07:00 DEBUG 21060 --- [vehicles_rental] [nio-8080-exec-6] org.hibernate.SQL                        : select u1_0.id,u1_0.email,u1_0.gender,u1_0.is_active,u1_0.name,u1_0.profile_image,u1_0.pwd,u1_0.role,u1_0.tell from tb_users u1_0 where u1_0.email=?
Hibernate: select u1_0.id,u1_0.email,u1_0.gender,u1_0.is_active,u1_0.name,u1_0.profile_image,u1_0.pwd,u1_0.role,u1_0.tell from tb_users u1_0 where u1_0.email=?
2026-09-15T12:06:56.760+07:00 DEBUG 21060 --- [vehicles_rental] [nio-8080-exec-6] org.hibernate.SQL                        : select o1_0.id,o1_0.expiry_time,o1_0.otp,u1_0.id,u1_0.email,u1_0.gender,u1_0.is_active,u1_0.name,u1_0.profile_image,u1_0.pwd,u1_0.role,u1_0.tell,o1_0.verified from otp o1_0 left join tb_users u1_0 on u1_0.id=o1_0.user_id where o1_0.user_id=?
Hibernate: select o1_0.id,o1_0.expiry_time,o1_0.otp,u1_0.id,u1_0.email,u1_0.gender,u1_0.is_active,u1_0.name,u1_0.profile_image,u1_0.pwd,u1_0.role,u1_0.tell,o1_0.verified from otp o1_0 left join tb_users u1_0 on u1_0.id=o1_0.user_id where o1_0.user_id=?
2026-09-15T12:06:56.762+07:00 DEBUG 21060 --- [vehicles_rental] [nio-8080-exec-6] o.s.web.servlet.DispatcherServlet        : POST "/api/bookings", parameters={}
2026-09-15T12:06:56.763+07:00 DEBUG 21060 --- [vehicles_rental] [nio-8080-exec-6] s.w.s.m.m.a.RequestMappingHandlerMapping : Mapped to org.example.vehicles_rental.controller.BookingController#create(BookingRequest)
2026-09-15T12:06:56.763+07:00 DEBUG 21060 --- [vehicles_rental] [nio-8080-exec-6] m.m.a.RequestResponseBodyMethodProcessor : Read "application/json;charset=UTF-8" to [BookingRequest(userId=null, vehicleId=2, pickupDate=2026-09-16, returnDate=2026-09-20, status=null)]
2026-09-15T12:06:56.764+07:00 DEBUG 21060 --- [vehicles_rental] [nio-8080-exec-6] org.hibernate.SQL                        : select u1_0.id,u1_0.email,u1_0.gender,u1_0.is_active,u1_0.name,u1_0.profile_image,u1_0.pwd,u1_0.role,u1_0.tell from tb_users u1_0 where u1_0.email=?
Hibernate: select u1_0.id,u1_0.email,u1_0.gender,u1_0.is_active,u1_0.name,u1_0.profile_image,u1_0.pwd,u1_0.role,u1_0.tell from tb_users u1_0 where u1_0.email=?
2026-09-15T12:06:56.765+07:00 DEBUG 21060 --- [vehicles_rental] [nio-8080-exec-6] org.hibernate.SQL                        : select o1_0.id,o1_0.expiry_time,o1_0.otp,u1_0.id,u1_0.email,u1_0.gender,u1_0.is_active,u1_0.name,u1_0.profile_image,u1_0.pwd,u1_0.role,u1_0.tell,o1_0.verified from otp o1_0 left join tb_users u1_0 on u1_0.id=o1_0.user_id where o1_0.user_id=?
Hibernate: select o1_0.id,o1_0.expiry_time,o1_0.otp,u1_0.id,u1_0.email,u1_0.gender,u1_0.is_active,u1_0.name,u1_0.profile_image,u1_0.pwd,u1_0.role,u1_0.tell,o1_0.verified from otp o1_0 left join tb_users u1_0 on u1_0.id=o1_0.user_id where o1_0.user_id=?
2026-09-15T12:06:56.766+07:00 DEBUG 21060 --- [vehicles_rental] [nio-8080-exec-6] org.hibernate.SQL                        : select v1_0.id,b1_0.id,b1_0.brand_name,b1_0.create_at,b1_0.logo,b1_0.update_at,c1_0.id,c1_0.category_name,c1_0.create_at,c1_0.description,c1_0.update_at,v1_0.create_at,v1_0.description,v1_0.fuel_type,v1_0.model,v1_0.name,v1_0.plate_number,v1_0.price_per_day,v1_0.seat,v1_0.status,v1_0.transmission,v1_0.update_at,v1_0.year from vehicles v1_0 left join brand b1_0 on b1_0.id=v1_0.brand_id left join categories c1_0 on c1_0.id=v1_0.category_id where v1_0.id=?
Hibernate: select v1_0.id,b1_0.id,b1_0.brand_name,b1_0.create_at,b1_0.logo,b1_0.update_at,c1_0.id,c1_0.category_name,c1_0.create_at,c1_0.description,c1_0.update_at,v1_0.create_at,v1_0.description,v1_0.fuel_type,v1_0.model,v1_0.name,v1_0.plate_number,v1_0.price_per_day,v1_0.seat,v1_0.status,v1_0.transmission,v1_0.update_at,v1_0.year from vehicles v1_0 left join brand b1_0 on b1_0.id=v1_0.brand_id left join categories c1_0 on c1_0.id=v1_0.category_id where v1_0.id=?
2026-09-15T12:06:56.770+07:00 DEBUG 21060 --- [vehicles_rental] [nio-8080-exec-6] org.hibernate.SQL                        : select count(b1_0.id)>0 from bookings b1_0 where b1_0.vehicle_id=? and b1_0.pickup_date<? and b1_0.return_date>? and b1_0.status in (?,?) and b1_0.user_id<>?
Hibernate: select count(b1_0.id)>0 from bookings b1_0 where b1_0.vehicle_id=? and b1_0.pickup_date<? and b1_0.return_date>? and b1_0.status in (?,?) and b1_0.user_id<>?
2026-09-15T12:06:56.773+07:00 DEBUG 21060 --- [vehicles_rental] [nio-8080-exec-6] org.hibernate.SQL                        : insert into bookings (created_at,pickup_date,return_date,status,total_days,total_price,updated_at,user_id,vehicle_id) values (?,?,?,?,?,?,?,?,?)
Hibernate: insert into bookings (created_at,pickup_date,return_date,status,total_days,total_price,updated_at,user_id,vehicle_id) values (?,?,?,?,?,?,?,?,?)
2026-09-15T12:06:56.783+07:00 DEBUG 21060 --- [vehicles_rental] [nio-8080-exec-6] org.hibernate.SQL                        : select ns1_0.id,ns1_0.booking_cancellation,ns1_0.daily_summary_report,ns1_0.low_availability_alert,ns1_0.new_booking,ns1_0.new_user_registration,ns1_0.payment_received from notification_settings ns1_0 where ns1_0.id=?
Hibernate: select ns1_0.id,ns1_0.booking_cancellation,ns1_0.daily_summary_report,ns1_0.low_availability_alert,ns1_0.new_booking,ns1_0.new_user_registration,ns1_0.payment_received from notification_settings ns1_0 where ns1_0.id=?
2026-09-15T12:06:56.787+07:00 DEBUG 21060 --- [vehicles_rental] [nio-8080-exec-6] org.hibernate.SQL                        : select u1_0.id,u1_0.email,u1_0.gender,u1_0.is_active,u1_0.name,u1_0.profile_image,u1_0.pwd,u1_0.role,u1_0.tell from tb_users u1_0 where u1_0.role=?
Hibernate: select u1_0.id,u1_0.email,u1_0.gender,u1_0.is_active,u1_0.name,u1_0.profile_image,u1_0.pwd,u1_0.role,u1_0.tell from tb_users u1_0 where u1_0.role=?
2026-09-15T12:06:56.788+07:00 DEBUG 21060 --- [vehicles_rental] [nio-8080-exec-6] o.s.w.s.m.m.a.HttpEntityMethodProcessor  : Using 'application/json', given [application/json, text/plain, */*] and supported [application/json, application/*+json]
2026-09-15T12:06:56.789+07:00 DEBUG 21060 --- [vehicles_rental] [nio-8080-exec-6] o.s.w.s.m.m.a.HttpEntityMethodProcessor  : Writing [ApiResponse(msg=Booking created successfully, status=201, data=BookingResponse(id=17, userId=7, user (truncated)...]
2026-09-15T12:06:56.790+07:00 DEBUG 21060 --- [vehicles_rental] [nio-8080-exec-6] o.s.web.servlet.DispatcherServlet        : Completed 200 OK
2026-09-15T12:06:56.855+07:00 DEBUG 21060 --- [vehicles_rental] [nio-8080-exec-8] org.hibernate.SQL                        : select u1_0.id,u1_0.email,u1_0.gender,u1_0.is_active,u1_0.name,u1_0.profile_image,u1_0.pwd,u1_0.role,u1_0.tell from tb_users u1_0 where u1_0.email=?
Hibernate: select u1_0.id,u1_0.email,u1_0.gender,u1_0.is_active,u1_0.name,u1_0.profile_image,u1_0.pwd,u1_0.role,u1_0.tell from tb_users u1_0 where u1_0.email=?
2026-09-15T12:06:56.856+07:00 DEBUG 21060 --- [vehicles_rental] [nio-8080-exec-8] org.hibernate.SQL                        : select o1_0.id,o1_0.expiry_time,o1_0.otp,u1_0.id,u1_0.email,u1_0.gender,u1_0.is_active,u1_0.name,u1_0.profile_image,u1_0.pwd,u1_0.role,u1_0.tell,o1_0.verified from otp o1_0 left join tb_users u1_0 on u1_0.id=o1_0.user_id where o1_0.user_id=?
Hibernate: select o1_0.id,o1_0.expiry_time,o1_0.otp,u1_0.id,u1_0.email,u1_0.gender,u1_0.is_active,u1_0.name,u1_0.profile_image,u1_0.pwd,u1_0.role,u1_0.tell,o1_0.verified from otp o1_0 left join tb_users u1_0 on u1_0.id=o1_0.user_id where o1_0.user_id=?
2026-09-15T12:06:56.859+07:00 DEBUG 21060 --- [vehicles_rental] [nio-8080-exec-8] o.s.web.servlet.DispatcherServlet        : GET "/api/paymentMethods", parameters={}
2026-09-15T12:06:56.859+07:00 DEBUG 21060 --- [vehicles_rental] [nio-8080-exec-8] s.w.s.m.m.a.RequestMappingHandlerMapping : Mapped to org.example.vehicles_rental.controller.PaymentMethodController#getAll()
2026-09-15T12:06:56.863+07:00 DEBUG 21060 --- [vehicles_rental] [nio-8080-exec-8] org.hibernate.SQL                        : select pm1_0.id,pm1_0.description,pm1_0.method_name,pm1_0.status from payment_methods pm1_0
Hibernate: select pm1_0.id,pm1_0.description,pm1_0.method_name,pm1_0.status from payment_methods pm1_0
2026-09-15T12:06:56.868+07:00 DEBUG 21060 --- [vehicles_rental] [nio-8080-exec-8] o.s.w.s.m.m.a.HttpEntityMethodProcessor  : Using 'application/json', given [application/json, text/plain, */*] and supported [application/json, application/*+json]
2026-09-15T12:06:56.868+07:00 DEBUG 21060 --- [vehicles_rental] [nio-8080-exec-8] o.s.w.s.m.m.a.HttpEntityMethodProcessor  : Writing [ApiResponse(msg=Payment methods retrieved successfully, status=200, data=[PaymentMethodResponse(id=1 (truncated)...]
2026-09-15T12:06:56.870+07:00 DEBUG 21060 --- [vehicles_rental] [nio-8080-exec-8] o.s.web.servlet.DispatcherServlet        : Completed 200 OK
2026-09-15T12:06:56.882+07:00 DEBUG 21060 --- [vehicles_rental] [io-8080-exec-10] org.hibernate.SQL                        : select u1_0.id,u1_0.email,u1_0.gender,u1_0.is_active,u1_0.name,u1_0.profile_image,u1_0.pwd,u1_0.role,u1_0.tell from tb_users u1_0 where u1_0.email=?
Hibernate: select u1_0.id,u1_0.email,u1_0.gender,u1_0.is_active,u1_0.name,u1_0.profile_image,u1_0.pwd,u1_0.role,u1_0.tell from tb_users u1_0 where u1_0.email=?
2026-09-15T12:06:56.882+07:00 DEBUG 21060 --- [vehicles_rental] [io-8080-exec-10] org.hibernate.SQL                        : select o1_0.id,o1_0.expiry_time,o1_0.otp,u1_0.id,u1_0.email,u1_0.gender,u1_0.is_active,u1_0.name,u1_0.profile_image,u1_0.pwd,u1_0.role,u1_0.tell,o1_0.verified from otp o1_0 left join tb_users u1_0 on u1_0.id=o1_0.user_id where o1_0.user_id=?
Hibernate: select o1_0.id,o1_0.expiry_time,o1_0.otp,u1_0.id,u1_0.email,u1_0.gender,u1_0.is_active,u1_0.name,u1_0.profile_image,u1_0.pwd,u1_0.role,u1_0.tell,o1_0.verified from otp o1_0 left join tb_users u1_0 on u1_0.id=o1_0.user_id where o1_0.user_id=?
2026-09-15T12:06:56.884+07:00 DEBUG 21060 --- [vehicles_rental] [io-8080-exec-10] o.s.web.servlet.DispatcherServlet        : GET "/api/payments/bakong/scan-status?amount=1&currency=USD", parameters={masked}
2026-09-15T12:06:56.884+07:00 DEBUG 21060 --- [vehicles_rental] [io-8080-exec-10] s.w.s.m.m.a.RequestMappingHandlerMapping : Mapped to org.example.vehicles_rental.controller.PaymentController#checkBakongScanPayment(String, BigDecimal, String)
2026-09-15T12:06:56.885+07:00 DEBUG 21060 --- [vehicles_rental] [io-8080-exec-10] o.s.w.s.m.m.a.HttpEntityMethodProcessor  : Using 'application/json', given [application/json, text/plain, */*] and supported [application/json, application/*+json]
2026-09-15T12:06:56.886+07:00 DEBUG 21060 --- [vehicles_rental] [io-8080-exec-10] o.s.w.s.m.m.a.HttpEntityMethodProcessor  : Writing [BakongPaymentResponse(paymentId=null, bookingId=null, amount=1, currency=USD, transactionId=null, qr (truncated)...]
2026-09-15T12:06:56.886+07:00 DEBUG 21060 --- [vehicles_rental] [io-8080-exec-10] o.s.web.servlet.DispatcherServlet        : Completed 200 OK
2026-09-15T12:06:56.897+07:00 DEBUG 21060 --- [vehicles_rental] [nio-8080-exec-9] org.hibernate.SQL                        : select u1_0.id,u1_0.email,u1_0.gender,u1_0.is_active,u1_0.name,u1_0.profile_image,u1_0.pwd,u1_0.role,u1_0.tell from tb_users u1_0 where u1_0.email=?
Hibernate: select u1_0.id,u1_0.email,u1_0.gender,u1_0.is_active,u1_0.name,u1_0.profile_image,u1_0.pwd,u1_0.role,u1_0.tell from tb_users u1_0 where u1_0.email=?
2026-09-15T12:06:56.897+07:00 DEBUG 21060 --- [vehicles_rental] [nio-8080-exec-9] org.hibernate.SQL                        : select o1_0.id,o1_0.expiry_time,o1_0.otp,u1_0.id,u1_0.email,u1_0.gender,u1_0.is_active,u1_0.name,u1_0.profile_image,u1_0.pwd,u1_0.role,u1_0.tell,o1_0.verified from otp o1_0 left join tb_users u1_0 on u1_0.id=o1_0.user_id where o1_0.user_id=?
Hibernate: select o1_0.id,o1_0.expiry_time,o1_0.otp,u1_0.id,u1_0.email,u1_0.gender,u1_0.is_active,u1_0.name,u1_0.profile_image,u1_0.pwd,u1_0.role,u1_0.tell,o1_0.verified from otp o1_0 left join tb_users u1_0 on u1_0.id=o1_0.user_id where o1_0.user_id=?
2026-09-15T12:06:56.899+07:00 DEBUG 21060 --- [vehicles_rental] [nio-8080-exec-9] o.s.web.servlet.DispatcherServlet        : POST "/api/payments/bakong/scan-qr", parameters={}
2026-09-15T12:06:56.899+07:00 DEBUG 21060 --- [vehicles_rental] [nio-8080-exec-9] s.w.s.m.m.a.RequestMappingHandlerMapping : Mapped to org.example.vehicles_rental.controller.PaymentController#createBakongScanQr(CreatePaymentRequest)
2026-09-15T12:06:56.899+07:00 DEBUG 21060 --- [vehicles_rental] [nio-8080-exec-9] m.m.a.RequestResponseBodyMethodProcessor : Read "application/json;charset=UTF-8" to [CreatePaymentRequest(bookingId=17, paymentMethodId=null, amount=1, currency=USD)]
2026-09-15T12:06:56.902+07:00 DEBUG 21060 --- [vehicles_rental] [nio-8080-exec-9] o.s.w.s.m.m.a.HttpEntityMethodProcessor  : Using 'application/json', given [application/json, text/plain, */*] and supported [application/json, application/*+json]
2026-09-15T12:06:56.902+07:00 DEBUG 21060 --- [vehicles_rental] [nio-8080-exec-9] o.s.w.s.m.m.a.HttpEntityMethodProcessor  : Writing [BakongPaymentResponse(paymentId=null, bookingId=17, amount=1, currency=USD, transactionId=BOOK-17, q (truncated)...]
2026-09-15T12:06:56.902+07:00 DEBUG 21060 --- [vehicles_rental] [nio-8080-exec-9] o.s.web.servlet.DispatcherServlet        : Completed 200 OK
2026-09-15T12:06:56.948+07:00 DEBUG 21060 --- [vehicles_rental] [nio-8080-exec-1] org.hibernate.SQL                        : select u1_0.id,u1_0.email,u1_0.gender,u1_0.is_active,u1_0.name,u1_0.profile_image,u1_0.pwd,u1_0.role,u1_0.tell from tb_users u1_0 where u1_0.email=?
Hibernate: select u1_0.id,u1_0.email,u1_0.gender,u1_0.is_active,u1_0.name,u1_0.profile_image,u1_0.pwd,u1_0.role,u1_0.tell from tb_users u1_0 where u1_0.email=?
2026-09-15T12:06:56.949+07:00 DEBUG 21060 --- [vehicles_rental] [nio-8080-exec-1] org.hibernate.SQL                        : select o1_0.id,o1_0.expiry_time,o1_0.otp,u1_0.id,u1_0.email,u1_0.gender,u1_0.is_active,u1_0.name,u1_0.profile_image,u1_0.pwd,u1_0.role,u1_0.tell,o1_0.verified from otp o1_0 left join tb_users u1_0 on u1_0.id=o1_0.user_id where o1_0.user_id=?
Hibernate: select o1_0.id,o1_0.expiry_time,o1_0.otp,u1_0.id,u1_0.email,u1_0.gender,u1_0.is_active,u1_0.name,u1_0.profile_image,u1_0.pwd,u1_0.role,u1_0.tell,o1_0.verified from otp o1_0 left join tb_users u1_0 on u1_0.id=o1_0.user_id where o1_0.user_id=?
2026-09-15T12:06:56.950+07:00 DEBUG 21060 --- [vehicles_rental] [nio-8080-exec-1] o.s.web.servlet.DispatcherServlet        : GET "/api/payments/bakong/scan-status?reference=81b583f913dd1dfc3cce98792ccdcbfd&amount=1&currency=USD", parameters={masked}
2026-09-15T12:06:56.951+07:00 DEBUG 21060 --- [vehicles_rental] [nio-8080-exec-1] s.w.s.m.m.a.RequestMappingHandlerMapping : Mapped to org.example.vehicles_rental.controller.PaymentController#checkBakongScanPayment(String, BigDecimal, String)
2026-09-15T12:06:56.952+07:00 DEBUG 21060 --- [vehicles_rental] [nio-8080-exec-1] o.s.web.client.RestTemplate              : HTTP POST https://api-bakong.nbc.gov.kh/v1/check_transaction_by_md5
2026-09-15T12:06:56.952+07:00 DEBUG 21060 --- [vehicles_rental] [nio-8080-exec-1] o.s.web.client.RestTemplate              : Accept=[application/json, application/*+json]
2026-09-15T12:06:56.952+07:00 DEBUG 21060 --- [vehicles_rental] [nio-8080-exec-1] o.s.web.client.RestTemplate              : Writing [{md5=81b583f913dd1dfc3cce98792ccdcbfd}] as "application/json"
2026-09-15T12:06:57.395+07:00 DEBUG 21060 --- [vehicles_rental] [nio-8080-exec-1] o.s.web.client.RestTemplate              : Response 200 OK
2026-09-15T12:06:57.395+07:00 DEBUG 21060 --- [vehicles_rental] [nio-8080-exec-1] o.s.web.client.RestTemplate              : Reading to [java.util.Map<java.lang.String, java.lang.Object>]
2026-09-15T12:06:57.396+07:00 DEBUG 21060 --- [vehicles_rental] [nio-8080-exec-1] o.s.w.s.m.m.a.HttpEntityMethodProcessor  : Using 'application/json', given [application/json, text/plain, */*] and supported [application/json, application/*+json]
2026-09-15T12:06:57.396+07:00 DEBUG 21060 --- [vehicles_rental] [nio-8080-exec-1] o.s.w.s.m.m.a.HttpEntityMethodProcessor  : Writing [BakongPaymentResponse(paymentId=null, bookingId=null, amount=null, currency=null, transactionId=null (truncated)...]
2026-09-15T12:06:57.397+07:00 DEBUG 21060 --- [vehicles_rental] [nio-8080-exec-1] o.s.web.servlet.DispatcherServlet        : Completed 200 OK
2026-09-15T12:07:01.941+07:00 DEBUG 21060 --- [vehicles_rental] [nio-8080-exec-4] org.hibernate.SQL                        : select u1_0.id,u1_0.email,u1_0.gender,u1_0.is_active,u1_0.name,u1_0.profile_image,u1_0.pwd,u1_0.role,u1_0.tell from tb_users u1_0 where u1_0.email=?
Hibernate: select u1_0.id,u1_0.email,u1_0.gender,u1_0.is_active,u1_0.name,u1_0.profile_image,u1_0.pwd,u1_0.role,u1_0.tell from tb_users u1_0 where u1_0.email=?
2026-09-15T12:07:01.941+07:00 DEBUG 21060 --- [vehicles_rental] [nio-8080-exec-4] org.hibernate.SQL                        : select o1_0.id,o1_0.expiry_time,o1_0.otp,u1_0.id,u1_0.email,u1_0.gender,u1_0.is_active,u1_0.name,u1_0.profile_image,u1_0.pwd,u1_0.role,u1_0.tell,o1_0.verified from otp o1_0 left join tb_users u1_0 on u1_0.id=o1_0.user_id where o1_0.user_id=?
Hibernate: select o1_0.id,o1_0.expiry_time,o1_0.otp,u1_0.id,u1_0.email,u1_0.gender,u1_0.is_active,u1_0.name,u1_0.profile_image,u1_0.pwd,u1_0.role,u1_0.tell,o1_0.verified from otp o1_0 left join tb_users u1_0 on u1_0.id=o1_0.user_id where o1_0.user_id=?
2026-09-15T12:07:01.943+07:00 DEBUG 21060 --- [vehicles_rental] [nio-8080-exec-4] o.s.web.servlet.DispatcherServlet        : GET "/api/payments/bakong/scan-status?reference=81b583f913dd1dfc3cce98792ccdcbfd&amount=1&currency=USD", parameters={masked}
2026-09-15T12:07:01.943+07:00 DEBUG 21060 --- [vehicles_rental] [nio-8080-exec-4] s.w.s.m.m.a.RequestMappingHandlerMapping : Mapped to org.example.vehicles_rental.controller.PaymentController#checkBakongScanPayment(String, BigDecimal, String)
2026-09-15T12:07:01.944+07:00 DEBUG 21060 --- [vehicles_rental] [nio-8080-exec-4] o.s.web.client.RestTemplate              : HTTP POST https://api-bakong.nbc.gov.kh/v1/check_transaction_by_md5
2026-09-15T12:07:01.944+07:00 DEBUG 21060 --- [vehicles_rental] [nio-8080-exec-4] o.s.web.client.RestTemplate              : Accept=[application/json, application/*+json]
2026-09-15T12:07:01.944+07:00 DEBUG 21060 --- [vehicles_rental] [nio-8080-exec-4] o.s.web.client.RestTemplate              : Writing [{md5=81b583f913dd1dfc3cce98792ccdcbfd}] as "application/json"
2026-09-15T12:07:02.165+07:00 DEBUG 21060 --- [vehicles_rental] [nio-8080-exec-4] o.s.web.client.RestTemplate              : Response 200 OK
2026-09-15T12:07:02.166+07:00 DEBUG 21060 --- [vehicles_rental] [nio-8080-exec-4] o.s.web.client.RestTemplate              : Reading to [java.util.Map<java.lang.String, java.lang.Object>]
2026-09-15T12:07:02.167+07:00 DEBUG 21060 --- [vehicles_rental] [nio-8080-exec-4] o.s.w.s.m.m.a.HttpEntityMethodProcessor  : Using 'application/json', given [application/json, text/plain, */*] and supported [application/json, application/*+json]
2026-09-15T12:07:02.167+07:00 DEBUG 21060 --- [vehicles_rental] [nio-8080-exec-4] o.s.w.s.m.m.a.HttpEntityMethodProcessor  : Writing [BakongPaymentResponse(paymentId=null, bookingId=null, amount=null, currency=null, transactionId=null (truncated)...]
2026-09-15T12:07:02.168+07:00 DEBUG 21060 --- [vehicles_rental] [nio-8080-exec-4] o.s.web.servlet.DispatcherServlet        : Completed 200 OK
2026-09-15T12:07:05.197+07:00 DEBUG 21060 --- [vehicles_rental] [nio-8080-exec-5] org.hibernate.SQL                        : select u1_0.id,u1_0.email,u1_0.gender,u1_0.is_active,u1_0.name,u1_0.profile_image,u1_0.pwd,u1_0.role,u1_0.tell from tb_users u1_0 where u1_0.email=?
Hibernate: select u1_0.id,u1_0.email,u1_0.gender,u1_0.is_active,u1_0.name,u1_0.profile_image,u1_0.pwd,u1_0.role,u1_0.tell from tb_users u1_0 where u1_0.email=?
2026-09-15T12:07:05.197+07:00 DEBUG 21060 --- [vehicles_rental] [nio-8080-exec-3] org.hibernate.SQL                        : select u1_0.id,u1_0.email,u1_0.gender,u1_0.is_active,u1_0.name,u1_0.profile_image,u1_0.pwd,u1_0.role,u1_0.tell from tb_users u1_0 where u1_0.email=?
Hibernate: select u1_0.id,u1_0.email,u1_0.gender,u1_0.is_active,u1_0.name,u1_0.profile_image,u1_0.pwd,u1_0.role,u1_0.tell from tb_users u1_0 where u1_0.email=?
2026-09-15T12:07:05.198+07:00 DEBUG 21060 --- [vehicles_rental] [nio-8080-exec-5] org.hibernate.SQL                        : select o1_0.id,o1_0.expiry_time,o1_0.otp,u1_0.id,u1_0.email,u1_0.gender,u1_0.is_active,u1_0.name,u1_0.profile_image,u1_0.pwd,u1_0.role,u1_0.tell,o1_0.verified from otp o1_0 left join tb_users u1_0 on u1_0.id=o1_0.user_id where o1_0.user_id=?
Hibernate: select o1_0.id,o1_0.expiry_time,o1_0.otp,u1_0.id,u1_0.email,u1_0.gender,u1_0.is_active,u1_0.name,u1_0.profile_image,u1_0.pwd,u1_0.role,u1_0.tell,o1_0.verified from otp o1_0 left join tb_users u1_0 on u1_0.id=o1_0.user_id where o1_0.user_id=?
2026-09-15T12:07:05.198+07:00 DEBUG 21060 --- [vehicles_rental] [nio-8080-exec-3] org.hibernate.SQL                        : select o1_0.id,o1_0.expiry_time,o1_0.otp,u1_0.id,u1_0.email,u1_0.gender,u1_0.is_active,u1_0.name,u1_0.profile_image,u1_0.pwd,u1_0.role,u1_0.tell,o1_0.verified from otp o1_0 left join tb_users u1_0 on u1_0.id=o1_0.user_id where o1_0.user_id=?
Hibernate: select o1_0.id,o1_0.expiry_time,o1_0.otp,u1_0.id,u1_0.email,u1_0.gender,u1_0.is_active,u1_0.name,u1_0.profile_image,u1_0.pwd,u1_0.role,u1_0.tell,o1_0.verified from otp o1_0 left join tb_users u1_0 on u1_0.id=o1_0.user_id where o1_0.user_id=?
2026-09-15T12:07:05.200+07:00 DEBUG 21060 --- [vehicles_rental] [nio-8080-exec-3] o.s.web.servlet.DispatcherServlet        : GET "/api/vehicle/getAll", parameters={}
2026-09-15T12:07:05.200+07:00 DEBUG 21060 --- [vehicles_rental] [nio-8080-exec-5] o.s.web.servlet.DispatcherServlet        : GET "/api/bookings", parameters={}
2026-09-15T12:07:05.200+07:00 DEBUG 21060 --- [vehicles_rental] [nio-8080-exec-3] s.w.s.m.m.a.RequestMappingHandlerMapping : Mapped to org.example.vehicles_rental.controller.VehicleController#getAll()
2026-09-15T12:07:05.200+07:00 DEBUG 21060 --- [vehicles_rental] [nio-8080-exec-5] s.w.s.m.m.a.RequestMappingHandlerMapping : Mapped to org.example.vehicles_rental.controller.BookingController#getAll()
2026-09-15T12:07:05.201+07:00 DEBUG 21060 --- [vehicles_rental] [nio-8080-exec-5] org.hibernate.SQL                        : select u1_0.id,u1_0.email,u1_0.gender,u1_0.is_active,u1_0.name,u1_0.profile_image,u1_0.pwd,u1_0.role,u1_0.tell from tb_users u1_0 where u1_0.email=?
Hibernate: select u1_0.id,u1_0.email,u1_0.gender,u1_0.is_active,u1_0.name,u1_0.profile_image,u1_0.pwd,u1_0.role,u1_0.tell from tb_users u1_0 where u1_0.email=?
2026-09-15T12:07:05.201+07:00 DEBUG 21060 --- [vehicles_rental] [nio-8080-exec-5] org.hibernate.SQL                        : select o1_0.id,o1_0.expiry_time,o1_0.otp,u1_0.id,u1_0.email,u1_0.gender,u1_0.is_active,u1_0.name,u1_0.profile_image,u1_0.pwd,u1_0.role,u1_0.tell,o1_0.verified from otp o1_0 left join tb_users u1_0 on u1_0.id=o1_0.user_id where o1_0.user_id=?
Hibernate: select o1_0.id,o1_0.expiry_time,o1_0.otp,u1_0.id,u1_0.email,u1_0.gender,u1_0.is_active,u1_0.name,u1_0.profile_image,u1_0.pwd,u1_0.role,u1_0.tell,o1_0.verified from otp o1_0 left join tb_users u1_0 on u1_0.id=o1_0.user_id where o1_0.user_id=?
2026-09-15T12:07:05.202+07:00 DEBUG 21060 --- [vehicles_rental] [nio-8080-exec-3] org.hibernate.SQL                        : select v1_0.id,v1_0.brand_id,v1_0.category_id,v1_0.create_at,v1_0.description,v1_0.fuel_type,v1_0.model,v1_0.name,v1_0.plate_number,v1_0.price_per_day,v1_0.seat,v1_0.status,v1_0.transmission,v1_0.update_at,v1_0.year from vehicles v1_0
Hibernate: select v1_0.id,v1_0.brand_id,v1_0.category_id,v1_0.create_at,v1_0.description,v1_0.fuel_type,v1_0.model,v1_0.name,v1_0.plate_number,v1_0.price_per_day,v1_0.seat,v1_0.status,v1_0.transmission,v1_0.update_at,v1_0.year from vehicles v1_0
2026-09-15T12:07:05.203+07:00 DEBUG 21060 --- [vehicles_rental] [nio-8080-exec-5] org.hibernate.SQL                        : select b1_0.id,b1_0.created_at,b1_0.pickup_date,b1_0.return_date,b1_0.status,b1_0.total_days,b1_0.total_price,b1_0.updated_at,b1_0.user_id,b1_0.vehicle_id from bookings b1_0 where b1_0.user_id=?
Hibernate: select b1_0.id,b1_0.created_at,b1_0.pickup_date,b1_0.return_date,b1_0.status,b1_0.total_days,b1_0.total_price,b1_0.updated_at,b1_0.user_id,b1_0.vehicle_id from bookings b1_0 where b1_0.user_id=?
2026-09-15T12:07:05.204+07:00 DEBUG 21060 --- [vehicles_rental] [nio-8080-exec-3] org.hibernate.SQL                        : select b1_0.id,b1_0.brand_name,b1_0.create_at,b1_0.logo,b1_0.update_at from brand b1_0 where b1_0.id=?
Hibernate: select b1_0.id,b1_0.brand_name,b1_0.create_at,b1_0.logo,b1_0.update_at from brand b1_0 where b1_0.id=?
2026-09-15T12:07:05.205+07:00 DEBUG 21060 --- [vehicles_rental] [nio-8080-exec-3] org.hibernate.SQL                        : select c1_0.id,c1_0.category_name,c1_0.create_at,c1_0.description,c1_0.update_at from categories c1_0 where c1_0.id=?
Hibernate: select c1_0.id,c1_0.category_name,c1_0.create_at,c1_0.description,c1_0.update_at from categories c1_0 where c1_0.id=?
2026-09-15T12:07:05.206+07:00 DEBUG 21060 --- [vehicles_rental] [nio-8080-exec-3] org.hibernate.SQL                        : select b1_0.id,b1_0.brand_name,b1_0.create_at,b1_0.logo,b1_0.update_at from brand b1_0 where b1_0.id=?
Hibernate: select b1_0.id,b1_0.brand_name,b1_0.create_at,b1_0.logo,b1_0.update_at from brand b1_0 where b1_0.id=?
2026-09-15T12:07:05.206+07:00 DEBUG 21060 --- [vehicles_rental] [nio-8080-exec-5] org.hibernate.SQL                        : select v1_0.id,b1_0.id,b1_0.brand_name,b1_0.create_at,b1_0.logo,b1_0.update_at,c1_0.id,c1_0.category_name,c1_0.create_at,c1_0.description,c1_0.update_at,v1_0.create_at,v1_0.description,v1_0.fuel_type,v1_0.model,v1_0.name,v1_0.plate_number,v1_0.price_per_day,v1_0.seat,v1_0.status,v1_0.transmission,v1_0.update_at,v1_0.year from vehicles v1_0 left join brand b1_0 on b1_0.id=v1_0.brand_id left join categories c1_0 on c1_0.id=v1_0.category_id where v1_0.id=?
Hibernate: select v1_0.id,b1_0.id,b1_0.brand_name,b1_0.create_at,b1_0.logo,b1_0.update_at,c1_0.id,c1_0.category_name,c1_0.create_at,c1_0.description,c1_0.update_at,v1_0.create_at,v1_0.description,v1_0.fuel_type,v1_0.model,v1_0.name,v1_0.plate_number,v1_0.price_per_day,v1_0.seat,v1_0.status,v1_0.transmission,v1_0.update_at,v1_0.year from vehicles v1_0 left join brand b1_0 on b1_0.id=v1_0.brand_id left join categories c1_0 on c1_0.id=v1_0.category_id where v1_0.id=?
2026-09-15T12:07:05.207+07:00 DEBUG 21060 --- [vehicles_rental] [nio-8080-exec-3] org.hibernate.SQL                        : select c1_0.id,c1_0.category_name,c1_0.create_at,c1_0.description,c1_0.update_at from categories c1_0 where c1_0.id=?
Hibernate: select c1_0.id,c1_0.category_name,c1_0.create_at,c1_0.description,c1_0.update_at from categories c1_0 where c1_0.id=?
2026-09-15T12:07:05.207+07:00 DEBUG 21060 --- [vehicles_rental] [nio-8080-exec-5] org.hibernate.SQL                        : select v1_0.id,b1_0.id,b1_0.brand_name,b1_0.create_at,b1_0.logo,b1_0.update_at,c1_0.id,c1_0.category_name,c1_0.create_at,c1_0.description,c1_0.update_at,v1_0.create_at,v1_0.description,v1_0.fuel_type,v1_0.model,v1_0.name,v1_0.plate_number,v1_0.price_per_day,v1_0.seat,v1_0.status,v1_0.transmission,v1_0.update_at,v1_0.year from vehicles v1_0 left join brand b1_0 on b1_0.id=v1_0.brand_id left join categories c1_0 on c1_0.id=v1_0.category_id where v1_0.id=?
Hibernate: select v1_0.id,b1_0.id,b1_0.brand_name,b1_0.create_at,b1_0.logo,b1_0.update_at,c1_0.id,c1_0.category_name,c1_0.create_at,c1_0.description,c1_0.update_at,v1_0.create_at,v1_0.description,v1_0.fuel_type,v1_0.model,v1_0.name,v1_0.plate_number,v1_0.price_per_day,v1_0.seat,v1_0.status,v1_0.transmission,v1_0.update_at,v1_0.year from vehicles v1_0 left join brand b1_0 on b1_0.id=v1_0.brand_id left join categories c1_0 on c1_0.id=v1_0.category_id where v1_0.id=?
2026-09-15T12:07:05.208+07:00 DEBUG 21060 --- [vehicles_rental] [nio-8080-exec-5] org.hibernate.SQL                        : select v1_0.id,b1_0.id,b1_0.brand_name,b1_0.create_at,b1_0.logo,b1_0.update_at,c1_0.id,c1_0.category_name,c1_0.create_at,c1_0.description,c1_0.update_at,v1_0.create_at,v1_0.description,v1_0.fuel_type,v1_0.model,v1_0.name,v1_0.plate_number,v1_0.price_per_day,v1_0.seat,v1_0.status,v1_0.transmission,v1_0.update_at,v1_0.year from vehicles v1_0 left join brand b1_0 on b1_0.id=v1_0.brand_id left join categories c1_0 on c1_0.id=v1_0.category_id where v1_0.id=?
Hibernate: select v1_0.id,b1_0.id,b1_0.brand_name,b1_0.create_at,b1_0.logo,b1_0.update_at,c1_0.id,c1_0.category_name,c1_0.create_at,c1_0.description,c1_0.update_at,v1_0.create_at,v1_0.description,v1_0.fuel_type,v1_0.model,v1_0.name,v1_0.plate_number,v1_0.price_per_day,v1_0.seat,v1_0.status,v1_0.transmission,v1_0.update_at,v1_0.year from vehicles v1_0 left join brand b1_0 on b1_0.id=v1_0.brand_id left join categories c1_0 on c1_0.id=v1_0.category_id where v1_0.id=?
2026-09-15T12:07:05.209+07:00 DEBUG 21060 --- [vehicles_rental] [nio-8080-exec-3] org.hibernate.SQL                        : select b1_0.id,b1_0.brand_name,b1_0.create_at,b1_0.logo,b1_0.update_at from brand b1_0 where b1_0.id=?
Hibernate: select b1_0.id,b1_0.brand_name,b1_0.create_at,b1_0.logo,b1_0.update_at from brand b1_0 where b1_0.id=?
2026-09-15T12:07:05.209+07:00 DEBUG 21060 --- [vehicles_rental] [nio-8080-exec-3] org.hibernate.SQL                        : select c1_0.id,c1_0.category_name,c1_0.create_at,c1_0.description,c1_0.update_at from categories c1_0 where c1_0.id=?
Hibernate: select c1_0.id,c1_0.category_name,c1_0.create_at,c1_0.description,c1_0.update_at from categories c1_0 where c1_0.id=?
2026-09-15T12:07:05.210+07:00 DEBUG 21060 --- [vehicles_rental] [nio-8080-exec-5] org.hibernate.SQL                        : select v1_0.id,b1_0.id,b1_0.brand_name,b1_0.create_at,b1_0.logo,b1_0.update_at,c1_0.id,c1_0.category_name,c1_0.create_at,c1_0.description,c1_0.update_at,v1_0.create_at,v1_0.description,v1_0.fuel_type,v1_0.model,v1_0.name,v1_0.plate_number,v1_0.price_per_day,v1_0.seat,v1_0.status,v1_0.transmission,v1_0.update_at,v1_0.year from vehicles v1_0 left join brand b1_0 on b1_0.id=v1_0.brand_id left join categories c1_0 on c1_0.id=v1_0.category_id where v1_0.id=?
Hibernate: select v1_0.id,b1_0.id,b1_0.brand_name,b1_0.create_at,b1_0.logo,b1_0.update_at,c1_0.id,c1_0.category_name,c1_0.create_at,c1_0.description,c1_0.update_at,v1_0.create_at,v1_0.description,v1_0.fuel_type,v1_0.model,v1_0.name,v1_0.plate_number,v1_0.price_per_day,v1_0.seat,v1_0.status,v1_0.transmission,v1_0.update_at,v1_0.year from vehicles v1_0 left join brand b1_0 on b1_0.id=v1_0.brand_id left join categories c1_0 on c1_0.id=v1_0.category_id where v1_0.id=?
2026-09-15T12:07:05.213+07:00 DEBUG 21060 --- [vehicles_rental] [nio-8080-exec-5] org.hibernate.SQL                        : select v1_0.id,b1_0.id,b1_0.brand_name,b1_0.create_at,b1_0.logo,b1_0.update_at,c1_0.id,c1_0.category_name,c1_0.create_at,c1_0.description,c1_0.update_at,v1_0.create_at,v1_0.description,v1_0.fuel_type,v1_0.model,v1_0.name,v1_0.plate_number,v1_0.price_per_day,v1_0.seat,v1_0.status,v1_0.transmission,v1_0.update_at,v1_0.year from vehicles v1_0 left join brand b1_0 on b1_0.id=v1_0.brand_id left join categories c1_0 on c1_0.id=v1_0.category_id where v1_0.id=?
Hibernate: select v1_0.id,b1_0.id,b1_0.brand_name,b1_0.create_at,b1_0.logo,b1_0.update_at,c1_0.id,c1_0.category_name,c1_0.create_at,c1_0.description,c1_0.update_at,v1_0.create_at,v1_0.description,v1_0.fuel_type,v1_0.model,v1_0.name,v1_0.plate_number,v1_0.price_per_day,v1_0.seat,v1_0.status,v1_0.transmission,v1_0.update_at,v1_0.year from vehicles v1_0 left join brand b1_0 on b1_0.id=v1_0.brand_id left join categories c1_0 on c1_0.id=v1_0.category_id where v1_0.id=?
2026-09-15T12:07:05.213+07:00 DEBUG 21060 --- [vehicles_rental] [nio-8080-exec-3] org.hibernate.SQL                        : select b1_0.id,b1_0.brand_name,b1_0.create_at,b1_0.logo,b1_0.update_at from brand b1_0 where b1_0.id=?
Hibernate: select b1_0.id,b1_0.brand_name,b1_0.create_at,b1_0.logo,b1_0.update_at from brand b1_0 where b1_0.id=?
2026-09-15T12:07:05.214+07:00 DEBUG 21060 --- [vehicles_rental] [nio-8080-exec-3] org.hibernate.SQL                        : select c1_0.id,c1_0.category_name,c1_0.create_at,c1_0.description,c1_0.update_at from categories c1_0 where c1_0.id=?
Hibernate: select c1_0.id,c1_0.category_name,c1_0.create_at,c1_0.description,c1_0.update_at from categories c1_0 where c1_0.id=?
2026-09-15T12:07:05.214+07:00 DEBUG 21060 --- [vehicles_rental] [nio-8080-exec-5] org.hibernate.SQL                        : select v1_0.id,b1_0.id,b1_0.brand_name,b1_0.create_at,b1_0.logo,b1_0.update_at,c1_0.id,c1_0.category_name,c1_0.create_at,c1_0.description,c1_0.update_at,v1_0.create_at,v1_0.description,v1_0.fuel_type,v1_0.model,v1_0.name,v1_0.plate_number,v1_0.price_per_day,v1_0.seat,v1_0.status,v1_0.transmission,v1_0.update_at,v1_0.year from vehicles v1_0 left join brand b1_0 on b1_0.id=v1_0.brand_id left join categories c1_0 on c1_0.id=v1_0.category_id where v1_0.id=?
Hibernate: select v1_0.id,b1_0.id,b1_0.brand_name,b1_0.create_at,b1_0.logo,b1_0.update_at,c1_0.id,c1_0.category_name,c1_0.create_at,c1_0.description,c1_0.update_at,v1_0.create_at,v1_0.description,v1_0.fuel_type,v1_0.model,v1_0.name,v1_0.plate_number,v1_0.price_per_day,v1_0.seat,v1_0.status,v1_0.transmission,v1_0.update_at,v1_0.year from vehicles v1_0 left join brand b1_0 on b1_0.id=v1_0.brand_id left join categories c1_0 on c1_0.id=v1_0.category_id where v1_0.id=?
2026-09-15T12:07:05.215+07:00 DEBUG 21060 --- [vehicles_rental] [nio-8080-exec-3] org.hibernate.SQL                        : select b1_0.id,b1_0.brand_name,b1_0.create_at,b1_0.logo,b1_0.update_at from brand b1_0 where b1_0.id=?
Hibernate: select b1_0.id,b1_0.brand_name,b1_0.create_at,b1_0.logo,b1_0.update_at from brand b1_0 where b1_0.id=?
2026-09-15T12:07:05.215+07:00 DEBUG 21060 --- [vehicles_rental] [nio-8080-exec-5] o.s.w.s.m.m.a.HttpEntityMethodProcessor  : Using 'application/json', given [application/json, text/plain, */*] and supported [application/json, application/*+json]
2026-09-15T12:07:05.216+07:00 DEBUG 21060 --- [vehicles_rental] [nio-8080-exec-5] o.s.w.s.m.m.a.HttpEntityMethodProcessor  : Writing [ApiResponse(msg=Bookings retrieved successfully, status=200, data=[BookingResponse(id=4, userId=7, u (truncated)...]
2026-09-15T12:07:05.216+07:00 DEBUG 21060 --- [vehicles_rental] [nio-8080-exec-3] m.m.a.RequestResponseBodyMethodProcessor : Using 'application/json', given [application/json, text/plain, */*] and supported [application/json, application/*+json]
2026-09-15T12:07:05.216+07:00 DEBUG 21060 --- [vehicles_rental] [nio-8080-exec-3] m.m.a.RequestResponseBodyMethodProcessor : Writing [ApiResponse(msg=get all vehicles successfully, status=200, data=[VehicleResponse(id=1, category_name (truncated)...]
2026-09-15T12:07:05.216+07:00 DEBUG 21060 --- [vehicles_rental] [nio-8080-exec-5] o.s.web.servlet.DispatcherServlet        : Completed 200 OK
2026-09-15T12:07:05.217+07:00 DEBUG 21060 --- [vehicles_rental] [nio-8080-exec-3] o.s.web.servlet.DispatcherServlet        : Completed 200 OK
2026-09-15T12:07:07.814+07:00 DEBUG 21060 --- [vehicles_rental] [nio-8080-exec-6] org.hibernate.SQL                        : select u1_0.id,u1_0.email,u1_0.gender,u1_0.is_active,u1_0.name,u1_0.profile_image,u1_0.pwd,u1_0.role,u1_0.tell from tb_users u1_0 where u1_0.email=?
Hibernate: select u1_0.id,u1_0.email,u1_0.gender,u1_0.is_active,u1_0.name,u1_0.profile_image,u1_0.pwd,u1_0.role,u1_0.tell from tb_users u1_0 where u1_0.email=?
2026-09-15T12:07:07.815+07:00 DEBUG 21060 --- [vehicles_rental] [nio-8080-exec-6] org.hibernate.SQL                        : select o1_0.id,o1_0.expiry_time,o1_0.otp,u1_0.id,u1_0.email,u1_0.gender,u1_0.is_active,u1_0.name,u1_0.profile_image,u1_0.pwd,u1_0.role,u1_0.tell,o1_0.verified from otp o1_0 left join tb_users u1_0 on u1_0.id=o1_0.user_id where o1_0.user_id=?
Hibernate: select o1_0.id,o1_0.expiry_time,o1_0.otp,u1_0.id,u1_0.email,u1_0.gender,u1_0.is_active,u1_0.name,u1_0.profile_image,u1_0.pwd,u1_0.role,u1_0.tell,o1_0.verified from otp o1_0 left join tb_users u1_0 on u1_0.id=o1_0.user_id where o1_0.user_id=?
2026-09-15T12:07:07.817+07:00 DEBUG 21060 --- [vehicles_rental] [nio-8080-exec-6] o.s.web.servlet.DispatcherServlet        : GET "/api/vehicle/getById/4", parameters={}
2026-09-15T12:07:07.817+07:00 DEBUG 21060 --- [vehicles_rental] [nio-8080-exec-6] s.w.s.m.m.a.RequestMappingHandlerMapping : Mapped to org.example.vehicles_rental.controller.VehicleController#getById(Long)
2026-09-15T12:07:07.818+07:00 DEBUG 21060 --- [vehicles_rental] [nio-8080-exec-6] org.hibernate.SQL                        : select v1_0.id,b1_0.id,b1_0.brand_name,b1_0.create_at,b1_0.logo,b1_0.update_at,c1_0.id,c1_0.category_name,c1_0.create_at,c1_0.description,c1_0.update_at,v1_0.create_at,v1_0.description,v1_0.fuel_type,v1_0.model,v1_0.name,v1_0.plate_number,v1_0.price_per_day,v1_0.seat,v1_0.status,v1_0.transmission,v1_0.update_at,v1_0.year from vehicles v1_0 left join brand b1_0 on b1_0.id=v1_0.brand_id left join categories c1_0 on c1_0.id=v1_0.category_id where v1_0.id=?
Hibernate: select v1_0.id,b1_0.id,b1_0.brand_name,b1_0.create_at,b1_0.logo,b1_0.update_at,c1_0.id,c1_0.category_name,c1_0.create_at,c1_0.description,c1_0.update_at,v1_0.create_at,v1_0.description,v1_0.fuel_type,v1_0.model,v1_0.name,v1_0.plate_number,v1_0.price_per_day,v1_0.seat,v1_0.status,v1_0.transmission,v1_0.update_at,v1_0.year from vehicles v1_0 left join brand b1_0 on b1_0.id=v1_0.brand_id left join categories c1_0 on c1_0.id=v1_0.category_id where v1_0.id=?
2026-09-15T12:07:07.820+07:00 DEBUG 21060 --- [vehicles_rental] [nio-8080-exec-6] m.m.a.RequestResponseBodyMethodProcessor : Using 'application/json', given [application/json, text/plain, */*] and supported [application/json, application/*+json]
2026-09-15T12:07:07.820+07:00 DEBUG 21060 --- [vehicles_rental] [nio-8080-exec-6] m.m.a.RequestResponseBodyMethodProcessor : Writing [ApiResponse(msg=get vehicle ById successfully, status=200, data=VehicleResponse(id=4, category_name= (truncated)...]
2026-09-15T12:07:07.821+07:00 DEBUG 21060 --- [vehicles_rental] [nio-8080-exec-6] o.s.web.servlet.DispatcherServlet        : Completed 200 OK
2026-09-15T12:07:19.600+07:00 DEBUG 21060 --- [vehicles_rental] [nio-8080-exec-8] org.hibernate.SQL                        : select u1_0.id,u1_0.email,u1_0.gender,u1_0.is_active,u1_0.name,u1_0.profile_image,u1_0.pwd,u1_0.role,u1_0.tell from tb_users u1_0 where u1_0.email=?
Hibernate: select u1_0.id,u1_0.email,u1_0.gender,u1_0.is_active,u1_0.name,u1_0.profile_image,u1_0.pwd,u1_0.role,u1_0.tell from tb_users u1_0 where u1_0.email=?
2026-09-15T12:07:19.600+07:00 DEBUG 21060 --- [vehicles_rental] [nio-8080-exec-8] org.hibernate.SQL                        : select o1_0.id,o1_0.expiry_time,o1_0.otp,u1_0.id,u1_0.email,u1_0.gender,u1_0.is_active,u1_0.name,u1_0.profile_image,u1_0.pwd,u1_0.role,u1_0.tell,o1_0.verified from otp o1_0 left join tb_users u1_0 on u1_0.id=o1_0.user_id where o1_0.user_id=?
Hibernate: select o1_0.id,o1_0.expiry_time,o1_0.otp,u1_0.id,u1_0.email,u1_0.gender,u1_0.is_active,u1_0.name,u1_0.profile_image,u1_0.pwd,u1_0.role,u1_0.tell,o1_0.verified from otp o1_0 left join tb_users u1_0 on u1_0.id=o1_0.user_id where o1_0.user_id=?
2026-09-15T12:07:19.602+07:00 DEBUG 21060 --- [vehicles_rental] [nio-8080-exec-8] o.s.web.servlet.DispatcherServlet        : POST "/api/bookings", parameters={}
2026-09-15T12:07:19.603+07:00 DEBUG 21060 --- [vehicles_rental] [nio-8080-exec-8] s.w.s.m.m.a.RequestMappingHandlerMapping : Mapped to org.example.vehicles_rental.controller.BookingController#create(BookingRequest)
2026-09-15T12:07:19.604+07:00 DEBUG 21060 --- [vehicles_rental] [nio-8080-exec-8] m.m.a.RequestResponseBodyMethodProcessor : Read "application/json;charset=UTF-8" to [BookingRequest(userId=null, vehicleId=4, pickupDate=2026-09-16, returnDate=2026-09-17, status=null)]
2026-09-15T12:07:19.607+07:00 DEBUG 21060 --- [vehicles_rental] [nio-8080-exec-8] org.hibernate.SQL                        : select u1_0.id,u1_0.email,u1_0.gender,u1_0.is_active,u1_0.name,u1_0.profile_image,u1_0.pwd,u1_0.role,u1_0.tell from tb_users u1_0 where u1_0.email=?
Hibernate: select u1_0.id,u1_0.email,u1_0.gender,u1_0.is_active,u1_0.name,u1_0.profile_image,u1_0.pwd,u1_0.role,u1_0.tell from tb_users u1_0 where u1_0.email=?
2026-09-15T12:07:19.608+07:00 DEBUG 21060 --- [vehicles_rental] [nio-8080-exec-8] org.hibernate.SQL                        : select o1_0.id,o1_0.expiry_time,o1_0.otp,u1_0.id,u1_0.email,u1_0.gender,u1_0.is_active,u1_0.name,u1_0.profile_image,u1_0.pwd,u1_0.role,u1_0.tell,o1_0.verified from otp o1_0 left join tb_users u1_0 on u1_0.id=o1_0.user_id where o1_0.user_id=?
Hibernate: select o1_0.id,o1_0.expiry_time,o1_0.otp,u1_0.id,u1_0.email,u1_0.gender,u1_0.is_active,u1_0.name,u1_0.profile_image,u1_0.pwd,u1_0.role,u1_0.tell,o1_0.verified from otp o1_0 left join tb_users u1_0 on u1_0.id=o1_0.user_id where o1_0.user_id=?
2026-09-15T12:07:19.609+07:00 DEBUG 21060 --- [vehicles_rental] [nio-8080-exec-8] org.hibernate.SQL                        : select v1_0.id,b1_0.id,b1_0.brand_name,b1_0.create_at,b1_0.logo,b1_0.update_at,c1_0.id,c1_0.category_name,c1_0.create_at,c1_0.description,c1_0.update_at,v1_0.create_at,v1_0.description,v1_0.fuel_type,v1_0.model,v1_0.name,v1_0.plate_number,v1_0.price_per_day,v1_0.seat,v1_0.status,v1_0.transmission,v1_0.update_at,v1_0.year from vehicles v1_0 left join brand b1_0 on b1_0.id=v1_0.brand_id left join categories c1_0 on c1_0.id=v1_0.category_id where v1_0.id=?
Hibernate: select v1_0.id,b1_0.id,b1_0.brand_name,b1_0.create_at,b1_0.logo,b1_0.update_at,c1_0.id,c1_0.category_name,c1_0.create_at,c1_0.description,c1_0.update_at,v1_0.create_at,v1_0.description,v1_0.fuel_type,v1_0.model,v1_0.name,v1_0.plate_number,v1_0.price_per_day,v1_0.seat,v1_0.status,v1_0.transmission,v1_0.update_at,v1_0.year from vehicles v1_0 left join brand b1_0 on b1_0.id=v1_0.brand_id left join categories c1_0 on c1_0.id=v1_0.category_id where v1_0.id=?
2026-09-15T12:07:19.613+07:00 DEBUG 21060 --- [vehicles_rental] [nio-8080-exec-8] org.hibernate.SQL                        : select count(b1_0.id)>0 from bookings b1_0 where b1_0.vehicle_id=? and b1_0.pickup_date<? and b1_0.return_date>? and b1_0.status in (?,?) and b1_0.user_id<>?
Hibernate: select count(b1_0.id)>0 from bookings b1_0 where b1_0.vehicle_id=? and b1_0.pickup_date<? and b1_0.return_date>? and b1_0.status in (?,?) and b1_0.user_id<>?
2026-09-15T12:07:19.615+07:00 DEBUG 21060 --- [vehicles_rental] [nio-8080-exec-8] org.hibernate.SQL                        : insert into bookings (created_at,pickup_date,return_date,status,total_days,total_price,updated_at,user_id,vehicle_id) values (?,?,?,?,?,?,?,?,?)
Hibernate: insert into bookings (created_at,pickup_date,return_date,status,total_days,total_price,updated_at,user_id,vehicle_id) values (?,?,?,?,?,?,?,?,?)
2026-09-15T12:07:19.620+07:00 DEBUG 21060 --- [vehicles_rental] [nio-8080-exec-8] org.hibernate.SQL                        : select ns1_0.id,ns1_0.booking_cancellation,ns1_0.daily_summary_report,ns1_0.low_availability_alert,ns1_0.new_booking,ns1_0.new_user_registration,ns1_0.payment_received from notification_settings ns1_0 where ns1_0.id=?
Hibernate: select ns1_0.id,ns1_0.booking_cancellation,ns1_0.daily_summary_report,ns1_0.low_availability_alert,ns1_0.new_booking,ns1_0.new_user_registration,ns1_0.payment_received from notification_settings ns1_0 where ns1_0.id=?
2026-09-15T12:07:19.622+07:00 DEBUG 21060 --- [vehicles_rental] [nio-8080-exec-8] org.hibernate.SQL                        : select u1_0.id,u1_0.email,u1_0.gender,u1_0.is_active,u1_0.name,u1_0.profile_image,u1_0.pwd,u1_0.role,u1_0.tell from tb_users u1_0 where u1_0.role=?
Hibernate: select u1_0.id,u1_0.email,u1_0.gender,u1_0.is_active,u1_0.name,u1_0.profile_image,u1_0.pwd,u1_0.role,u1_0.tell from tb_users u1_0 where u1_0.role=?
2026-09-15T12:07:19.623+07:00 DEBUG 21060 --- [vehicles_rental] [nio-8080-exec-8] o.s.w.s.m.m.a.HttpEntityMethodProcessor  : Using 'application/json', given [application/json, text/plain, */*] and supported [application/json, application/*+json]
2026-09-15T12:07:19.623+07:00 DEBUG 21060 --- [vehicles_rental] [nio-8080-exec-8] o.s.w.s.m.m.a.HttpEntityMethodProcessor  : Writing [ApiResponse(msg=Booking created successfully, status=201, data=BookingResponse(id=18, userId=7, user (truncated)...]
2026-09-15T12:07:19.624+07:00 DEBUG 21060 --- [vehicles_rental] [nio-8080-exec-8] o.s.web.servlet.DispatcherServlet        : Completed 200 OK
2026-09-15T12:07:19.704+07:00 DEBUG 21060 --- [vehicles_rental] [io-8080-exec-10] org.hibernate.SQL                        : select u1_0.id,u1_0.email,u1_0.gender,u1_0.is_active,u1_0.name,u1_0.profile_image,u1_0.pwd,u1_0.role,u1_0.tell from tb_users u1_0 where u1_0.email=?
Hibernate: select u1_0.id,u1_0.email,u1_0.gender,u1_0.is_active,u1_0.name,u1_0.profile_image,u1_0.pwd,u1_0.role,u1_0.tell from tb_users u1_0 where u1_0.email=?
2026-09-15T12:07:19.705+07:00 DEBUG 21060 --- [vehicles_rental] [io-8080-exec-10] org.hibernate.SQL                        : select o1_0.id,o1_0.expiry_time,o1_0.otp,u1_0.id,u1_0.email,u1_0.gender,u1_0.is_active,u1_0.name,u1_0.profile_image,u1_0.pwd,u1_0.role,u1_0.tell,o1_0.verified from otp o1_0 left join tb_users u1_0 on u1_0.id=o1_0.user_id where o1_0.user_id=?
Hibernate: select o1_0.id,o1_0.expiry_time,o1_0.otp,u1_0.id,u1_0.email,u1_0.gender,u1_0.is_active,u1_0.name,u1_0.profile_image,u1_0.pwd,u1_0.role,u1_0.tell,o1_0.verified from otp o1_0 left join tb_users u1_0 on u1_0.id=o1_0.user_id where o1_0.user_id=?
2026-09-15T12:07:19.708+07:00 DEBUG 21060 --- [vehicles_rental] [io-8080-exec-10] o.s.web.servlet.DispatcherServlet        : GET "/api/paymentMethods", parameters={}
2026-09-15T12:07:19.708+07:00 DEBUG 21060 --- [vehicles_rental] [io-8080-exec-10] s.w.s.m.m.a.RequestMappingHandlerMapping : Mapped to org.example.vehicles_rental.controller.PaymentMethodController#getAll()
2026-09-15T12:07:19.711+07:00 DEBUG 21060 --- [vehicles_rental] [io-8080-exec-10] org.hibernate.SQL                        : select pm1_0.id,pm1_0.description,pm1_0.method_name,pm1_0.status from payment_methods pm1_0
Hibernate: select pm1_0.id,pm1_0.description,pm1_0.method_name,pm1_0.status from payment_methods pm1_0
2026-09-15T12:07:19.714+07:00 DEBUG 21060 --- [vehicles_rental] [io-8080-exec-10] o.s.w.s.m.m.a.HttpEntityMethodProcessor  : Using 'application/json', given [application/json, text/plain, */*] and supported [application/json, application/*+json]
2026-09-15T12:07:19.714+07:00 DEBUG 21060 --- [vehicles_rental] [io-8080-exec-10] o.s.w.s.m.m.a.HttpEntityMethodProcessor  : Writing [ApiResponse(msg=Payment methods retrieved successfully, status=200, data=[PaymentMethodResponse(id=1 (truncated)...]
2026-09-15T12:07:19.715+07:00 DEBUG 21060 --- [vehicles_rental] [io-8080-exec-10] o.s.web.servlet.DispatcherServlet        : Completed 200 OK
2026-09-15T12:07:19.726+07:00 DEBUG 21060 --- [vehicles_rental] [nio-8080-exec-9] org.hibernate.SQL                        : select u1_0.id,u1_0.email,u1_0.gender,u1_0.is_active,u1_0.name,u1_0.profile_image,u1_0.pwd,u1_0.role,u1_0.tell from tb_users u1_0 where u1_0.email=?
Hibernate: select u1_0.id,u1_0.email,u1_0.gender,u1_0.is_active,u1_0.name,u1_0.profile_image,u1_0.pwd,u1_0.role,u1_0.tell from tb_users u1_0 where u1_0.email=?
2026-09-15T12:07:19.727+07:00 DEBUG 21060 --- [vehicles_rental] [nio-8080-exec-9] org.hibernate.SQL                        : select o1_0.id,o1_0.expiry_time,o1_0.otp,u1_0.id,u1_0.email,u1_0.gender,u1_0.is_active,u1_0.name,u1_0.profile_image,u1_0.pwd,u1_0.role,u1_0.tell,o1_0.verified from otp o1_0 left join tb_users u1_0 on u1_0.id=o1_0.user_id where o1_0.user_id=?
Hibernate: select o1_0.id,o1_0.expiry_time,o1_0.otp,u1_0.id,u1_0.email,u1_0.gender,u1_0.is_active,u1_0.name,u1_0.profile_image,u1_0.pwd,u1_0.role,u1_0.tell,o1_0.verified from otp o1_0 left join tb_users u1_0 on u1_0.id=o1_0.user_id where o1_0.user_id=?
2026-09-15T12:07:19.729+07:00 DEBUG 21060 --- [vehicles_rental] [nio-8080-exec-9] o.s.web.servlet.DispatcherServlet        : GET "/api/payments/bakong/scan-status?amount=1&currency=USD", parameters={masked}
2026-09-15T12:07:19.729+07:00 DEBUG 21060 --- [vehicles_rental] [nio-8080-exec-9] s.w.s.m.m.a.RequestMappingHandlerMapping : Mapped to org.example.vehicles_rental.controller.PaymentController#checkBakongScanPayment(String, BigDecimal, String)
2026-09-15T12:07:19.730+07:00 DEBUG 21060 --- [vehicles_rental] [nio-8080-exec-9] o.s.w.s.m.m.a.HttpEntityMethodProcessor  : Using 'application/json', given [application/json, text/plain, */*] and supported [application/json, application/*+json]
2026-09-15T12:07:19.730+07:00 DEBUG 21060 --- [vehicles_rental] [nio-8080-exec-9] o.s.w.s.m.m.a.HttpEntityMethodProcessor  : Writing [BakongPaymentResponse(paymentId=null, bookingId=null, amount=1, currency=USD, transactionId=null, qr (truncated)...]
2026-09-15T12:07:19.731+07:00 DEBUG 21060 --- [vehicles_rental] [nio-8080-exec-9] o.s.web.servlet.DispatcherServlet        : Completed 200 OK
2026-09-15T12:07:19.740+07:00 DEBUG 21060 --- [vehicles_rental] [nio-8080-exec-2] org.hibernate.SQL                        : select u1_0.id,u1_0.email,u1_0.gender,u1_0.is_active,u1_0.name,u1_0.profile_image,u1_0.pwd,u1_0.role,u1_0.tell from tb_users u1_0 where u1_0.email=?
Hibernate: select u1_0.id,u1_0.email,u1_0.gender,u1_0.is_active,u1_0.name,u1_0.profile_image,u1_0.pwd,u1_0.role,u1_0.tell from tb_users u1_0 where u1_0.email=?
2026-09-15T12:07:19.744+07:00 DEBUG 21060 --- [vehicles_rental] [nio-8080-exec-2] org.hibernate.SQL                        : select o1_0.id,o1_0.expiry_time,o1_0.otp,u1_0.id,u1_0.email,u1_0.gender,u1_0.is_active,u1_0.name,u1_0.profile_image,u1_0.pwd,u1_0.role,u1_0.tell,o1_0.verified from otp o1_0 left join tb_users u1_0 on u1_0.id=o1_0.user_id where o1_0.user_id=?
Hibernate: select o1_0.id,o1_0.expiry_time,o1_0.otp,u1_0.id,u1_0.email,u1_0.gender,u1_0.is_active,u1_0.name,u1_0.profile_image,u1_0.pwd,u1_0.role,u1_0.tell,o1_0.verified from otp o1_0 left join tb_users u1_0 on u1_0.id=o1_0.user_id where o1_0.user_id=?
2026-09-15T12:07:19.746+07:00 DEBUG 21060 --- [vehicles_rental] [nio-8080-exec-2] o.s.web.servlet.DispatcherServlet        : POST "/api/payments/bakong/scan-qr", parameters={}
2026-09-15T12:07:19.747+07:00 DEBUG 21060 --- [vehicles_rental] [nio-8080-exec-2] s.w.s.m.m.a.RequestMappingHandlerMapping : Mapped to org.example.vehicles_rental.controller.PaymentController#createBakongScanQr(CreatePaymentRequest)
2026-09-15T12:07:19.748+07:00 DEBUG 21060 --- [vehicles_rental] [nio-8080-exec-2] m.m.a.RequestResponseBodyMethodProcessor : Read "application/json;charset=UTF-8" to [CreatePaymentRequest(bookingId=18, paymentMethodId=null, amount=0.2, currency=USD)]
2026-09-15T12:07:19.751+07:00 DEBUG 21060 --- [vehicles_rental] [nio-8080-exec-2] o.s.w.s.m.m.a.HttpEntityMethodProcessor  : Using 'application/json', given [application/json, text/plain, */*] and supported [application/json, application/*+json]
2026-09-15T12:07:19.751+07:00 DEBUG 21060 --- [vehicles_rental] [nio-8080-exec-2] o.s.w.s.m.m.a.HttpEntityMethodProcessor  : Writing [BakongPaymentResponse(paymentId=null, bookingId=18, amount=0.2, currency=USD, transactionId=BOOK-18, (truncated)...]
2026-09-15T12:07:19.757+07:00 DEBUG 21060 --- [vehicles_rental] [nio-8080-exec-2] o.s.web.servlet.DispatcherServlet        : Completed 200 OK
2026-09-15T12:07:19.810+07:00 DEBUG 21060 --- [vehicles_rental] [nio-8080-exec-4] org.hibernate.SQL                        : select u1_0.id,u1_0.email,u1_0.gender,u1_0.is_active,u1_0.name,u1_0.profile_image,u1_0.pwd,u1_0.role,u1_0.tell from tb_users u1_0 where u1_0.email=?
Hibernate: select u1_0.id,u1_0.email,u1_0.gender,u1_0.is_active,u1_0.name,u1_0.profile_image,u1_0.pwd,u1_0.role,u1_0.tell from tb_users u1_0 where u1_0.email=?
2026-09-15T12:07:19.811+07:00 DEBUG 21060 --- [vehicles_rental] [nio-8080-exec-4] org.hibernate.SQL                        : select o1_0.id,o1_0.expiry_time,o1_0.otp,u1_0.id,u1_0.email,u1_0.gender,u1_0.is_active,u1_0.name,u1_0.profile_image,u1_0.pwd,u1_0.role,u1_0.tell,o1_0.verified from otp o1_0 left join tb_users u1_0 on u1_0.id=o1_0.user_id where o1_0.user_id=?
Hibernate: select o1_0.id,o1_0.expiry_time,o1_0.otp,u1_0.id,u1_0.email,u1_0.gender,u1_0.is_active,u1_0.name,u1_0.profile_image,u1_0.pwd,u1_0.role,u1_0.tell,o1_0.verified from otp o1_0 left join tb_users u1_0 on u1_0.id=o1_0.user_id where o1_0.user_id=?
2026-09-15T12:07:19.814+07:00 DEBUG 21060 --- [vehicles_rental] [nio-8080-exec-4] o.s.web.servlet.DispatcherServlet        : GET "/api/payments/bakong/scan-status?reference=cdba383086b4c657d80485df5b42dc53&amount=0.2&currency=USD", parameters={masked}
2026-09-15T12:07:19.814+07:00 DEBUG 21060 --- [vehicles_rental] [nio-8080-exec-4] s.w.s.m.m.a.RequestMappingHandlerMapping : Mapped to org.example.vehicles_rental.controller.PaymentController#checkBakongScanPayment(String, BigDecimal, String)
2026-09-15T12:07:19.815+07:00 DEBUG 21060 --- [vehicles_rental] [nio-8080-exec-4] o.s.web.client.RestTemplate              : HTTP POST https://api-bakong.nbc.gov.kh/v1/check_transaction_by_md5
2026-09-15T12:07:19.815+07:00 DEBUG 21060 --- [vehicles_rental] [nio-8080-exec-4] o.s.web.client.RestTemplate              : Accept=[application/json, application/*+json]
2026-09-15T12:07:19.816+07:00 DEBUG 21060 --- [vehicles_rental] [nio-8080-exec-4] o.s.web.client.RestTemplate              : Writing [{md5=cdba383086b4c657d80485df5b42dc53}] as "application/json"
2026-09-15T12:07:20.259+07:00 DEBUG 21060 --- [vehicles_rental] [nio-8080-exec-4] o.s.web.client.RestTemplate              : Response 200 OK
2026-09-15T12:07:20.259+07:00 DEBUG 21060 --- [vehicles_rental] [nio-8080-exec-4] o.s.web.client.RestTemplate              : Reading to [java.util.Map<java.lang.String, java.lang.Object>]
2026-09-15T12:07:20.260+07:00 DEBUG 21060 --- [vehicles_rental] [nio-8080-exec-4] o.s.w.s.m.m.a.HttpEntityMethodProcessor  : Using 'application/json', given [application/json, text/plain, */*] and supported [application/json, application/*+json]
2026-09-15T12:07:20.260+07:00 DEBUG 21060 --- [vehicles_rental] [nio-8080-exec-4] o.s.w.s.m.m.a.HttpEntityMethodProcessor  : Writing [BakongPaymentResponse(paymentId=null, bookingId=null, amount=null, currency=null, transactionId=null (truncated)...]
2026-09-15T12:07:20.261+07:00 DEBUG 21060 --- [vehicles_rental] [nio-8080-exec-4] o.s.web.servlet.DispatcherServlet        : Completed 200 OK
2026-09-15T12:07:24.810+07:00 DEBUG 21060 --- [vehicles_rental] [nio-8080-exec-5] org.hibernate.SQL                        : select u1_0.id,u1_0.email,u1_0.gender,u1_0.is_active,u1_0.name,u1_0.profile_image,u1_0.pwd,u1_0.role,u1_0.tell from tb_users u1_0 where u1_0.email=?
Hibernate: select u1_0.id,u1_0.email,u1_0.gender,u1_0.is_active,u1_0.name,u1_0.profile_image,u1_0.pwd,u1_0.role,u1_0.tell from tb_users u1_0 where u1_0.email=?
2026-09-15T12:07:24.810+07:00 DEBUG 21060 --- [vehicles_rental] [nio-8080-exec-5] org.hibernate.SQL                        : select o1_0.id,o1_0.expiry_time,o1_0.otp,u1_0.id,u1_0.email,u1_0.gender,u1_0.is_active,u1_0.name,u1_0.profile_image,u1_0.pwd,u1_0.role,u1_0.tell,o1_0.verified from otp o1_0 left join tb_users u1_0 on u1_0.id=o1_0.user_id where o1_0.user_id=?
Hibernate: select o1_0.id,o1_0.expiry_time,o1_0.otp,u1_0.id,u1_0.email,u1_0.gender,u1_0.is_active,u1_0.name,u1_0.profile_image,u1_0.pwd,u1_0.role,u1_0.tell,o1_0.verified from otp o1_0 left join tb_users u1_0 on u1_0.id=o1_0.user_id where o1_0.user_id=?
2026-09-15T12:07:24.812+07:00 DEBUG 21060 --- [vehicles_rental] [nio-8080-exec-5] o.s.web.servlet.DispatcherServlet        : GET "/api/payments/bakong/scan-status?reference=cdba383086b4c657d80485df5b42dc53&amount=0.2&currency=USD", parameters={masked}
2026-09-15T12:07:24.812+07:00 DEBUG 21060 --- [vehicles_rental] [nio-8080-exec-5] s.w.s.m.m.a.RequestMappingHandlerMapping : Mapped to org.example.vehicles_rental.controller.PaymentController#checkBakongScanPayment(String, BigDecimal, String)
2026-09-15T12:07:24.812+07:00 DEBUG 21060 --- [vehicles_rental] [nio-8080-exec-5] o.s.web.client.RestTemplate              : HTTP POST https://api-bakong.nbc.gov.kh/v1/check_transaction_by_md5
2026-09-15T12:07:24.813+07:00 DEBUG 21060 --- [vehicles_rental] [nio-8080-exec-5] o.s.web.client.RestTemplate              : Accept=[application/json, application/*+json]
2026-09-15T12:07:24.813+07:00 DEBUG 21060 --- [vehicles_rental] [nio-8080-exec-5] o.s.web.client.RestTemplate              : Writing [{md5=cdba383086b4c657d80485df5b42dc53}] as "application/json"
2026-09-15T12:07:25.025+07:00 DEBUG 21060 --- [vehicles_rental] [nio-8080-exec-5] o.s.web.client.RestTemplate              : Response 200 OK
2026-09-15T12:07:25.025+07:00 DEBUG 21060 --- [vehicles_rental] [nio-8080-exec-5] o.s.web.client.RestTemplate              : Reading to [java.util.Map<java.lang.String, java.lang.Object>]
2026-09-15T12:07:25.026+07:00 DEBUG 21060 --- [vehicles_rental] [nio-8080-exec-5] o.s.w.s.m.m.a.HttpEntityMethodProcessor  : Using 'application/json', given [application/json, text/plain, */*] and supported [application/json, application/*+json]
2026-09-15T12:07:25.027+07:00 DEBUG 21060 --- [vehicles_rental] [nio-8080-exec-5] o.s.w.s.m.m.a.HttpEntityMethodProcessor  : Writing [BakongPaymentResponse(paymentId=null, bookingId=null, amount=null, currency=null, transactionId=null (truncated)...]
2026-09-15T12:07:25.028+07:00 DEBUG 21060 --- [vehicles_rental] [nio-8080-exec-5] o.s.web.servlet.DispatcherServlet        : Completed 200 OK
2026-09-15T12:07:29.810+07:00 DEBUG 21060 --- [vehicles_rental] [nio-8080-exec-3] org.hibernate.SQL                        : select u1_0.id,u1_0.email,u1_0.gender,u1_0.is_active,u1_0.name,u1_0.profile_image,u1_0.pwd,u1_0.role,u1_0.tell from tb_users u1_0 where u1_0.email=?
Hibernate: select u1_0.id,u1_0.email,u1_0.gender,u1_0.is_active,u1_0.name,u1_0.profile_image,u1_0.pwd,u1_0.role,u1_0.tell from tb_users u1_0 where u1_0.email=?
2026-09-15T12:07:29.811+07:00 DEBUG 21060 --- [vehicles_rental] [nio-8080-exec-3] org.hibernate.SQL                        : select o1_0.id,o1_0.expiry_time,o1_0.otp,u1_0.id,u1_0.email,u1_0.gender,u1_0.is_active,u1_0.name,u1_0.profile_image,u1_0.pwd,u1_0.role,u1_0.tell,o1_0.verified from otp o1_0 left join tb_users u1_0 on u1_0.id=o1_0.user_id where o1_0.user_id=?
Hibernate: select o1_0.id,o1_0.expiry_time,o1_0.otp,u1_0.id,u1_0.email,u1_0.gender,u1_0.is_active,u1_0.name,u1_0.profile_image,u1_0.pwd,u1_0.role,u1_0.tell,o1_0.verified from otp o1_0 left join tb_users u1_0 on u1_0.id=o1_0.user_id where o1_0.user_id=?
2026-09-15T12:07:29.812+07:00 DEBUG 21060 --- [vehicles_rental] [nio-8080-exec-3] o.s.web.servlet.DispatcherServlet        : GET "/api/payments/bakong/scan-status?reference=cdba383086b4c657d80485df5b42dc53&amount=0.2&currency=USD", parameters={masked}
2026-09-15T12:07:29.813+07:00 DEBUG 21060 --- [vehicles_rental] [nio-8080-exec-3] s.w.s.m.m.a.RequestMappingHandlerMapping : Mapped to org.example.vehicles_rental.controller.PaymentController#checkBakongScanPayment(String, BigDecimal, String)
2026-09-15T12:07:29.813+07:00 DEBUG 21060 --- [vehicles_rental] [nio-8080-exec-3] o.s.web.client.RestTemplate              : HTTP POST https://api-bakong.nbc.gov.kh/v1/check_transaction_by_md5
2026-09-15T12:07:29.814+07:00 DEBUG 21060 --- [vehicles_rental] [nio-8080-exec-3] o.s.web.client.RestTemplate              : Accept=[application/json, application/*+json]
2026-09-15T12:07:29.814+07:00 DEBUG 21060 --- [vehicles_rental] [nio-8080-exec-3] o.s.web.client.RestTemplate              : Writing [{md5=cdba383086b4c657d80485df5b42dc53}] as "application/json"
2026-09-15T12:07:30.030+07:00 DEBUG 21060 --- [vehicles_rental] [nio-8080-exec-3] o.s.web.client.RestTemplate              : Response 200 OK
2026-09-15T12:07:30.031+07:00 DEBUG 21060 --- [vehicles_rental] [nio-8080-exec-3] o.s.web.client.RestTemplate              : Reading to [java.util.Map<java.lang.String, java.lang.Object>]
2026-09-15T12:07:30.032+07:00 DEBUG 21060 --- [vehicles_rental] [nio-8080-exec-3] o.s.w.s.m.m.a.HttpEntityMethodProcessor  : Using 'application/json', given [application/json, text/plain, */*] and supported [application/json, application/*+json]
2026-09-15T12:07:30.032+07:00 DEBUG 21060 --- [vehicles_rental] [nio-8080-exec-3] o.s.w.s.m.m.a.HttpEntityMethodProcessor  : Writing [BakongPaymentResponse(paymentId=null, bookingId=null, amount=0.2, currency=USD, transactionId=0c2b97 (truncated)...]
2026-09-15T12:07:30.033+07:00 DEBUG 21060 --- [vehicles_rental] [nio-8080-exec-3] o.s.web.servlet.DispatcherServlet        : Completed 200 OK
2026-09-15T12:08:42.997+07:00 DEBUG 21060 --- [vehicles_rental] [nio-8080-exec-8] org.hibernate.SQL                        : select u1_0.id,u1_0.email,u1_0.gender,u1_0.is_active,u1_0.name,u1_0.profile_image,u1_0.pwd,u1_0.role,u1_0.tell from tb_users u1_0 where u1_0.email=?
Hibernate: select u1_0.id,u1_0.email,u1_0.gender,u1_0.is_active,u1_0.name,u1_0.profile_image,u1_0.pwd,u1_0.role,u1_0.tell from tb_users u1_0 where u1_0.email=?
2026-09-15T12:08:42.998+07:00 DEBUG 21060 --- [vehicles_rental] [nio-8080-exec-8] org.hibernate.SQL                        : select o1_0.id,o1_0.expiry_time,o1_0.otp,u1_0.id,u1_0.email,u1_0.gender,u1_0.is_active,u1_0.name,u1_0.profile_image,u1_0.pwd,u1_0.role,u1_0.tell,o1_0.verified from otp o1_0 left join tb_users u1_0 on u1_0.id=o1_0.user_id where o1_0.user_id=?
Hibernate: select o1_0.id,o1_0.expiry_time,o1_0.otp,u1_0.id,u1_0.email,u1_0.gender,u1_0.is_active,u1_0.name,u1_0.profile_image,u1_0.pwd,u1_0.role,u1_0.tell,o1_0.verified from otp o1_0 left join tb_users u1_0 on u1_0.id=o1_0.user_id where o1_0.user_id=?
2026-09-15T12:08:43.000+07:00 DEBUG 21060 --- [vehicles_rental] [nio-8080-exec-8] o.s.web.servlet.DispatcherServlet        : GET "/api/bookings", parameters={}
2026-09-15T12:08:43.000+07:00 DEBUG 21060 --- [vehicles_rental] [nio-8080-exec-8] s.w.s.m.m.a.RequestMappingHandlerMapping : Mapped to org.example.vehicles_rental.controller.BookingController#getAll()
2026-09-15T12:08:43.001+07:00 DEBUG 21060 --- [vehicles_rental] [nio-8080-exec-8] org.hibernate.SQL                        : select u1_0.id,u1_0.email,u1_0.gender,u1_0.is_active,u1_0.name,u1_0.profile_image,u1_0.pwd,u1_0.role,u1_0.tell from tb_users u1_0 where u1_0.email=?
Hibernate: select u1_0.id,u1_0.email,u1_0.gender,u1_0.is_active,u1_0.name,u1_0.profile_image,u1_0.pwd,u1_0.role,u1_0.tell from tb_users u1_0 where u1_0.email=?
2026-09-15T12:08:43.001+07:00 DEBUG 21060 --- [vehicles_rental] [nio-8080-exec-8] org.hibernate.SQL                        : select o1_0.id,o1_0.expiry_time,o1_0.otp,u1_0.id,u1_0.email,u1_0.gender,u1_0.is_active,u1_0.name,u1_0.profile_image,u1_0.pwd,u1_0.role,u1_0.tell,o1_0.verified from otp o1_0 left join tb_users u1_0 on u1_0.id=o1_0.user_id where o1_0.user_id=?
Hibernate: select o1_0.id,o1_0.expiry_time,o1_0.otp,u1_0.id,u1_0.email,u1_0.gender,u1_0.is_active,u1_0.name,u1_0.profile_image,u1_0.pwd,u1_0.role,u1_0.tell,o1_0.verified from otp o1_0 left join tb_users u1_0 on u1_0.id=o1_0.user_id where o1_0.user_id=?
2026-09-15T12:08:43.004+07:00 DEBUG 21060 --- [vehicles_rental] [nio-8080-exec-8] org.hibernate.SQL                        : select b1_0.id,b1_0.created_at,b1_0.pickup_date,b1_0.return_date,b1_0.status,b1_0.total_days,b1_0.total_price,b1_0.updated_at,b1_0.user_id,b1_0.vehicle_id from bookings b1_0 where b1_0.user_id=?
Hibernate: select b1_0.id,b1_0.created_at,b1_0.pickup_date,b1_0.return_date,b1_0.status,b1_0.total_days,b1_0.total_price,b1_0.updated_at,b1_0.user_id,b1_0.vehicle_id from bookings b1_0 where b1_0.user_id=?
2026-09-15T12:08:43.007+07:00 DEBUG 21060 --- [vehicles_rental] [nio-8080-exec-8] org.hibernate.SQL                        : select v1_0.id,b1_0.id,b1_0.brand_name,b1_0.create_at,b1_0.logo,b1_0.update_at,c1_0.id,c1_0.category_name,c1_0.create_at,c1_0.description,c1_0.update_at,v1_0.create_at,v1_0.description,v1_0.fuel_type,v1_0.model,v1_0.name,v1_0.plate_number,v1_0.price_per_day,v1_0.seat,v1_0.status,v1_0.transmission,v1_0.update_at,v1_0.year from vehicles v1_0 left join brand b1_0 on b1_0.id=v1_0.brand_id left join categories c1_0 on c1_0.id=v1_0.category_id where v1_0.id=?
Hibernate: select v1_0.id,b1_0.id,b1_0.brand_name,b1_0.create_at,b1_0.logo,b1_0.update_at,c1_0.id,c1_0.category_name,c1_0.create_at,c1_0.description,c1_0.update_at,v1_0.create_at,v1_0.description,v1_0.fuel_type,v1_0.model,v1_0.name,v1_0.plate_number,v1_0.price_per_day,v1_0.seat,v1_0.status,v1_0.transmission,v1_0.update_at,v1_0.year from vehicles v1_0 left join brand b1_0 on b1_0.id=v1_0.brand_id left join categories c1_0 on c1_0.id=v1_0.category_id where v1_0.id=?
2026-09-15T12:08:43.008+07:00 DEBUG 21060 --- [vehicles_rental] [nio-8080-exec-8] org.hibernate.SQL                        : select v1_0.id,b1_0.id,b1_0.brand_name,b1_0.create_at,b1_0.logo,b1_0.update_at,c1_0.id,c1_0.category_name,c1_0.create_at,c1_0.description,c1_0.update_at,v1_0.create_at,v1_0.description,v1_0.fuel_type,v1_0.model,v1_0.name,v1_0.plate_number,v1_0.price_per_day,v1_0.seat,v1_0.status,v1_0.transmission,v1_0.update_at,v1_0.year from vehicles v1_0 left join brand b1_0 on b1_0.id=v1_0.brand_id left join categories c1_0 on c1_0.id=v1_0.category_id where v1_0.id=?
Hibernate: select v1_0.id,b1_0.id,b1_0.brand_name,b1_0.create_at,b1_0.logo,b1_0.update_at,c1_0.id,c1_0.category_name,c1_0.create_at,c1_0.description,c1_0.update_at,v1_0.create_at,v1_0.description,v1_0.fuel_type,v1_0.model,v1_0.name,v1_0.plate_number,v1_0.price_per_day,v1_0.seat,v1_0.status,v1_0.transmission,v1_0.update_at,v1_0.year from vehicles v1_0 left join brand b1_0 on b1_0.id=v1_0.brand_id left join categories c1_0 on c1_0.id=v1_0.category_id where v1_0.id=?
2026-09-15T12:08:43.009+07:00 DEBUG 21060 --- [vehicles_rental] [nio-8080-exec-8] org.hibernate.SQL                        : select v1_0.id,b1_0.id,b1_0.brand_name,b1_0.create_at,b1_0.logo,b1_0.update_at,c1_0.id,c1_0.category_name,c1_0.create_at,c1_0.description,c1_0.update_at,v1_0.create_at,v1_0.description,v1_0.fuel_type,v1_0.model,v1_0.name,v1_0.plate_number,v1_0.price_per_day,v1_0.seat,v1_0.status,v1_0.transmission,v1_0.update_at,v1_0.year from vehicles v1_0 left join brand b1_0 on b1_0.id=v1_0.brand_id left join categories c1_0 on c1_0.id=v1_0.category_id where v1_0.id=?
Hibernate: select v1_0.id,b1_0.id,b1_0.brand_name,b1_0.create_at,b1_0.logo,b1_0.update_at,c1_0.id,c1_0.category_name,c1_0.create_at,c1_0.description,c1_0.update_at,v1_0.create_at,v1_0.description,v1_0.fuel_type,v1_0.model,v1_0.name,v1_0.plate_number,v1_0.price_per_day,v1_0.seat,v1_0.status,v1_0.transmission,v1_0.update_at,v1_0.year from vehicles v1_0 left join brand b1_0 on b1_0.id=v1_0.brand_id left join categories c1_0 on c1_0.id=v1_0.category_id where v1_0.id=?
2026-09-15T12:08:43.009+07:00 DEBUG 21060 --- [vehicles_rental] [nio-8080-exec-8] org.hibernate.SQL                        : select v1_0.id,b1_0.id,b1_0.brand_name,b1_0.create_at,b1_0.logo,b1_0.update_at,c1_0.id,c1_0.category_name,c1_0.create_at,c1_0.description,c1_0.update_at,v1_0.create_at,v1_0.description,v1_0.fuel_type,v1_0.model,v1_0.name,v1_0.plate_number,v1_0.price_per_day,v1_0.seat,v1_0.status,v1_0.transmission,v1_0.update_at,v1_0.year from vehicles v1_0 left join brand b1_0 on b1_0.id=v1_0.brand_id left join categories c1_0 on c1_0.id=v1_0.category_id where v1_0.id=?
Hibernate: select v1_0.id,b1_0.id,b1_0.brand_name,b1_0.create_at,b1_0.logo,b1_0.update_at,c1_0.id,c1_0.category_name,c1_0.create_at,c1_0.description,c1_0.update_at,v1_0.create_at,v1_0.description,v1_0.fuel_type,v1_0.model,v1_0.name,v1_0.plate_number,v1_0.price_per_day,v1_0.seat,v1_0.status,v1_0.transmission,v1_0.update_at,v1_0.year from vehicles v1_0 left join brand b1_0 on b1_0.id=v1_0.brand_id left join categories c1_0 on c1_0.id=v1_0.category_id where v1_0.id=?
2026-09-15T12:08:43.010+07:00 DEBUG 21060 --- [vehicles_rental] [nio-8080-exec-8] org.hibernate.SQL                        : select v1_0.id,b1_0.id,b1_0.brand_name,b1_0.create_at,b1_0.logo,b1_0.update_at,c1_0.id,c1_0.category_name,c1_0.create_at,c1_0.description,c1_0.update_at,v1_0.create_at,v1_0.description,v1_0.fuel_type,v1_0.model,v1_0.name,v1_0.plate_number,v1_0.price_per_day,v1_0.seat,v1_0.status,v1_0.transmission,v1_0.update_at,v1_0.year from vehicles v1_0 left join brand b1_0 on b1_0.id=v1_0.brand_id left join categories c1_0 on c1_0.id=v1_0.category_id where v1_0.id=?
Hibernate: select v1_0.id,b1_0.id,b1_0.brand_name,b1_0.create_at,b1_0.logo,b1_0.update_at,c1_0.id,c1_0.category_name,c1_0.create_at,c1_0.description,c1_0.update_at,v1_0.create_at,v1_0.description,v1_0.fuel_type,v1_0.model,v1_0.name,v1_0.plate_number,v1_0.price_per_day,v1_0.seat,v1_0.status,v1_0.transmission,v1_0.update_at,v1_0.year from vehicles v1_0 left join brand b1_0 on b1_0.id=v1_0.brand_id left join categories c1_0 on c1_0.id=v1_0.category_id where v1_0.id=?
2026-09-15T12:08:43.011+07:00 DEBUG 21060 --- [vehicles_rental] [nio-8080-exec-8] org.hibernate.SQL                        : select v1_0.id,b1_0.id,b1_0.brand_name,b1_0.create_at,b1_0.logo,b1_0.update_at,c1_0.id,c1_0.category_name,c1_0.create_at,c1_0.description,c1_0.update_at,v1_0.create_at,v1_0.description,v1_0.fuel_type,v1_0.model,v1_0.name,v1_0.plate_number,v1_0.price_per_day,v1_0.seat,v1_0.status,v1_0.transmission,v1_0.update_at,v1_0.year from vehicles v1_0 left join brand b1_0 on b1_0.id=v1_0.brand_id left join categories c1_0 on c1_0.id=v1_0.category_id where v1_0.id=?
Hibernate: select v1_0.id,b1_0.id,b1_0.brand_name,b1_0.create_at,b1_0.logo,b1_0.update_at,c1_0.id,c1_0.category_name,c1_0.create_at,c1_0.description,c1_0.update_at,v1_0.create_at,v1_0.description,v1_0.fuel_type,v1_0.model,v1_0.name,v1_0.plate_number,v1_0.price_per_day,v1_0.seat,v1_0.status,v1_0.transmission,v1_0.update_at,v1_0.year from vehicles v1_0 left join brand b1_0 on b1_0.id=v1_0.brand_id left join categories c1_0 on c1_0.id=v1_0.category_id where v1_0.id=?
2026-09-15T12:08:43.012+07:00 DEBUG 21060 --- [vehicles_rental] [nio-8080-exec-8] o.s.w.s.m.m.a.HttpEntityMethodProcessor  : Using 'application/json', given [application/json, text/plain, */*] and supported [application/json, application/*+json]
2026-09-15T12:08:43.012+07:00 DEBUG 21060 --- [vehicles_rental] [nio-8080-exec-8] o.s.w.s.m.m.a.HttpEntityMethodProcessor  : Writing [ApiResponse(msg=Bookings retrieved successfully, status=200, data=[BookingResponse(id=4, userId=7, u (truncated)...]
2026-09-15T12:08:43.013+07:00 DEBUG 21060 --- [vehicles_rental] [nio-8080-exec-8] o.s.web.servlet.DispatcherServlet        : Completed 200 OK
2026-09-15T12:08:45.198+07:00 DEBUG 21060 --- [vehicles_rental] [io-8080-exec-10] org.hibernate.SQL                        : select u1_0.id,u1_0.email,u1_0.gender,u1_0.is_active,u1_0.name,u1_0.profile_image,u1_0.pwd,u1_0.role,u1_0.tell from tb_users u1_0 where u1_0.email=?
Hibernate: select u1_0.id,u1_0.email,u1_0.gender,u1_0.is_active,u1_0.name,u1_0.profile_image,u1_0.pwd,u1_0.role,u1_0.tell from tb_users u1_0 where u1_0.email=?
2026-09-15T12:08:45.198+07:00 DEBUG 21060 --- [vehicles_rental] [io-8080-exec-10] org.hibernate.SQL                        : select o1_0.id,o1_0.expiry_time,o1_0.otp,u1_0.id,u1_0.email,u1_0.gender,u1_0.is_active,u1_0.name,u1_0.profile_image,u1_0.pwd,u1_0.role,u1_0.tell,o1_0.verified from otp o1_0 left join tb_users u1_0 on u1_0.id=o1_0.user_id where o1_0.user_id=?
Hibernate: select o1_0.id,o1_0.expiry_time,o1_0.otp,u1_0.id,u1_0.email,u1_0.gender,u1_0.is_active,u1_0.name,u1_0.profile_image,u1_0.pwd,u1_0.role,u1_0.tell,o1_0.verified from otp o1_0 left join tb_users u1_0 on u1_0.id=o1_0.user_id where o1_0.user_id=?
2026-09-15T12:08:45.199+07:00 DEBUG 21060 --- [vehicles_rental] [nio-8080-exec-9] org.hibernate.SQL                        : select u1_0.id,u1_0.email,u1_0.gender,u1_0.is_active,u1_0.name,u1_0.profile_image,u1_0.pwd,u1_0.role,u1_0.tell from tb_users u1_0 where u1_0.email=?
Hibernate: select u1_0.id,u1_0.email,u1_0.gender,u1_0.is_active,u1_0.name,u1_0.profile_image,u1_0.pwd,u1_0.role,u1_0.tell from tb_users u1_0 where u1_0.email=?
2026-09-15T12:08:45.199+07:00 DEBUG 21060 --- [vehicles_rental] [nio-8080-exec-9] org.hibernate.SQL                        : select o1_0.id,o1_0.expiry_time,o1_0.otp,u1_0.id,u1_0.email,u1_0.gender,u1_0.is_active,u1_0.name,u1_0.profile_image,u1_0.pwd,u1_0.role,u1_0.tell,o1_0.verified from otp o1_0 left join tb_users u1_0 on u1_0.id=o1_0.user_id where o1_0.user_id=?
Hibernate: select o1_0.id,o1_0.expiry_time,o1_0.otp,u1_0.id,u1_0.email,u1_0.gender,u1_0.is_active,u1_0.name,u1_0.profile_image,u1_0.pwd,u1_0.role,u1_0.tell,o1_0.verified from otp o1_0 left join tb_users u1_0 on u1_0.id=o1_0.user_id where o1_0.user_id=?
2026-09-15T12:08:45.199+07:00 DEBUG 21060 --- [vehicles_rental] [io-8080-exec-10] o.s.web.servlet.DispatcherServlet        : GET "/api/vehicle/getAll", parameters={}
2026-09-15T12:08:45.201+07:00 DEBUG 21060 --- [vehicles_rental] [io-8080-exec-10] s.w.s.m.m.a.RequestMappingHandlerMapping : Mapped to org.example.vehicles_rental.controller.VehicleController#getAll()
2026-09-15T12:08:45.202+07:00 DEBUG 21060 --- [vehicles_rental] [nio-8080-exec-9] o.s.web.servlet.DispatcherServlet        : GET "/api/bookings", parameters={}
2026-09-15T12:08:45.202+07:00 DEBUG 21060 --- [vehicles_rental] [nio-8080-exec-9] s.w.s.m.m.a.RequestMappingHandlerMapping : Mapped to org.example.vehicles_rental.controller.BookingController#getAll()
2026-09-15T12:08:45.203+07:00 DEBUG 21060 --- [vehicles_rental] [io-8080-exec-10] org.hibernate.SQL                        : select v1_0.id,v1_0.brand_id,v1_0.category_id,v1_0.create_at,v1_0.description,v1_0.fuel_type,v1_0.model,v1_0.name,v1_0.plate_number,v1_0.price_per_day,v1_0.seat,v1_0.status,v1_0.transmission,v1_0.update_at,v1_0.year from vehicles v1_0
Hibernate: select v1_0.id,v1_0.brand_id,v1_0.category_id,v1_0.create_at,v1_0.description,v1_0.fuel_type,v1_0.model,v1_0.name,v1_0.plate_number,v1_0.price_per_day,v1_0.seat,v1_0.status,v1_0.transmission,v1_0.update_at,v1_0.year from vehicles v1_0
2026-09-15T12:08:45.203+07:00 DEBUG 21060 --- [vehicles_rental] [nio-8080-exec-9] org.hibernate.SQL                        : select u1_0.id,u1_0.email,u1_0.gender,u1_0.is_active,u1_0.name,u1_0.profile_image,u1_0.pwd,u1_0.role,u1_0.tell from tb_users u1_0 where u1_0.email=?
Hibernate: select u1_0.id,u1_0.email,u1_0.gender,u1_0.is_active,u1_0.name,u1_0.profile_image,u1_0.pwd,u1_0.role,u1_0.tell from tb_users u1_0 where u1_0.email=?
2026-09-15T12:08:45.203+07:00 DEBUG 21060 --- [vehicles_rental] [nio-8080-exec-9] org.hibernate.SQL                        : select o1_0.id,o1_0.expiry_time,o1_0.otp,u1_0.id,u1_0.email,u1_0.gender,u1_0.is_active,u1_0.name,u1_0.profile_image,u1_0.pwd,u1_0.role,u1_0.tell,o1_0.verified from otp o1_0 left join tb_users u1_0 on u1_0.id=o1_0.user_id where o1_0.user_id=?
Hibernate: select o1_0.id,o1_0.expiry_time,o1_0.otp,u1_0.id,u1_0.email,u1_0.gender,u1_0.is_active,u1_0.name,u1_0.profile_image,u1_0.pwd,u1_0.role,u1_0.tell,o1_0.verified from otp o1_0 left join tb_users u1_0 on u1_0.id=o1_0.user_id where o1_0.user_id=?
2026-09-15T12:08:45.204+07:00 DEBUG 21060 --- [vehicles_rental] [io-8080-exec-10] org.hibernate.SQL                        : select b1_0.id,b1_0.brand_name,b1_0.create_at,b1_0.logo,b1_0.update_at from brand b1_0 where b1_0.id=?
Hibernate: select b1_0.id,b1_0.brand_name,b1_0.create_at,b1_0.logo,b1_0.update_at from brand b1_0 where b1_0.id=?
2026-09-15T12:08:45.204+07:00 DEBUG 21060 --- [vehicles_rental] [nio-8080-exec-9] org.hibernate.SQL                        : select b1_0.id,b1_0.created_at,b1_0.pickup_date,b1_0.return_date,b1_0.status,b1_0.total_days,b1_0.total_price,b1_0.updated_at,b1_0.user_id,b1_0.vehicle_id from bookings b1_0 where b1_0.user_id=?
Hibernate: select b1_0.id,b1_0.created_at,b1_0.pickup_date,b1_0.return_date,b1_0.status,b1_0.total_days,b1_0.total_price,b1_0.updated_at,b1_0.user_id,b1_0.vehicle_id from bookings b1_0 where b1_0.user_id=?
2026-09-15T12:08:45.205+07:00 DEBUG 21060 --- [vehicles_rental] [io-8080-exec-10] org.hibernate.SQL                        : select c1_0.id,c1_0.category_name,c1_0.create_at,c1_0.description,c1_0.update_at from categories c1_0 where c1_0.id=?
Hibernate: select c1_0.id,c1_0.category_name,c1_0.create_at,c1_0.description,c1_0.update_at from categories c1_0 where c1_0.id=?
2026-09-15T12:08:45.206+07:00 DEBUG 21060 --- [vehicles_rental] [nio-8080-exec-9] org.hibernate.SQL                        : select v1_0.id,b1_0.id,b1_0.brand_name,b1_0.create_at,b1_0.logo,b1_0.update_at,c1_0.id,c1_0.category_name,c1_0.create_at,c1_0.description,c1_0.update_at,v1_0.create_at,v1_0.description,v1_0.fuel_type,v1_0.model,v1_0.name,v1_0.plate_number,v1_0.price_per_day,v1_0.seat,v1_0.status,v1_0.transmission,v1_0.update_at,v1_0.year from vehicles v1_0 left join brand b1_0 on b1_0.id=v1_0.brand_id left join categories c1_0 on c1_0.id=v1_0.category_id where v1_0.id=?
Hibernate: select v1_0.id,b1_0.id,b1_0.brand_name,b1_0.create_at,b1_0.logo,b1_0.update_at,c1_0.id,c1_0.category_name,c1_0.create_at,c1_0.description,c1_0.update_at,v1_0.create_at,v1_0.description,v1_0.fuel_type,v1_0.model,v1_0.name,v1_0.plate_number,v1_0.price_per_day,v1_0.seat,v1_0.status,v1_0.transmission,v1_0.update_at,v1_0.year from vehicles v1_0 left join brand b1_0 on b1_0.id=v1_0.brand_id left join categories c1_0 on c1_0.id=v1_0.category_id where v1_0.id=?
2026-09-15T12:08:45.206+07:00 DEBUG 21060 --- [vehicles_rental] [io-8080-exec-10] org.hibernate.SQL                        : select b1_0.id,b1_0.brand_name,b1_0.create_at,b1_0.logo,b1_0.update_at from brand b1_0 where b1_0.id=?
Hibernate: select b1_0.id,b1_0.brand_name,b1_0.create_at,b1_0.logo,b1_0.update_at from brand b1_0 where b1_0.id=?
2026-09-15T12:08:45.207+07:00 DEBUG 21060 --- [vehicles_rental] [io-8080-exec-10] org.hibernate.SQL                        : select c1_0.id,c1_0.category_name,c1_0.create_at,c1_0.description,c1_0.update_at from categories c1_0 where c1_0.id=?
Hibernate: select c1_0.id,c1_0.category_name,c1_0.create_at,c1_0.description,c1_0.update_at from categories c1_0 where c1_0.id=?
2026-09-15T12:08:45.207+07:00 DEBUG 21060 --- [vehicles_rental] [nio-8080-exec-9] org.hibernate.SQL                        : select v1_0.id,b1_0.id,b1_0.brand_name,b1_0.create_at,b1_0.logo,b1_0.update_at,c1_0.id,c1_0.category_name,c1_0.create_at,c1_0.description,c1_0.update_at,v1_0.create_at,v1_0.description,v1_0.fuel_type,v1_0.model,v1_0.name,v1_0.plate_number,v1_0.price_per_day,v1_0.seat,v1_0.status,v1_0.transmission,v1_0.update_at,v1_0.year from vehicles v1_0 left join brand b1_0 on b1_0.id=v1_0.brand_id left join categories c1_0 on c1_0.id=v1_0.category_id where v1_0.id=?
Hibernate: select v1_0.id,b1_0.id,b1_0.brand_name,b1_0.create_at,b1_0.logo,b1_0.update_at,c1_0.id,c1_0.category_name,c1_0.create_at,c1_0.description,c1_0.update_at,v1_0.create_at,v1_0.description,v1_0.fuel_type,v1_0.model,v1_0.name,v1_0.plate_number,v1_0.price_per_day,v1_0.seat,v1_0.status,v1_0.transmission,v1_0.update_at,v1_0.year from vehicles v1_0 left join brand b1_0 on b1_0.id=v1_0.brand_id left join categories c1_0 on c1_0.id=v1_0.category_id where v1_0.id=?
2026-09-15T12:08:45.208+07:00 DEBUG 21060 --- [vehicles_rental] [io-8080-exec-10] org.hibernate.SQL                        : select b1_0.id,b1_0.brand_name,b1_0.create_at,b1_0.logo,b1_0.update_at from brand b1_0 where b1_0.id=?
2026-09-15T12:08:45.208+07:00 DEBUG 21060 --- [vehicles_rental] [nio-8080-exec-9] org.hibernate.SQL                        : select v1_0.id,b1_0.id,b1_0.brand_name,b1_0.create_at,b1_0.logo,b1_0.update_at,c1_0.id,c1_0.category_name,c1_0.create_at,c1_0.description,c1_0.update_at,v1_0.create_at,v1_0.description,v1_0.fuel_type,v1_0.model,v1_0.name,v1_0.plate_number,v1_0.price_per_day,v1_0.seat,v1_0.status,v1_0.transmission,v1_0.update_at,v1_0.year from vehicles v1_0 left join brand b1_0 on b1_0.id=v1_0.brand_id left join categories c1_0 on c1_0.id=v1_0.category_id where v1_0.id=?
Hibernate: select v1_0.id,b1_0.id,b1_0.brand_name,b1_0.create_at,b1_0.logo,b1_0.update_at,c1_0.id,c1_0.category_name,c1_0.create_at,c1_0.description,c1_0.update_at,v1_0.create_at,v1_0.description,v1_0.fuel_type,v1_0.model,v1_0.name,v1_0.plate_number,v1_0.price_per_day,v1_0.seat,v1_0.status,v1_0.transmission,v1_0.update_at,v1_0.year from vehicles v1_0 left join brand b1_0 on b1_0.id=v1_0.brand_id left join categories c1_0 on c1_0.id=v1_0.category_id where v1_0.id=?
Hibernate: select b1_0.id,b1_0.brand_name,b1_0.create_at,b1_0.logo,b1_0.update_at from brand b1_0 where b1_0.id=?
2026-09-15T12:08:45.209+07:00 DEBUG 21060 --- [vehicles_rental] [io-8080-exec-10] org.hibernate.SQL                        : select c1_0.id,c1_0.category_name,c1_0.create_at,c1_0.description,c1_0.update_at from categories c1_0 where c1_0.id=?
Hibernate: select c1_0.id,c1_0.category_name,c1_0.create_at,c1_0.description,c1_0.update_at from categories c1_0 where c1_0.id=?
2026-09-15T12:08:45.209+07:00 DEBUG 21060 --- [vehicles_rental] [nio-8080-exec-9] org.hibernate.SQL                        : select v1_0.id,b1_0.id,b1_0.brand_name,b1_0.create_at,b1_0.logo,b1_0.update_at,c1_0.id,c1_0.category_name,c1_0.create_at,c1_0.description,c1_0.update_at,v1_0.create_at,v1_0.description,v1_0.fuel_type,v1_0.model,v1_0.name,v1_0.plate_number,v1_0.price_per_day,v1_0.seat,v1_0.status,v1_0.transmission,v1_0.update_at,v1_0.year from vehicles v1_0 left join brand b1_0 on b1_0.id=v1_0.brand_id left join categories c1_0 on c1_0.id=v1_0.category_id where v1_0.id=?
Hibernate: select v1_0.id,b1_0.id,b1_0.brand_name,b1_0.create_at,b1_0.logo,b1_0.update_at,c1_0.id,c1_0.category_name,c1_0.create_at,c1_0.description,c1_0.update_at,v1_0.create_at,v1_0.description,v1_0.fuel_type,v1_0.model,v1_0.name,v1_0.plate_number,v1_0.price_per_day,v1_0.seat,v1_0.status,v1_0.transmission,v1_0.update_at,v1_0.year from vehicles v1_0 left join brand b1_0 on b1_0.id=v1_0.brand_id left join categories c1_0 on c1_0.id=v1_0.category_id where v1_0.id=?
2026-09-15T12:08:45.209+07:00 DEBUG 21060 --- [vehicles_rental] [io-8080-exec-10] org.hibernate.SQL                        : select b1_0.id,b1_0.brand_name,b1_0.create_at,b1_0.logo,b1_0.update_at from brand b1_0 where b1_0.id=?
Hibernate: select b1_0.id,b1_0.brand_name,b1_0.create_at,b1_0.logo,b1_0.update_at from brand b1_0 where b1_0.id=?
2026-09-15T12:08:45.210+07:00 DEBUG 21060 --- [vehicles_rental] [nio-8080-exec-9] org.hibernate.SQL                        : select v1_0.id,b1_0.id,b1_0.brand_name,b1_0.create_at,b1_0.logo,b1_0.update_at,c1_0.id,c1_0.category_name,c1_0.create_at,c1_0.description,c1_0.update_at,v1_0.create_at,v1_0.description,v1_0.fuel_type,v1_0.model,v1_0.name,v1_0.plate_number,v1_0.price_per_day,v1_0.seat,v1_0.status,v1_0.transmission,v1_0.update_at,v1_0.year from vehicles v1_0 left join brand b1_0 on b1_0.id=v1_0.brand_id left join categories c1_0 on c1_0.id=v1_0.category_id where v1_0.id=?
Hibernate: select v1_0.id,b1_0.id,b1_0.brand_name,b1_0.create_at,b1_0.logo,b1_0.update_at,c1_0.id,c1_0.category_name,c1_0.create_at,c1_0.description,c1_0.update_at,v1_0.create_at,v1_0.description,v1_0.fuel_type,v1_0.model,v1_0.name,v1_0.plate_number,v1_0.price_per_day,v1_0.seat,v1_0.status,v1_0.transmission,v1_0.update_at,v1_0.year from vehicles v1_0 left join brand b1_0 on b1_0.id=v1_0.brand_id left join categories c1_0 on c1_0.id=v1_0.category_id where v1_0.id=?
2026-09-15T12:08:45.210+07:00 DEBUG 21060 --- [vehicles_rental] [io-8080-exec-10] org.hibernate.SQL                        : select c1_0.id,c1_0.category_name,c1_0.create_at,c1_0.description,c1_0.update_at from categories c1_0 where c1_0.id=?
Hibernate: select c1_0.id,c1_0.category_name,c1_0.create_at,c1_0.description,c1_0.update_at from categories c1_0 where c1_0.id=?
2026-09-15T12:08:45.210+07:00 DEBUG 21060 --- [vehicles_rental] [io-8080-exec-10] org.hibernate.SQL                        : select b1_0.id,b1_0.brand_name,b1_0.create_at,b1_0.logo,b1_0.update_at from brand b1_0 where b1_0.id=?
Hibernate: select b1_0.id,b1_0.brand_name,b1_0.create_at,b1_0.logo,b1_0.update_at from brand b1_0 where b1_0.id=?
2026-09-15T12:08:45.210+07:00 DEBUG 21060 --- [vehicles_rental] [nio-8080-exec-9] org.hibernate.SQL                        : select v1_0.id,b1_0.id,b1_0.brand_name,b1_0.create_at,b1_0.logo,b1_0.update_at,c1_0.id,c1_0.category_name,c1_0.create_at,c1_0.description,c1_0.update_at,v1_0.create_at,v1_0.description,v1_0.fuel_type,v1_0.model,v1_0.name,v1_0.plate_number,v1_0.price_per_day,v1_0.seat,v1_0.status,v1_0.transmission,v1_0.update_at,v1_0.year from vehicles v1_0 left join brand b1_0 on b1_0.id=v1_0.brand_id left join categories c1_0 on c1_0.id=v1_0.category_id where v1_0.id=?
Hibernate: select v1_0.id,b1_0.id,b1_0.brand_name,b1_0.create_at,b1_0.logo,b1_0.update_at,c1_0.id,c1_0.category_name,c1_0.create_at,c1_0.description,c1_0.update_at,v1_0.create_at,v1_0.description,v1_0.fuel_type,v1_0.model,v1_0.name,v1_0.plate_number,v1_0.price_per_day,v1_0.seat,v1_0.status,v1_0.transmission,v1_0.update_at,v1_0.year from vehicles v1_0 left join brand b1_0 on b1_0.id=v1_0.brand_id left join categories c1_0 on c1_0.id=v1_0.category_id where v1_0.id=?
2026-09-15T12:08:45.211+07:00 DEBUG 21060 --- [vehicles_rental] [nio-8080-exec-9] o.s.w.s.m.m.a.HttpEntityMethodProcessor  : Using 'application/json', given [application/json, text/plain, */*] and supported [application/json, application/*+json]
2026-09-15T12:08:45.212+07:00 DEBUG 21060 --- [vehicles_rental] [io-8080-exec-10] m.m.a.RequestResponseBodyMethodProcessor : Using 'application/json', given [application/json, text/plain, */*] and supported [application/json, application/*+json]
2026-09-15T12:08:45.212+07:00 DEBUG 21060 --- [vehicles_rental] [nio-8080-exec-9] o.s.w.s.m.m.a.HttpEntityMethodProcessor  : Writing [ApiResponse(msg=Bookings retrieved successfully, status=200, data=[BookingResponse(id=4, userId=7, u (truncated)...]
2026-09-15T12:08:45.212+07:00 DEBUG 21060 --- [vehicles_rental] [io-8080-exec-10] m.m.a.RequestResponseBodyMethodProcessor : Writing [ApiResponse(msg=get all vehicles successfully, status=200, data=[VehicleResponse(id=1, category_name (truncated)...]
2026-09-15T12:08:45.213+07:00 DEBUG 21060 --- [vehicles_rental] [io-8080-exec-10] o.s.web.servlet.DispatcherServlet        : Completed 200 OK
2026-09-15T12:08:45.213+07:00 DEBUG 21060 --- [vehicles_rental] [nio-8080-exec-9] o.s.web.servlet.DispatcherServlet        : Completed 200 OK
2026-09-15T12:08:49.740+07:00 DEBUG 21060 --- [vehicles_rental] [nio-8080-exec-1] org.hibernate.SQL                        : select u1_0.id,u1_0.email,u1_0.gender,u1_0.is_active,u1_0.name,u1_0.profile_image,u1_0.pwd,u1_0.role,u1_0.tell from tb_users u1_0 where u1_0.email=?
Hibernate: select u1_0.id,u1_0.email,u1_0.gender,u1_0.is_active,u1_0.name,u1_0.profile_image,u1_0.pwd,u1_0.role,u1_0.tell from tb_users u1_0 where u1_0.email=?
2026-09-15T12:08:49.741+07:00 DEBUG 21060 --- [vehicles_rental] [nio-8080-exec-1] org.hibernate.SQL                        : select o1_0.id,o1_0.expiry_time,o1_0.otp,u1_0.id,u1_0.email,u1_0.gender,u1_0.is_active,u1_0.name,u1_0.profile_image,u1_0.pwd,u1_0.role,u1_0.tell,o1_0.verified from otp o1_0 left join tb_users u1_0 on u1_0.id=o1_0.user_id where o1_0.user_id=?
Hibernate: select o1_0.id,o1_0.expiry_time,o1_0.otp,u1_0.id,u1_0.email,u1_0.gender,u1_0.is_active,u1_0.name,u1_0.profile_image,u1_0.pwd,u1_0.role,u1_0.tell,o1_0.verified from otp o1_0 left join tb_users u1_0 on u1_0.id=o1_0.user_id where o1_0.user_id=?
2026-09-15T12:08:49.742+07:00 DEBUG 21060 --- [vehicles_rental] [nio-8080-exec-1] o.s.web.servlet.DispatcherServlet        : GET "/api/vehicle/getById/3", parameters={}
2026-09-15T12:08:49.743+07:00 DEBUG 21060 --- [vehicles_rental] [nio-8080-exec-1] s.w.s.m.m.a.RequestMappingHandlerMapping : Mapped to org.example.vehicles_rental.controller.VehicleController#getById(Long)
2026-09-15T12:08:49.744+07:00 DEBUG 21060 --- [vehicles_rental] [nio-8080-exec-1] org.hibernate.SQL                        : select v1_0.id,b1_0.id,b1_0.brand_name,b1_0.create_at,b1_0.logo,b1_0.update_at,c1_0.id,c1_0.category_name,c1_0.create_at,c1_0.description,c1_0.update_at,v1_0.create_at,v1_0.description,v1_0.fuel_type,v1_0.model,v1_0.name,v1_0.plate_number,v1_0.price_per_day,v1_0.seat,v1_0.status,v1_0.transmission,v1_0.update_at,v1_0.year from vehicles v1_0 left join brand b1_0 on b1_0.id=v1_0.brand_id left join categories c1_0 on c1_0.id=v1_0.category_id where v1_0.id=?
Hibernate: select v1_0.id,b1_0.id,b1_0.brand_name,b1_0.create_at,b1_0.logo,b1_0.update_at,c1_0.id,c1_0.category_name,c1_0.create_at,c1_0.description,c1_0.update_at,v1_0.create_at,v1_0.description,v1_0.fuel_type,v1_0.model,v1_0.name,v1_0.plate_number,v1_0.price_per_day,v1_0.seat,v1_0.status,v1_0.transmission,v1_0.update_at,v1_0.year from vehicles v1_0 left join brand b1_0 on b1_0.id=v1_0.brand_id left join categories c1_0 on c1_0.id=v1_0.category_id where v1_0.id=?
2026-09-15T12:08:49.746+07:00 DEBUG 21060 --- [vehicles_rental] [nio-8080-exec-1] m.m.a.RequestResponseBodyMethodProcessor : Using 'application/json', given [application/json, text/plain, */*] and supported [application/json, application/*+json]
2026-09-15T12:08:49.746+07:00 DEBUG 21060 --- [vehicles_rental] [nio-8080-exec-1] m.m.a.RequestResponseBodyMethodProcessor : Writing [ApiResponse(msg=get vehicle ById successfully, status=200, data=VehicleResponse(id=3, category_name= (truncated)...]
2026-09-15T12:08:49.746+07:00 DEBUG 21060 --- [vehicles_rental] [nio-8080-exec-1] o.s.web.servlet.DispatcherServlet        : Completed 200 OK
2026-09-15T12:08:52.311+07:00 DEBUG 21060 --- [vehicles_rental] [nio-8080-exec-4] org.hibernate.SQL                        : select u1_0.id,u1_0.email,u1_0.gender,u1_0.is_active,u1_0.name,u1_0.profile_image,u1_0.pwd,u1_0.role,u1_0.tell from tb_users u1_0 where u1_0.email=?
Hibernate: select u1_0.id,u1_0.email,u1_0.gender,u1_0.is_active,u1_0.name,u1_0.profile_image,u1_0.pwd,u1_0.role,u1_0.tell from tb_users u1_0 where u1_0.email=?
2026-09-15T12:08:52.311+07:00 DEBUG 21060 --- [vehicles_rental] [nio-8080-exec-4] org.hibernate.SQL                        : select o1_0.id,o1_0.expiry_time,o1_0.otp,u1_0.id,u1_0.email,u1_0.gender,u1_0.is_active,u1_0.name,u1_0.profile_image,u1_0.pwd,u1_0.role,u1_0.tell,o1_0.verified from otp o1_0 left join tb_users u1_0 on u1_0.id=o1_0.user_id where o1_0.user_id=?
Hibernate: select o1_0.id,o1_0.expiry_time,o1_0.otp,u1_0.id,u1_0.email,u1_0.gender,u1_0.is_active,u1_0.name,u1_0.profile_image,u1_0.pwd,u1_0.role,u1_0.tell,o1_0.verified from otp o1_0 left join tb_users u1_0 on u1_0.id=o1_0.user_id where o1_0.user_id=?
2026-09-15T12:08:52.313+07:00 DEBUG 21060 --- [vehicles_rental] [nio-8080-exec-4] o.s.web.servlet.DispatcherServlet        : POST "/api/bookings", parameters={}
2026-09-15T12:08:52.313+07:00 DEBUG 21060 --- [vehicles_rental] [nio-8080-exec-4] s.w.s.m.m.a.RequestMappingHandlerMapping : Mapped to org.example.vehicles_rental.controller.BookingController#create(BookingRequest)
2026-09-15T12:08:52.314+07:00 DEBUG 21060 --- [vehicles_rental] [nio-8080-exec-4] m.m.a.RequestResponseBodyMethodProcessor : Read "application/json;charset=UTF-8" to [BookingRequest(userId=null, vehicleId=3, pickupDate=2026-09-16, returnDate=2026-09-20, status=null)]
2026-09-15T12:08:52.314+07:00 DEBUG 21060 --- [vehicles_rental] [nio-8080-exec-4] org.hibernate.SQL                        : select u1_0.id,u1_0.email,u1_0.gender,u1_0.is_active,u1_0.name,u1_0.profile_image,u1_0.pwd,u1_0.role,u1_0.tell from tb_users u1_0 where u1_0.email=?
Hibernate: select u1_0.id,u1_0.email,u1_0.gender,u1_0.is_active,u1_0.name,u1_0.profile_image,u1_0.pwd,u1_0.role,u1_0.tell from tb_users u1_0 where u1_0.email=?
2026-09-15T12:08:52.315+07:00 DEBUG 21060 --- [vehicles_rental] [nio-8080-exec-4] org.hibernate.SQL                        : select o1_0.id,o1_0.expiry_time,o1_0.otp,u1_0.id,u1_0.email,u1_0.gender,u1_0.is_active,u1_0.name,u1_0.profile_image,u1_0.pwd,u1_0.role,u1_0.tell,o1_0.verified from otp o1_0 left join tb_users u1_0 on u1_0.id=o1_0.user_id where o1_0.user_id=?
Hibernate: select o1_0.id,o1_0.expiry_time,o1_0.otp,u1_0.id,u1_0.email,u1_0.gender,u1_0.is_active,u1_0.name,u1_0.profile_image,u1_0.pwd,u1_0.role,u1_0.tell,o1_0.verified from otp o1_0 left join tb_users u1_0 on u1_0.id=o1_0.user_id where o1_0.user_id=?
2026-09-15T12:08:52.316+07:00 DEBUG 21060 --- [vehicles_rental] [nio-8080-exec-4] org.hibernate.SQL                        : select v1_0.id,b1_0.id,b1_0.brand_name,b1_0.create_at,b1_0.logo,b1_0.update_at,c1_0.id,c1_0.category_name,c1_0.create_at,c1_0.description,c1_0.update_at,v1_0.create_at,v1_0.description,v1_0.fuel_type,v1_0.model,v1_0.name,v1_0.plate_number,v1_0.price_per_day,v1_0.seat,v1_0.status,v1_0.transmission,v1_0.update_at,v1_0.year from vehicles v1_0 left join brand b1_0 on b1_0.id=v1_0.brand_id left join categories c1_0 on c1_0.id=v1_0.category_id where v1_0.id=?
Hibernate: select v1_0.id,b1_0.id,b1_0.brand_name,b1_0.create_at,b1_0.logo,b1_0.update_at,c1_0.id,c1_0.category_name,c1_0.create_at,c1_0.description,c1_0.update_at,v1_0.create_at,v1_0.description,v1_0.fuel_type,v1_0.model,v1_0.name,v1_0.plate_number,v1_0.price_per_day,v1_0.seat,v1_0.status,v1_0.transmission,v1_0.update_at,v1_0.year from vehicles v1_0 left join brand b1_0 on b1_0.id=v1_0.brand_id left join categories c1_0 on c1_0.id=v1_0.category_id where v1_0.id=?
2026-09-15T12:08:52.318+07:00 DEBUG 21060 --- [vehicles_rental] [nio-8080-exec-4] org.hibernate.SQL                        : select count(b1_0.id)>0 from bookings b1_0 where b1_0.vehicle_id=? and b1_0.pickup_date<? and b1_0.return_date>? and b1_0.status in (?,?) and b1_0.user_id<>?
Hibernate: select count(b1_0.id)>0 from bookings b1_0 where b1_0.vehicle_id=? and b1_0.pickup_date<? and b1_0.return_date>? and b1_0.status in (?,?) and b1_0.user_id<>?
2026-09-15T12:08:52.320+07:00 DEBUG 21060 --- [vehicles_rental] [nio-8080-exec-4] org.hibernate.SQL                        : insert into bookings (created_at,pickup_date,return_date,status,total_days,total_price,updated_at,user_id,vehicle_id) values (?,?,?,?,?,?,?,?,?)
Hibernate: insert into bookings (created_at,pickup_date,return_date,status,total_days,total_price,updated_at,user_id,vehicle_id) values (?,?,?,?,?,?,?,?,?)
2026-09-15T12:08:52.323+07:00 DEBUG 21060 --- [vehicles_rental] [nio-8080-exec-4] org.hibernate.SQL                        : select ns1_0.id,ns1_0.booking_cancellation,ns1_0.daily_summary_report,ns1_0.low_availability_alert,ns1_0.new_booking,ns1_0.new_user_registration,ns1_0.payment_received from notification_settings ns1_0 where ns1_0.id=?
Hibernate: select ns1_0.id,ns1_0.booking_cancellation,ns1_0.daily_summary_report,ns1_0.low_availability_alert,ns1_0.new_booking,ns1_0.new_user_registration,ns1_0.payment_received from notification_settings ns1_0 where ns1_0.id=?
2026-09-15T12:08:52.324+07:00 DEBUG 21060 --- [vehicles_rental] [nio-8080-exec-4] org.hibernate.SQL                        : select u1_0.id,u1_0.email,u1_0.gender,u1_0.is_active,u1_0.name,u1_0.profile_image,u1_0.pwd,u1_0.role,u1_0.tell from tb_users u1_0 where u1_0.role=?
Hibernate: select u1_0.id,u1_0.email,u1_0.gender,u1_0.is_active,u1_0.name,u1_0.profile_image,u1_0.pwd,u1_0.role,u1_0.tell from tb_users u1_0 where u1_0.role=?
2026-09-15T12:08:52.325+07:00 DEBUG 21060 --- [vehicles_rental] [nio-8080-exec-4] o.s.w.s.m.m.a.HttpEntityMethodProcessor  : Using 'application/json', given [application/json, text/plain, */*] and supported [application/json, application/*+json]
2026-09-15T12:08:52.325+07:00 DEBUG 21060 --- [vehicles_rental] [nio-8080-exec-4] o.s.w.s.m.m.a.HttpEntityMethodProcessor  : Writing [ApiResponse(msg=Booking created successfully, status=201, data=BookingResponse(id=19, userId=7, user (truncated)...]
2026-09-15T12:08:52.326+07:00 DEBUG 21060 --- [vehicles_rental] [nio-8080-exec-4] o.s.web.servlet.DispatcherServlet        : Completed 200 OK
2026-09-15T12:08:52.372+07:00 DEBUG 21060 --- [vehicles_rental] [nio-8080-exec-5] org.hibernate.SQL                        : select u1_0.id,u1_0.email,u1_0.gender,u1_0.is_active,u1_0.name,u1_0.profile_image,u1_0.pwd,u1_0.role,u1_0.tell from tb_users u1_0 where u1_0.email=?
Hibernate: select u1_0.id,u1_0.email,u1_0.gender,u1_0.is_active,u1_0.name,u1_0.profile_image,u1_0.pwd,u1_0.role,u1_0.tell from tb_users u1_0 where u1_0.email=?
2026-09-15T12:08:52.373+07:00 DEBUG 21060 --- [vehicles_rental] [nio-8080-exec-5] org.hibernate.SQL                        : select o1_0.id,o1_0.expiry_time,o1_0.otp,u1_0.id,u1_0.email,u1_0.gender,u1_0.is_active,u1_0.name,u1_0.profile_image,u1_0.pwd,u1_0.role,u1_0.tell,o1_0.verified from otp o1_0 left join tb_users u1_0 on u1_0.id=o1_0.user_id where o1_0.user_id=?
Hibernate: select o1_0.id,o1_0.expiry_time,o1_0.otp,u1_0.id,u1_0.email,u1_0.gender,u1_0.is_active,u1_0.name,u1_0.profile_image,u1_0.pwd,u1_0.role,u1_0.tell,o1_0.verified from otp o1_0 left join tb_users u1_0 on u1_0.id=o1_0.user_id where o1_0.user_id=?
2026-09-15T12:08:52.375+07:00 DEBUG 21060 --- [vehicles_rental] [nio-8080-exec-5] o.s.web.servlet.DispatcherServlet        : GET "/api/paymentMethods", parameters={}
2026-09-15T12:08:52.375+07:00 DEBUG 21060 --- [vehicles_rental] [nio-8080-exec-5] s.w.s.m.m.a.RequestMappingHandlerMapping : Mapped to org.example.vehicles_rental.controller.PaymentMethodController#getAll()
2026-09-15T12:08:52.377+07:00 DEBUG 21060 --- [vehicles_rental] [nio-8080-exec-5] org.hibernate.SQL                        : select pm1_0.id,pm1_0.description,pm1_0.method_name,pm1_0.status from payment_methods pm1_0
Hibernate: select pm1_0.id,pm1_0.description,pm1_0.method_name,pm1_0.status from payment_methods pm1_0
2026-09-15T12:08:52.378+07:00 DEBUG 21060 --- [vehicles_rental] [nio-8080-exec-5] o.s.w.s.m.m.a.HttpEntityMethodProcessor  : Using 'application/json', given [application/json, text/plain, */*] and supported [application/json, application/*+json]
2026-09-15T12:08:52.378+07:00 DEBUG 21060 --- [vehicles_rental] [nio-8080-exec-5] o.s.w.s.m.m.a.HttpEntityMethodProcessor  : Writing [ApiResponse(msg=Payment methods retrieved successfully, status=200, data=[PaymentMethodResponse(id=1 (truncated)...]
2026-09-15T12:08:52.380+07:00 DEBUG 21060 --- [vehicles_rental] [nio-8080-exec-5] o.s.web.servlet.DispatcherServlet        : Completed 200 OK
2026-09-15T12:08:52.392+07:00 DEBUG 21060 --- [vehicles_rental] [nio-8080-exec-7] org.hibernate.SQL                        : select u1_0.id,u1_0.email,u1_0.gender,u1_0.is_active,u1_0.name,u1_0.profile_image,u1_0.pwd,u1_0.role,u1_0.tell from tb_users u1_0 where u1_0.email=?
Hibernate: select u1_0.id,u1_0.email,u1_0.gender,u1_0.is_active,u1_0.name,u1_0.profile_image,u1_0.pwd,u1_0.role,u1_0.tell from tb_users u1_0 where u1_0.email=?
2026-09-15T12:08:52.393+07:00 DEBUG 21060 --- [vehicles_rental] [nio-8080-exec-7] org.hibernate.SQL                        : select o1_0.id,o1_0.expiry_time,o1_0.otp,u1_0.id,u1_0.email,u1_0.gender,u1_0.is_active,u1_0.name,u1_0.profile_image,u1_0.pwd,u1_0.role,u1_0.tell,o1_0.verified from otp o1_0 left join tb_users u1_0 on u1_0.id=o1_0.user_id where o1_0.user_id=?
Hibernate: select o1_0.id,o1_0.expiry_time,o1_0.otp,u1_0.id,u1_0.email,u1_0.gender,u1_0.is_active,u1_0.name,u1_0.profile_image,u1_0.pwd,u1_0.role,u1_0.tell,o1_0.verified from otp o1_0 left join tb_users u1_0 on u1_0.id=o1_0.user_id where o1_0.user_id=?
2026-09-15T12:08:52.394+07:00 DEBUG 21060 --- [vehicles_rental] [nio-8080-exec-7] o.s.web.servlet.DispatcherServlet        : GET "/api/payments/bakong/scan-status?amount=0.2&currency=USD", parameters={masked}
2026-09-15T12:08:52.394+07:00 DEBUG 21060 --- [vehicles_rental] [nio-8080-exec-7] s.w.s.m.m.a.RequestMappingHandlerMapping : Mapped to org.example.vehicles_rental.controller.PaymentController#checkBakongScanPayment(String, BigDecimal, String)
2026-09-15T12:08:52.395+07:00 DEBUG 21060 --- [vehicles_rental] [nio-8080-exec-7] o.s.w.s.m.m.a.HttpEntityMethodProcessor  : Using 'application/json', given [application/json, text/plain, */*] and supported [application/json, application/*+json]
2026-09-15T12:08:52.395+07:00 DEBUG 21060 --- [vehicles_rental] [nio-8080-exec-7] o.s.w.s.m.m.a.HttpEntityMethodProcessor  : Writing [BakongPaymentResponse(paymentId=null, bookingId=null, amount=0.2, currency=USD, transactionId=null,  (truncated)...]
2026-09-15T12:08:52.396+07:00 DEBUG 21060 --- [vehicles_rental] [nio-8080-exec-7] o.s.web.servlet.DispatcherServlet        : Completed 200 OK
2026-09-15T12:08:52.404+07:00 DEBUG 21060 --- [vehicles_rental] [nio-8080-exec-6] org.hibernate.SQL                        : select u1_0.id,u1_0.email,u1_0.gender,u1_0.is_active,u1_0.name,u1_0.profile_image,u1_0.pwd,u1_0.role,u1_0.tell from tb_users u1_0 where u1_0.email=?
Hibernate: select u1_0.id,u1_0.email,u1_0.gender,u1_0.is_active,u1_0.name,u1_0.profile_image,u1_0.pwd,u1_0.role,u1_0.tell from tb_users u1_0 where u1_0.email=?
2026-09-15T12:08:52.405+07:00 DEBUG 21060 --- [vehicles_rental] [nio-8080-exec-6] org.hibernate.SQL                        : select o1_0.id,o1_0.expiry_time,o1_0.otp,u1_0.id,u1_0.email,u1_0.gender,u1_0.is_active,u1_0.name,u1_0.profile_image,u1_0.pwd,u1_0.role,u1_0.tell,o1_0.verified from otp o1_0 left join tb_users u1_0 on u1_0.id=o1_0.user_id where o1_0.user_id=?
Hibernate: select o1_0.id,o1_0.expiry_time,o1_0.otp,u1_0.id,u1_0.email,u1_0.gender,u1_0.is_active,u1_0.name,u1_0.profile_image,u1_0.pwd,u1_0.role,u1_0.tell,o1_0.verified from otp o1_0 left join tb_users u1_0 on u1_0.id=o1_0.user_id where o1_0.user_id=?
2026-09-15T12:08:52.407+07:00 DEBUG 21060 --- [vehicles_rental] [nio-8080-exec-6] o.s.web.servlet.DispatcherServlet        : POST "/api/payments/bakong/scan-qr", parameters={}
2026-09-15T12:08:52.407+07:00 DEBUG 21060 --- [vehicles_rental] [nio-8080-exec-6] s.w.s.m.m.a.RequestMappingHandlerMapping : Mapped to org.example.vehicles_rental.controller.PaymentController#createBakongScanQr(CreatePaymentRequest)
2026-09-15T12:08:52.408+07:00 DEBUG 21060 --- [vehicles_rental] [nio-8080-exec-6] m.m.a.RequestResponseBodyMethodProcessor : Read "application/json;charset=UTF-8" to [CreatePaymentRequest(bookingId=19, paymentMethodId=null, amount=0.4, currency=USD)]
2026-09-15T12:08:52.410+07:00 DEBUG 21060 --- [vehicles_rental] [nio-8080-exec-6] o.s.w.s.m.m.a.HttpEntityMethodProcessor  : Using 'application/json', given [application/json, text/plain, */*] and supported [application/json, application/*+json]
2026-09-15T12:08:52.410+07:00 DEBUG 21060 --- [vehicles_rental] [nio-8080-exec-6] o.s.w.s.m.m.a.HttpEntityMethodProcessor  : Writing [BakongPaymentResponse(paymentId=null, bookingId=19, amount=0.4, currency=USD, transactionId=BOOK-19, (truncated)...]
2026-09-15T12:08:52.412+07:00 DEBUG 21060 --- [vehicles_rental] [nio-8080-exec-6] o.s.web.servlet.DispatcherServlet        : Completed 200 OK
2026-09-15T12:08:52.466+07:00 DEBUG 21060 --- [vehicles_rental] [nio-8080-exec-9] org.hibernate.SQL                        : select u1_0.id,u1_0.email,u1_0.gender,u1_0.is_active,u1_0.name,u1_0.profile_image,u1_0.pwd,u1_0.role,u1_0.tell from tb_users u1_0 where u1_0.email=?
Hibernate: select u1_0.id,u1_0.email,u1_0.gender,u1_0.is_active,u1_0.name,u1_0.profile_image,u1_0.pwd,u1_0.role,u1_0.tell from tb_users u1_0 where u1_0.email=?
2026-09-15T12:08:52.467+07:00 DEBUG 21060 --- [vehicles_rental] [nio-8080-exec-9] org.hibernate.SQL                        : select o1_0.id,o1_0.expiry_time,o1_0.otp,u1_0.id,u1_0.email,u1_0.gender,u1_0.is_active,u1_0.name,u1_0.profile_image,u1_0.pwd,u1_0.role,u1_0.tell,o1_0.verified from otp o1_0 left join tb_users u1_0 on u1_0.id=o1_0.user_id where o1_0.user_id=?
Hibernate: select o1_0.id,o1_0.expiry_time,o1_0.otp,u1_0.id,u1_0.email,u1_0.gender,u1_0.is_active,u1_0.name,u1_0.profile_image,u1_0.pwd,u1_0.role,u1_0.tell,o1_0.verified from otp o1_0 left join tb_users u1_0 on u1_0.id=o1_0.user_id where o1_0.user_id=?
2026-09-15T12:08:52.469+07:00 DEBUG 21060 --- [vehicles_rental] [nio-8080-exec-9] o.s.web.servlet.DispatcherServlet        : GET "/api/payments/bakong/scan-status?reference=0256dce21541c61edb0ee90674e30b3c&amount=0.4&currency=USD", parameters={masked}
2026-09-15T12:08:52.469+07:00 DEBUG 21060 --- [vehicles_rental] [nio-8080-exec-9] s.w.s.m.m.a.RequestMappingHandlerMapping : Mapped to org.example.vehicles_rental.controller.PaymentController#checkBakongScanPayment(String, BigDecimal, String)
2026-09-15T12:08:52.469+07:00 DEBUG 21060 --- [vehicles_rental] [nio-8080-exec-9] o.s.web.client.RestTemplate              : HTTP POST https://api-bakong.nbc.gov.kh/v1/check_transaction_by_md5
2026-09-15T12:08:52.470+07:00 DEBUG 21060 --- [vehicles_rental] [nio-8080-exec-9] o.s.web.client.RestTemplate              : Accept=[application/json, application/*+json]
2026-09-15T12:08:52.470+07:00 DEBUG 21060 --- [vehicles_rental] [nio-8080-exec-9] o.s.web.client.RestTemplate              : Writing [{md5=0256dce21541c61edb0ee90674e30b3c}] as "application/json"
2026-09-15T12:08:52.840+07:00 DEBUG 21060 --- [vehicles_rental] [nio-8080-exec-9] o.s.web.client.RestTemplate              : Response 200 OK
2026-09-15T12:08:52.840+07:00 DEBUG 21060 --- [vehicles_rental] [nio-8080-exec-9] o.s.web.client.RestTemplate              : Reading to [java.util.Map<java.lang.String, java.lang.Object>]
2026-09-15T12:08:52.841+07:00 DEBUG 21060 --- [vehicles_rental] [nio-8080-exec-9] o.s.w.s.m.m.a.HttpEntityMethodProcessor  : Using 'application/json', given [application/json, text/plain, */*] and supported [application/json, application/*+json]
2026-09-15T12:08:52.841+07:00 DEBUG 21060 --- [vehicles_rental] [nio-8080-exec-9] o.s.w.s.m.m.a.HttpEntityMethodProcessor  : Writing [BakongPaymentResponse(paymentId=null, bookingId=null, amount=null, currency=null, transactionId=null (truncated)...]
2026-09-15T12:08:52.842+07:00 DEBUG 21060 --- [vehicles_rental] [nio-8080-exec-9] o.s.web.servlet.DispatcherServlet        : Completed 200 OK
2026-09-15T12:08:57.464+07:00 DEBUG 21060 --- [vehicles_rental] [io-8080-exec-10] org.hibernate.SQL                        : select u1_0.id,u1_0.email,u1_0.gender,u1_0.is_active,u1_0.name,u1_0.profile_image,u1_0.pwd,u1_0.role,u1_0.tell from tb_users u1_0 where u1_0.email=?
Hibernate: select u1_0.id,u1_0.email,u1_0.gender,u1_0.is_active,u1_0.name,u1_0.profile_image,u1_0.pwd,u1_0.role,u1_0.tell from tb_users u1_0 where u1_0.email=?
2026-09-15T12:08:57.465+07:00 DEBUG 21060 --- [vehicles_rental] [io-8080-exec-10] org.hibernate.SQL                        : select o1_0.id,o1_0.expiry_time,o1_0.otp,u1_0.id,u1_0.email,u1_0.gender,u1_0.is_active,u1_0.name,u1_0.profile_image,u1_0.pwd,u1_0.role,u1_0.tell,o1_0.verified from otp o1_0 left join tb_users u1_0 on u1_0.id=o1_0.user_id where o1_0.user_id=?
Hibernate: select o1_0.id,o1_0.expiry_time,o1_0.otp,u1_0.id,u1_0.email,u1_0.gender,u1_0.is_active,u1_0.name,u1_0.profile_image,u1_0.pwd,u1_0.role,u1_0.tell,o1_0.verified from otp o1_0 left join tb_users u1_0 on u1_0.id=o1_0.user_id where o1_0.user_id=?
2026-09-15T12:08:57.466+07:00 DEBUG 21060 --- [vehicles_rental] [io-8080-exec-10] o.s.web.servlet.DispatcherServlet        : GET "/api/payments/bakong/scan-status?reference=0256dce21541c61edb0ee90674e30b3c&amount=0.4&currency=USD", parameters={masked}
2026-09-15T12:08:57.466+07:00 DEBUG 21060 --- [vehicles_rental] [io-8080-exec-10] s.w.s.m.m.a.RequestMappingHandlerMapping : Mapped to org.example.vehicles_rental.controller.PaymentController#checkBakongScanPayment(String, BigDecimal, String)
2026-09-15T12:08:57.467+07:00 DEBUG 21060 --- [vehicles_rental] [io-8080-exec-10] o.s.web.client.RestTemplate              : HTTP POST https://api-bakong.nbc.gov.kh/v1/check_transaction_by_md5
2026-09-15T12:08:57.467+07:00 DEBUG 21060 --- [vehicles_rental] [io-8080-exec-10] o.s.web.client.RestTemplate              : Accept=[application/json, application/*+json]
2026-09-15T12:08:57.467+07:00 DEBUG 21060 --- [vehicles_rental] [io-8080-exec-10] o.s.web.client.RestTemplate              : Writing [{md5=0256dce21541c61edb0ee90674e30b3c}] as "application/json"
2026-09-15T12:08:57.683+07:00 DEBUG 21060 --- [vehicles_rental] [io-8080-exec-10] o.s.web.client.RestTemplate              : Response 200 OK
2026-09-15T12:08:57.684+07:00 DEBUG 21060 --- [vehicles_rental] [io-8080-exec-10] o.s.web.client.RestTemplate              : Reading to [java.util.Map<java.lang.String, java.lang.Object>]
2026-09-15T12:08:57.684+07:00 DEBUG 21060 --- [vehicles_rental] [io-8080-exec-10] o.s.w.s.m.m.a.HttpEntityMethodProcessor  : Using 'application/json', given [application/json, text/plain, */*] and supported [application/json, application/*+json]
2026-09-15T12:08:57.684+07:00 DEBUG 21060 --- [vehicles_rental] [io-8080-exec-10] o.s.w.s.m.m.a.HttpEntityMethodProcessor  : Writing [BakongPaymentResponse(paymentId=null, bookingId=null, amount=null, currency=null, transactionId=null (truncated)...]
2026-09-15T12:08:57.685+07:00 DEBUG 21060 --- [vehicles_rental] [io-8080-exec-10] o.s.web.servlet.DispatcherServlet        : Completed 200 OK
2026-09-15T12:09:02.463+07:00 DEBUG 21060 --- [vehicles_rental] [nio-8080-exec-2] org.hibernate.SQL                        : select u1_0.id,u1_0.email,u1_0.gender,u1_0.is_active,u1_0.name,u1_0.profile_image,u1_0.pwd,u1_0.role,u1_0.tell from tb_users u1_0 where u1_0.email=?
Hibernate: select u1_0.id,u1_0.email,u1_0.gender,u1_0.is_active,u1_0.name,u1_0.profile_image,u1_0.pwd,u1_0.role,u1_0.tell from tb_users u1_0 where u1_0.email=?
2026-09-15T12:09:02.464+07:00 DEBUG 21060 --- [vehicles_rental] [nio-8080-exec-2] org.hibernate.SQL                        : select o1_0.id,o1_0.expiry_time,o1_0.otp,u1_0.id,u1_0.email,u1_0.gender,u1_0.is_active,u1_0.name,u1_0.profile_image,u1_0.pwd,u1_0.role,u1_0.tell,o1_0.verified from otp o1_0 left join tb_users u1_0 on u1_0.id=o1_0.user_id where o1_0.user_id=?
Hibernate: select o1_0.id,o1_0.expiry_time,o1_0.otp,u1_0.id,u1_0.email,u1_0.gender,u1_0.is_active,u1_0.name,u1_0.profile_image,u1_0.pwd,u1_0.role,u1_0.tell,o1_0.verified from otp o1_0 left join tb_users u1_0 on u1_0.id=o1_0.user_id where o1_0.user_id=?
2026-09-15T12:09:02.465+07:00 DEBUG 21060 --- [vehicles_rental] [nio-8080-exec-2] o.s.web.servlet.DispatcherServlet        : GET "/api/payments/bakong/scan-status?reference=0256dce21541c61edb0ee90674e30b3c&amount=0.4&currency=USD", parameters={masked}
2026-09-15T12:09:02.465+07:00 DEBUG 21060 --- [vehicles_rental] [nio-8080-exec-2] s.w.s.m.m.a.RequestMappingHandlerMapping : Mapped to org.example.vehicles_rental.controller.PaymentController#checkBakongScanPayment(String, BigDecimal, String)
2026-09-15T12:09:02.466+07:00 DEBUG 21060 --- [vehicles_rental] [nio-8080-exec-2] o.s.web.client.RestTemplate              : HTTP POST https://api-bakong.nbc.gov.kh/v1/check_transaction_by_md5
2026-09-15T12:09:02.466+07:00 DEBUG 21060 --- [vehicles_rental] [nio-8080-exec-2] o.s.web.client.RestTemplate              : Accept=[application/json, application/*+json]
2026-09-15T12:09:02.466+07:00 DEBUG 21060 --- [vehicles_rental] [nio-8080-exec-2] o.s.web.client.RestTemplate              : Writing [{md5=0256dce21541c61edb0ee90674e30b3c}] as "application/json"
2026-09-15T12:09:02.676+07:00 DEBUG 21060 --- [vehicles_rental] [nio-8080-exec-2] o.s.web.client.RestTemplate              : Response 200 OK
2026-09-15T12:09:02.676+07:00 DEBUG 21060 --- [vehicles_rental] [nio-8080-exec-2] o.s.web.client.RestTemplate              : Reading to [java.util.Map<java.lang.String, java.lang.Object>]
2026-09-15T12:09:02.677+07:00 DEBUG 21060 --- [vehicles_rental] [nio-8080-exec-2] o.s.w.s.m.m.a.HttpEntityMethodProcessor  : Using 'application/json', given [application/json, text/plain, */*] and supported [application/json, application/*+json]
2026-09-15T12:09:02.677+07:00 DEBUG 21060 --- [vehicles_rental] [nio-8080-exec-2] o.s.w.s.m.m.a.HttpEntityMethodProcessor  : Writing [BakongPaymentResponse(paymentId=null, bookingId=null, amount=null, currency=null, transactionId=null (truncated)...]
2026-09-15T12:09:02.678+07:00 DEBUG 21060 --- [vehicles_rental] [nio-8080-exec-2] o.s.web.servlet.DispatcherServlet        : Completed 200 OK
2026-09-15T12:09:07.464+07:00 DEBUG 21060 --- [vehicles_rental] [nio-8080-exec-1] org.hibernate.SQL                        : select u1_0.id,u1_0.email,u1_0.gender,u1_0.is_active,u1_0.name,u1_0.profile_image,u1_0.pwd,u1_0.role,u1_0.tell from tb_users u1_0 where u1_0.email=?
Hibernate: select u1_0.id,u1_0.email,u1_0.gender,u1_0.is_active,u1_0.name,u1_0.profile_image,u1_0.pwd,u1_0.role,u1_0.tell from tb_users u1_0 where u1_0.email=?
2026-09-15T12:09:07.464+07:00 DEBUG 21060 --- [vehicles_rental] [nio-8080-exec-1] org.hibernate.SQL                        : select o1_0.id,o1_0.expiry_time,o1_0.otp,u1_0.id,u1_0.email,u1_0.gender,u1_0.is_active,u1_0.name,u1_0.profile_image,u1_0.pwd,u1_0.role,u1_0.tell,o1_0.verified from otp o1_0 left join tb_users u1_0 on u1_0.id=o1_0.user_id where o1_0.user_id=?
Hibernate: select o1_0.id,o1_0.expiry_time,o1_0.otp,u1_0.id,u1_0.email,u1_0.gender,u1_0.is_active,u1_0.name,u1_0.profile_image,u1_0.pwd,u1_0.role,u1_0.tell,o1_0.verified from otp o1_0 left join tb_users u1_0 on u1_0.id=o1_0.user_id where o1_0.user_id=?
2026-09-15T12:09:07.466+07:00 DEBUG 21060 --- [vehicles_rental] [nio-8080-exec-1] o.s.web.servlet.DispatcherServlet        : GET "/api/payments/bakong/scan-status?reference=0256dce21541c61edb0ee90674e30b3c&amount=0.4&currency=USD", parameters={masked}
2026-09-15T12:09:07.466+07:00 DEBUG 21060 --- [vehicles_rental] [nio-8080-exec-1] s.w.s.m.m.a.RequestMappingHandlerMapping : Mapped to org.example.vehicles_rental.controller.PaymentController#checkBakongScanPayment(String, BigDecimal, String)
2026-09-15T12:09:07.467+07:00 DEBUG 21060 --- [vehicles_rental] [nio-8080-exec-1] o.s.web.client.RestTemplate              : HTTP POST https://api-bakong.nbc.gov.kh/v1/check_transaction_by_md5
2026-09-15T12:09:07.467+07:00 DEBUG 21060 --- [vehicles_rental] [nio-8080-exec-1] o.s.web.client.RestTemplate              : Accept=[application/json, application/*+json]
2026-09-15T12:09:07.467+07:00 DEBUG 21060 --- [vehicles_rental] [nio-8080-exec-1] o.s.web.client.RestTemplate              : Writing [{md5=0256dce21541c61edb0ee90674e30b3c}] as "application/json"
2026-09-15T12:09:07.687+07:00 DEBUG 21060 --- [vehicles_rental] [nio-8080-exec-1] o.s.web.client.RestTemplate              : Response 200 OK
2026-09-15T12:09:07.687+07:00 DEBUG 21060 --- [vehicles_rental] [nio-8080-exec-1] o.s.web.client.RestTemplate              : Reading to [java.util.Map<java.lang.String, java.lang.Object>]
2026-09-15T12:09:07.688+07:00 DEBUG 21060 --- [vehicles_rental] [nio-8080-exec-1] o.s.w.s.m.m.a.HttpEntityMethodProcessor  : Using 'application/json', given [application/json, text/plain, */*] and supported [application/json, application/*+json]
2026-09-15T12:09:07.688+07:00 DEBUG 21060 --- [vehicles_rental] [nio-8080-exec-1] o.s.w.s.m.m.a.HttpEntityMethodProcessor  : Writing [BakongPaymentResponse(paymentId=null, bookingId=null, amount=null, currency=null, transactionId=null (truncated)...]
2026-09-15T12:09:07.689+07:00 DEBUG 21060 --- [vehicles_rental] [nio-8080-exec-1] o.s.web.servlet.DispatcherServlet        : Completed 200 OK
2026-09-15T12:09:12.464+07:00 DEBUG 21060 --- [vehicles_rental] [nio-8080-exec-4] org.hibernate.SQL                        : select u1_0.id,u1_0.email,u1_0.gender,u1_0.is_active,u1_0.name,u1_0.profile_image,u1_0.pwd,u1_0.role,u1_0.tell from tb_users u1_0 where u1_0.email=?
Hibernate: select u1_0.id,u1_0.email,u1_0.gender,u1_0.is_active,u1_0.name,u1_0.profile_image,u1_0.pwd,u1_0.role,u1_0.tell from tb_users u1_0 where u1_0.email=?
2026-09-15T12:09:12.465+07:00 DEBUG 21060 --- [vehicles_rental] [nio-8080-exec-4] org.hibernate.SQL                        : select o1_0.id,o1_0.expiry_time,o1_0.otp,u1_0.id,u1_0.email,u1_0.gender,u1_0.is_active,u1_0.name,u1_0.profile_image,u1_0.pwd,u1_0.role,u1_0.tell,o1_0.verified from otp o1_0 left join tb_users u1_0 on u1_0.id=o1_0.user_id where o1_0.user_id=?
Hibernate: select o1_0.id,o1_0.expiry_time,o1_0.otp,u1_0.id,u1_0.email,u1_0.gender,u1_0.is_active,u1_0.name,u1_0.profile_image,u1_0.pwd,u1_0.role,u1_0.tell,o1_0.verified from otp o1_0 left join tb_users u1_0 on u1_0.id=o1_0.user_id where o1_0.user_id=?
2026-09-15T12:09:12.466+07:00 DEBUG 21060 --- [vehicles_rental] [nio-8080-exec-4] o.s.web.servlet.DispatcherServlet        : GET "/api/payments/bakong/scan-status?reference=0256dce21541c61edb0ee90674e30b3c&amount=0.4&currency=USD", parameters={masked}
2026-09-15T12:09:12.466+07:00 DEBUG 21060 --- [vehicles_rental] [nio-8080-exec-4] s.w.s.m.m.a.RequestMappingHandlerMapping : Mapped to org.example.vehicles_rental.controller.PaymentController#checkBakongScanPayment(String, BigDecimal, String)
2026-09-15T12:09:12.467+07:00 DEBUG 21060 --- [vehicles_rental] [nio-8080-exec-4] o.s.web.client.RestTemplate              : HTTP POST https://api-bakong.nbc.gov.kh/v1/check_transaction_by_md5
2026-09-15T12:09:12.467+07:00 DEBUG 21060 --- [vehicles_rental] [nio-8080-exec-4] o.s.web.client.RestTemplate              : Accept=[application/json, application/*+json]
2026-09-15T12:09:12.467+07:00 DEBUG 21060 --- [vehicles_rental] [nio-8080-exec-4] o.s.web.client.RestTemplate              : Writing [{md5=0256dce21541c61edb0ee90674e30b3c}] as "application/json"
2026-09-15T12:09:12.706+07:00 DEBUG 21060 --- [vehicles_rental] [nio-8080-exec-4] o.s.web.client.RestTemplate              : Response 200 OK
2026-09-15T12:09:12.706+07:00 DEBUG 21060 --- [vehicles_rental] [nio-8080-exec-4] o.s.web.client.RestTemplate              : Reading to [java.util.Map<java.lang.String, java.lang.Object>]
2026-09-15T12:09:12.707+07:00 DEBUG 21060 --- [vehicles_rental] [nio-8080-exec-4] o.s.w.s.m.m.a.HttpEntityMethodProcessor  : Using 'application/json', given [application/json, text/plain, */*] and supported [application/json, application/*+json]
2026-09-15T12:09:12.707+07:00 DEBUG 21060 --- [vehicles_rental] [nio-8080-exec-4] o.s.w.s.m.m.a.HttpEntityMethodProcessor  : Writing [BakongPaymentResponse(paymentId=null, bookingId=null, amount=null, currency=null, transactionId=null (truncated)...]
2026-09-15T12:09:12.708+07:00 DEBUG 21060 --- [vehicles_rental] [nio-8080-exec-4] o.s.web.servlet.DispatcherServlet        : Completed 200 OK
2026-09-15T12:09:17.465+07:00 DEBUG 21060 --- [vehicles_rental] [nio-8080-exec-5] org.hibernate.SQL                        : select u1_0.id,u1_0.email,u1_0.gender,u1_0.is_active,u1_0.name,u1_0.profile_image,u1_0.pwd,u1_0.role,u1_0.tell from tb_users u1_0 where u1_0.email=?
Hibernate: select u1_0.id,u1_0.email,u1_0.gender,u1_0.is_active,u1_0.name,u1_0.profile_image,u1_0.pwd,u1_0.role,u1_0.tell from tb_users u1_0 where u1_0.email=?
2026-09-15T12:09:17.465+07:00 DEBUG 21060 --- [vehicles_rental] [nio-8080-exec-5] org.hibernate.SQL                        : select o1_0.id,o1_0.expiry_time,o1_0.otp,u1_0.id,u1_0.email,u1_0.gender,u1_0.is_active,u1_0.name,u1_0.profile_image,u1_0.pwd,u1_0.role,u1_0.tell,o1_0.verified from otp o1_0 left join tb_users u1_0 on u1_0.id=o1_0.user_id where o1_0.user_id=?
Hibernate: select o1_0.id,o1_0.expiry_time,o1_0.otp,u1_0.id,u1_0.email,u1_0.gender,u1_0.is_active,u1_0.name,u1_0.profile_image,u1_0.pwd,u1_0.role,u1_0.tell,o1_0.verified from otp o1_0 left join tb_users u1_0 on u1_0.id=o1_0.user_id where o1_0.user_id=?
2026-09-15T12:09:17.467+07:00 DEBUG 21060 --- [vehicles_rental] [nio-8080-exec-5] o.s.web.servlet.DispatcherServlet        : GET "/api/payments/bakong/scan-status?reference=0256dce21541c61edb0ee90674e30b3c&amount=0.4&currency=USD", parameters={masked}
2026-09-15T12:09:17.467+07:00 DEBUG 21060 --- [vehicles_rental] [nio-8080-exec-5] s.w.s.m.m.a.RequestMappingHandlerMapping : Mapped to org.example.vehicles_rental.controller.PaymentController#checkBakongScanPayment(String, BigDecimal, String)
2026-09-15T12:09:17.467+07:00 DEBUG 21060 --- [vehicles_rental] [nio-8080-exec-5] o.s.web.client.RestTemplate              : HTTP POST https://api-bakong.nbc.gov.kh/v1/check_transaction_by_md5
2026-09-15T12:09:17.467+07:00 DEBUG 21060 --- [vehicles_rental] [nio-8080-exec-5] o.s.web.client.RestTemplate              : Accept=[application/json, application/*+json]
2026-09-15T12:09:17.468+07:00 DEBUG 21060 --- [vehicles_rental] [nio-8080-exec-5] o.s.web.client.RestTemplate              : Writing [{md5=0256dce21541c61edb0ee90674e30b3c}] as "application/json"
2026-09-15T12:09:17.687+07:00 DEBUG 21060 --- [vehicles_rental] [nio-8080-exec-5] o.s.web.client.RestTemplate              : Response 200 OK
2026-09-15T12:09:17.688+07:00 DEBUG 21060 --- [vehicles_rental] [nio-8080-exec-5] o.s.web.client.RestTemplate              : Reading to [java.util.Map<java.lang.String, java.lang.Object>]
2026-09-15T12:09:17.688+07:00 DEBUG 21060 --- [vehicles_rental] [nio-8080-exec-5] o.s.w.s.m.m.a.HttpEntityMethodProcessor  : Using 'application/json', given [application/json, text/plain, */*] and supported [application/json, application/*+json]
2026-09-15T12:09:17.688+07:00 DEBUG 21060 --- [vehicles_rental] [nio-8080-exec-5] o.s.w.s.m.m.a.HttpEntityMethodProcessor  : Writing [BakongPaymentResponse(paymentId=null, bookingId=null, amount=null, currency=null, transactionId=null (truncated)...]
2026-09-15T12:09:17.689+07:00 DEBUG 21060 --- [vehicles_rental] [nio-8080-exec-5] o.s.web.servlet.DispatcherServlet        : Completed 200 OK
2026-09-15T12:09:23.352+07:00 DEBUG 21060 --- [vehicles_rental] [nio-8080-exec-3] org.hibernate.SQL                        : select u1_0.id,u1_0.email,u1_0.gender,u1_0.is_active,u1_0.name,u1_0.profile_image,u1_0.pwd,u1_0.role,u1_0.tell from tb_users u1_0 where u1_0.email=?
Hibernate: select u1_0.id,u1_0.email,u1_0.gender,u1_0.is_active,u1_0.name,u1_0.profile_image,u1_0.pwd,u1_0.role,u1_0.tell from tb_users u1_0 where u1_0.email=?
2026-09-15T12:09:23.353+07:00 DEBUG 21060 --- [vehicles_rental] [nio-8080-exec-3] org.hibernate.SQL                        : select o1_0.id,o1_0.expiry_time,o1_0.otp,u1_0.id,u1_0.email,u1_0.gender,u1_0.is_active,u1_0.name,u1_0.profile_image,u1_0.pwd,u1_0.role,u1_0.tell,o1_0.verified from otp o1_0 left join tb_users u1_0 on u1_0.id=o1_0.user_id where o1_0.user_id=?
Hibernate: select o1_0.id,o1_0.expiry_time,o1_0.otp,u1_0.id,u1_0.email,u1_0.gender,u1_0.is_active,u1_0.name,u1_0.profile_image,u1_0.pwd,u1_0.role,u1_0.tell,o1_0.verified from otp o1_0 left join tb_users u1_0 on u1_0.id=o1_0.user_id where o1_0.user_id=?
2026-09-15T12:09:23.354+07:00 DEBUG 21060 --- [vehicles_rental] [nio-8080-exec-3] o.s.web.servlet.DispatcherServlet        : GET "/api/payments/bakong/scan-status?reference=0256dce21541c61edb0ee90674e30b3c&amount=0.4&currency=USD", parameters={masked}
2026-09-15T12:09:23.354+07:00 DEBUG 21060 --- [vehicles_rental] [nio-8080-exec-3] s.w.s.m.m.a.RequestMappingHandlerMapping : Mapped to org.example.vehicles_rental.controller.PaymentController#checkBakongScanPayment(String, BigDecimal, String)
2026-09-15T12:09:23.355+07:00 DEBUG 21060 --- [vehicles_rental] [nio-8080-exec-3] o.s.web.client.RestTemplate              : HTTP POST https://api-bakong.nbc.gov.kh/v1/check_transaction_by_md5
2026-09-15T12:09:23.355+07:00 DEBUG 21060 --- [vehicles_rental] [nio-8080-exec-3] o.s.web.client.RestTemplate              : Accept=[application/json, application/*+json]
2026-09-15T12:09:23.355+07:00 DEBUG 21060 --- [vehicles_rental] [nio-8080-exec-3] o.s.web.client.RestTemplate              : Writing [{md5=0256dce21541c61edb0ee90674e30b3c}] as "application/json"
2026-09-15T12:09:23.704+07:00 DEBUG 21060 --- [vehicles_rental] [nio-8080-exec-3] o.s.web.client.RestTemplate              : Response 200 OK
2026-09-15T12:09:23.704+07:00 DEBUG 21060 --- [vehicles_rental] [nio-8080-exec-3] o.s.web.client.RestTemplate              : Reading to [java.util.Map<java.lang.String, java.lang.Object>]
2026-09-15T12:09:23.705+07:00 DEBUG 21060 --- [vehicles_rental] [nio-8080-exec-3] o.s.w.s.m.m.a.HttpEntityMethodProcessor  : Using 'application/json', given [application/json, text/plain, */*] and supported [application/json, application/*+json]
2026-09-15T12:09:23.705+07:00 DEBUG 21060 --- [vehicles_rental] [nio-8080-exec-3] o.s.w.s.m.m.a.HttpEntityMethodProcessor  : Writing [BakongPaymentResponse(paymentId=null, bookingId=null, amount=null, currency=null, transactionId=null (truncated)...]
2026-09-15T12:09:23.705+07:00 DEBUG 21060 --- [vehicles_rental] [nio-8080-exec-3] o.s.web.servlet.DispatcherServlet        : Completed 200 OK
2026-09-15T12:09:28.348+07:00 DEBUG 21060 --- [vehicles_rental] [nio-8080-exec-7] org.hibernate.SQL                        : select u1_0.id,u1_0.email,u1_0.gender,u1_0.is_active,u1_0.name,u1_0.profile_image,u1_0.pwd,u1_0.role,u1_0.tell from tb_users u1_0 where u1_0.email=?
Hibernate: select u1_0.id,u1_0.email,u1_0.gender,u1_0.is_active,u1_0.name,u1_0.profile_image,u1_0.pwd,u1_0.role,u1_0.tell from tb_users u1_0 where u1_0.email=?
2026-09-15T12:09:28.348+07:00 DEBUG 21060 --- [vehicles_rental] [nio-8080-exec-7] org.hibernate.SQL                        : select o1_0.id,o1_0.expiry_time,o1_0.otp,u1_0.id,u1_0.email,u1_0.gender,u1_0.is_active,u1_0.name,u1_0.profile_image,u1_0.pwd,u1_0.role,u1_0.tell,o1_0.verified from otp o1_0 left join tb_users u1_0 on u1_0.id=o1_0.user_id where o1_0.user_id=?
Hibernate: select o1_0.id,o1_0.expiry_time,o1_0.otp,u1_0.id,u1_0.email,u1_0.gender,u1_0.is_active,u1_0.name,u1_0.profile_image,u1_0.pwd,u1_0.role,u1_0.tell,o1_0.verified from otp o1_0 left join tb_users u1_0 on u1_0.id=o1_0.user_id where o1_0.user_id=?
2026-09-15T12:09:28.350+07:00 DEBUG 21060 --- [vehicles_rental] [nio-8080-exec-7] o.s.web.servlet.DispatcherServlet        : GET "/api/payments/bakong/scan-status?reference=0256dce21541c61edb0ee90674e30b3c&amount=0.4&currency=USD", parameters={masked}
2026-09-15T12:09:28.350+07:00 DEBUG 21060 --- [vehicles_rental] [nio-8080-exec-7] s.w.s.m.m.a.RequestMappingHandlerMapping : Mapped to org.example.vehicles_rental.controller.PaymentController#checkBakongScanPayment(String, BigDecimal, String)
2026-09-15T12:09:28.350+07:00 DEBUG 21060 --- [vehicles_rental] [nio-8080-exec-7] o.s.web.client.RestTemplate              : HTTP POST https://api-bakong.nbc.gov.kh/v1/check_transaction_by_md5
2026-09-15T12:09:28.350+07:00 DEBUG 21060 --- [vehicles_rental] [nio-8080-exec-7] o.s.web.client.RestTemplate              : Accept=[application/json, application/*+json]
2026-09-15T12:09:28.351+07:00 DEBUG 21060 --- [vehicles_rental] [nio-8080-exec-7] o.s.web.client.RestTemplate              : Writing [{md5=0256dce21541c61edb0ee90674e30b3c}] as "application/json"
2026-09-15T12:09:28.564+07:00 DEBUG 21060 --- [vehicles_rental] [nio-8080-exec-7] o.s.web.client.RestTemplate              : Response 200 OK
2026-09-15T12:09:28.564+07:00 DEBUG 21060 --- [vehicles_rental] [nio-8080-exec-7] o.s.web.client.RestTemplate              : Reading to [java.util.Map<java.lang.String, java.lang.Object>]
2026-09-15T12:09:28.565+07:00 DEBUG 21060 --- [vehicles_rental] [nio-8080-exec-7] o.s.w.s.m.m.a.HttpEntityMethodProcessor  : Using 'application/json', given [application/json, text/plain, */*] and supported [application/json, application/*+json]
2026-09-15T12:09:28.565+07:00 DEBUG 21060 --- [vehicles_rental] [nio-8080-exec-7] o.s.w.s.m.m.a.HttpEntityMethodProcessor  : Writing [BakongPaymentResponse(paymentId=null, bookingId=null, amount=null, currency=null, transactionId=null (truncated)...]
2026-09-15T12:09:28.566+07:00 DEBUG 21060 --- [vehicles_rental] [nio-8080-exec-7] o.s.web.servlet.DispatcherServlet        : Completed 200 OK
2026-09-15T12:09:33.350+07:00 DEBUG 21060 --- [vehicles_rental] [nio-8080-exec-6] org.hibernate.SQL                        : select u1_0.id,u1_0.email,u1_0.gender,u1_0.is_active,u1_0.name,u1_0.profile_image,u1_0.pwd,u1_0.role,u1_0.tell from tb_users u1_0 where u1_0.email=?
Hibernate: select u1_0.id,u1_0.email,u1_0.gender,u1_0.is_active,u1_0.name,u1_0.profile_image,u1_0.pwd,u1_0.role,u1_0.tell from tb_users u1_0 where u1_0.email=?
2026-09-15T12:09:33.350+07:00 DEBUG 21060 --- [vehicles_rental] [nio-8080-exec-6] org.hibernate.SQL                        : select o1_0.id,o1_0.expiry_time,o1_0.otp,u1_0.id,u1_0.email,u1_0.gender,u1_0.is_active,u1_0.name,u1_0.profile_image,u1_0.pwd,u1_0.role,u1_0.tell,o1_0.verified from otp o1_0 left join tb_users u1_0 on u1_0.id=o1_0.user_id where o1_0.user_id=?
Hibernate: select o1_0.id,o1_0.expiry_time,o1_0.otp,u1_0.id,u1_0.email,u1_0.gender,u1_0.is_active,u1_0.name,u1_0.profile_image,u1_0.pwd,u1_0.role,u1_0.tell,o1_0.verified from otp o1_0 left join tb_users u1_0 on u1_0.id=o1_0.user_id where o1_0.user_id=?
2026-09-15T12:09:33.352+07:00 DEBUG 21060 --- [vehicles_rental] [nio-8080-exec-6] o.s.web.servlet.DispatcherServlet        : GET "/api/payments/bakong/scan-status?reference=0256dce21541c61edb0ee90674e30b3c&amount=0.4&currency=USD", parameters={masked}
2026-09-15T12:09:33.352+07:00 DEBUG 21060 --- [vehicles_rental] [nio-8080-exec-6] s.w.s.m.m.a.RequestMappingHandlerMapping : Mapped to org.example.vehicles_rental.controller.PaymentController#checkBakongScanPayment(String, BigDecimal, String)
2026-09-15T12:09:33.352+07:00 DEBUG 21060 --- [vehicles_rental] [nio-8080-exec-6] o.s.web.client.RestTemplate              : HTTP POST https://api-bakong.nbc.gov.kh/v1/check_transaction_by_md5
2026-09-15T12:09:33.352+07:00 DEBUG 21060 --- [vehicles_rental] [nio-8080-exec-6] o.s.web.client.RestTemplate              : Accept=[application/json, application/*+json]
2026-09-15T12:09:33.352+07:00 DEBUG 21060 --- [vehicles_rental] [nio-8080-exec-6] o.s.web.client.RestTemplate              : Writing [{md5=0256dce21541c61edb0ee90674e30b3c}] as "application/json"
2026-09-15T12:09:33.576+07:00 DEBUG 21060 --- [vehicles_rental] [nio-8080-exec-6] o.s.web.client.RestTemplate              : Response 200 OK
2026-09-15T12:09:33.576+07:00 DEBUG 21060 --- [vehicles_rental] [nio-8080-exec-6] o.s.web.client.RestTemplate              : Reading to [java.util.Map<java.lang.String, java.lang.Object>]
2026-09-15T12:09:33.576+07:00 DEBUG 21060 --- [vehicles_rental] [nio-8080-exec-6] o.s.w.s.m.m.a.HttpEntityMethodProcessor  : Using 'application/json', given [application/json, text/plain, */*] and supported [application/json, application/*+json]
2026-09-15T12:09:33.576+07:00 DEBUG 21060 --- [vehicles_rental] [nio-8080-exec-6] o.s.w.s.m.m.a.HttpEntityMethodProcessor  : Writing [BakongPaymentResponse(paymentId=null, bookingId=null, amount=null, currency=null, transactionId=null (truncated)...]
2026-09-15T12:09:33.578+07:00 DEBUG 21060 --- [vehicles_rental] [nio-8080-exec-6] o.s.web.servlet.DispatcherServlet        : Completed 200 OK
2026-09-15T12:09:38.360+07:00 DEBUG 21060 --- [vehicles_rental] [nio-8080-exec-8] org.hibernate.SQL                        : select u1_0.id,u1_0.email,u1_0.gender,u1_0.is_active,u1_0.name,u1_0.profile_image,u1_0.pwd,u1_0.role,u1_0.tell from tb_users u1_0 where u1_0.email=?
Hibernate: select u1_0.id,u1_0.email,u1_0.gender,u1_0.is_active,u1_0.name,u1_0.profile_image,u1_0.pwd,u1_0.role,u1_0.tell from tb_users u1_0 where u1_0.email=?
2026-09-15T12:09:38.360+07:00 DEBUG 21060 --- [vehicles_rental] [nio-8080-exec-8] org.hibernate.SQL                        : select o1_0.id,o1_0.expiry_time,o1_0.otp,u1_0.id,u1_0.email,u1_0.gender,u1_0.is_active,u1_0.name,u1_0.profile_image,u1_0.pwd,u1_0.role,u1_0.tell,o1_0.verified from otp o1_0 left join tb_users u1_0 on u1_0.id=o1_0.user_id where o1_0.user_id=?
Hibernate: select o1_0.id,o1_0.expiry_time,o1_0.otp,u1_0.id,u1_0.email,u1_0.gender,u1_0.is_active,u1_0.name,u1_0.profile_image,u1_0.pwd,u1_0.role,u1_0.tell,o1_0.verified from otp o1_0 left join tb_users u1_0 on u1_0.id=o1_0.user_id where o1_0.user_id=?
2026-09-15T12:09:38.361+07:00 DEBUG 21060 --- [vehicles_rental] [nio-8080-exec-8] o.s.web.servlet.DispatcherServlet        : GET "/api/payments/bakong/scan-status?reference=0256dce21541c61edb0ee90674e30b3c&amount=0.4&currency=USD", parameters={masked}
2026-09-15T12:09:38.362+07:00 DEBUG 21060 --- [vehicles_rental] [nio-8080-exec-8] s.w.s.m.m.a.RequestMappingHandlerMapping : Mapped to org.example.vehicles_rental.controller.PaymentController#checkBakongScanPayment(String, BigDecimal, String)
2026-09-15T12:09:38.362+07:00 DEBUG 21060 --- [vehicles_rental] [nio-8080-exec-8] o.s.web.client.RestTemplate              : HTTP POST https://api-bakong.nbc.gov.kh/v1/check_transaction_by_md5
2026-09-15T12:09:38.362+07:00 DEBUG 21060 --- [vehicles_rental] [nio-8080-exec-8] o.s.web.client.RestTemplate              : Accept=[application/json, application/*+json]
2026-09-15T12:09:38.363+07:00 DEBUG 21060 --- [vehicles_rental] [nio-8080-exec-8] o.s.web.client.RestTemplate              : Writing [{md5=0256dce21541c61edb0ee90674e30b3c}] as "application/json"
2026-09-15T12:09:38.582+07:00 DEBUG 21060 --- [vehicles_rental] [nio-8080-exec-8] o.s.web.client.RestTemplate              : Response 200 OK
2026-09-15T12:09:38.582+07:00 DEBUG 21060 --- [vehicles_rental] [nio-8080-exec-8] o.s.web.client.RestTemplate              : Reading to [java.util.Map<java.lang.String, java.lang.Object>]
2026-09-15T12:09:38.583+07:00 DEBUG 21060 --- [vehicles_rental] [nio-8080-exec-8] o.s.w.s.m.m.a.HttpEntityMethodProcessor  : Using 'application/json', given [application/json, text/plain, */*] and supported [application/json, application/*+json]
2026-09-15T12:09:38.583+07:00 DEBUG 21060 --- [vehicles_rental] [nio-8080-exec-8] o.s.w.s.m.m.a.HttpEntityMethodProcessor  : Writing [BakongPaymentResponse(paymentId=null, bookingId=null, amount=null, currency=null, transactionId=null (truncated)...]
2026-09-15T12:09:38.583+07:00 DEBUG 21060 --- [vehicles_rental] [nio-8080-exec-8] o.s.web.servlet.DispatcherServlet        : Completed 200 OK
2026-09-15T12:09:43.351+07:00 DEBUG 21060 --- [vehicles_rental] [nio-8080-exec-9] org.hibernate.SQL                        : select u1_0.id,u1_0.email,u1_0.gender,u1_0.is_active,u1_0.name,u1_0.profile_image,u1_0.pwd,u1_0.role,u1_0.tell from tb_users u1_0 where u1_0.email=?
Hibernate: select u1_0.id,u1_0.email,u1_0.gender,u1_0.is_active,u1_0.name,u1_0.profile_image,u1_0.pwd,u1_0.role,u1_0.tell from tb_users u1_0 where u1_0.email=?
2026-09-15T12:09:43.351+07:00 DEBUG 21060 --- [vehicles_rental] [nio-8080-exec-9] org.hibernate.SQL                        : select o1_0.id,o1_0.expiry_time,o1_0.otp,u1_0.id,u1_0.email,u1_0.gender,u1_0.is_active,u1_0.name,u1_0.profile_image,u1_0.pwd,u1_0.role,u1_0.tell,o1_0.verified from otp o1_0 left join tb_users u1_0 on u1_0.id=o1_0.user_id where o1_0.user_id=?
Hibernate: select o1_0.id,o1_0.expiry_time,o1_0.otp,u1_0.id,u1_0.email,u1_0.gender,u1_0.is_active,u1_0.name,u1_0.profile_image,u1_0.pwd,u1_0.role,u1_0.tell,o1_0.verified from otp o1_0 left join tb_users u1_0 on u1_0.id=o1_0.user_id where o1_0.user_id=?
2026-09-15T12:09:43.354+07:00 DEBUG 21060 --- [vehicles_rental] [nio-8080-exec-9] o.s.web.servlet.DispatcherServlet        : GET "/api/payments/bakong/scan-status?reference=0256dce21541c61edb0ee90674e30b3c&amount=0.4&currency=USD", parameters={masked}
2026-09-15T12:09:43.354+07:00 DEBUG 21060 --- [vehicles_rental] [nio-8080-exec-9] s.w.s.m.m.a.RequestMappingHandlerMapping : Mapped to org.example.vehicles_rental.controller.PaymentController#checkBakongScanPayment(String, BigDecimal, String)
2026-09-15T12:09:43.354+07:00 DEBUG 21060 --- [vehicles_rental] [nio-8080-exec-9] o.s.web.client.RestTemplate              : HTTP POST https://api-bakong.nbc.gov.kh/v1/check_transaction_by_md5
2026-09-15T12:09:43.355+07:00 DEBUG 21060 --- [vehicles_rental] [nio-8080-exec-9] o.s.web.client.RestTemplate              : Accept=[application/json, application/*+json]
2026-09-15T12:09:43.355+07:00 DEBUG 21060 --- [vehicles_rental] [nio-8080-exec-9] o.s.web.client.RestTemplate              : Writing [{md5=0256dce21541c61edb0ee90674e30b3c}] as "application/json"
2026-09-15T12:09:43.583+07:00 DEBUG 21060 --- [vehicles_rental] [nio-8080-exec-9] o.s.web.client.RestTemplate              : Response 200 OK
2026-09-15T12:09:43.583+07:00 DEBUG 21060 --- [vehicles_rental] [nio-8080-exec-9] o.s.web.client.RestTemplate              : Reading to [java.util.Map<java.lang.String, java.lang.Object>]
2026-09-15T12:09:43.584+07:00 DEBUG 21060 --- [vehicles_rental] [nio-8080-exec-9] o.s.w.s.m.m.a.HttpEntityMethodProcessor  : Using 'application/json', given [application/json, text/plain, */*] and supported [application/json, application/*+json]
2026-09-15T12:09:43.584+07:00 DEBUG 21060 --- [vehicles_rental] [nio-8080-exec-9] o.s.w.s.m.m.a.HttpEntityMethodProcessor  : Writing [BakongPaymentResponse(paymentId=null, bookingId=null, amount=null, currency=null, transactionId=null (truncated)...]
2026-09-15T12:09:43.585+07:00 DEBUG 21060 --- [vehicles_rental] [nio-8080-exec-9] o.s.web.servlet.DispatcherServlet        : Completed 200 OK
2026-09-15T12:09:48.345+07:00 DEBUG 21060 --- [vehicles_rental] [nio-8080-exec-2] org.hibernate.SQL                        : select u1_0.id,u1_0.email,u1_0.gender,u1_0.is_active,u1_0.name,u1_0.profile_image,u1_0.pwd,u1_0.role,u1_0.tell from tb_users u1_0 where u1_0.email=?
Hibernate: select u1_0.id,u1_0.email,u1_0.gender,u1_0.is_active,u1_0.name,u1_0.profile_image,u1_0.pwd,u1_0.role,u1_0.tell from tb_users u1_0 where u1_0.email=?
2026-09-15T12:09:48.346+07:00 DEBUG 21060 --- [vehicles_rental] [nio-8080-exec-2] org.hibernate.SQL                        : select o1_0.id,o1_0.expiry_time,o1_0.otp,u1_0.id,u1_0.email,u1_0.gender,u1_0.is_active,u1_0.name,u1_0.profile_image,u1_0.pwd,u1_0.role,u1_0.tell,o1_0.verified from otp o1_0 left join tb_users u1_0 on u1_0.id=o1_0.user_id where o1_0.user_id=?
Hibernate: select o1_0.id,o1_0.expiry_time,o1_0.otp,u1_0.id,u1_0.email,u1_0.gender,u1_0.is_active,u1_0.name,u1_0.profile_image,u1_0.pwd,u1_0.role,u1_0.tell,o1_0.verified from otp o1_0 left join tb_users u1_0 on u1_0.id=o1_0.user_id where o1_0.user_id=?
2026-09-15T12:09:48.347+07:00 DEBUG 21060 --- [vehicles_rental] [nio-8080-exec-2] o.s.web.servlet.DispatcherServlet        : GET "/api/payments/bakong/scan-status?reference=0256dce21541c61edb0ee90674e30b3c&amount=0.4&currency=USD", parameters={masked}
2026-09-15T12:09:48.347+07:00 DEBUG 21060 --- [vehicles_rental] [nio-8080-exec-2] s.w.s.m.m.a.RequestMappingHandlerMapping : Mapped to org.example.vehicles_rental.controller.PaymentController#checkBakongScanPayment(String, BigDecimal, String)
2026-09-15T12:09:48.348+07:00 DEBUG 21060 --- [vehicles_rental] [nio-8080-exec-2] o.s.web.client.RestTemplate              : HTTP POST https://api-bakong.nbc.gov.kh/v1/check_transaction_by_md5
2026-09-15T12:09:48.348+07:00 DEBUG 21060 --- [vehicles_rental] [nio-8080-exec-2] o.s.web.client.RestTemplate              : Accept=[application/json, application/*+json]
2026-09-15T12:09:48.348+07:00 DEBUG 21060 --- [vehicles_rental] [nio-8080-exec-2] o.s.web.client.RestTemplate              : Writing [{md5=0256dce21541c61edb0ee90674e30b3c}] as "application/json"
2026-09-15T12:09:48.582+07:00 DEBUG 21060 --- [vehicles_rental] [nio-8080-exec-2] o.s.web.client.RestTemplate              : Response 200 OK
2026-09-15T12:09:48.582+07:00 DEBUG 21060 --- [vehicles_rental] [nio-8080-exec-2] o.s.web.client.RestTemplate              : Reading to [java.util.Map<java.lang.String, java.lang.Object>]
2026-09-15T12:09:48.583+07:00 DEBUG 21060 --- [vehicles_rental] [nio-8080-exec-2] o.s.w.s.m.m.a.HttpEntityMethodProcessor  : Using 'application/json', given [application/json, text/plain, */*] and supported [application/json, application/*+json]
2026-09-15T12:09:48.583+07:00 DEBUG 21060 --- [vehicles_rental] [nio-8080-exec-2] o.s.w.s.m.m.a.HttpEntityMethodProcessor  : Writing [BakongPaymentResponse(paymentId=null, bookingId=null, amount=null, currency=null, transactionId=null (truncated)...]
2026-09-15T12:09:48.584+07:00 DEBUG 21060 --- [vehicles_rental] [nio-8080-exec-2] o.s.web.servlet.DispatcherServlet        : Completed 200 OK
2026-09-15T12:09:53.343+07:00 DEBUG 21060 --- [vehicles_rental] [nio-8080-exec-1] org.hibernate.SQL                        : select u1_0.id,u1_0.email,u1_0.gender,u1_0.is_active,u1_0.name,u1_0.profile_image,u1_0.pwd,u1_0.role,u1_0.tell from tb_users u1_0 where u1_0.email=?
Hibernate: select u1_0.id,u1_0.email,u1_0.gender,u1_0.is_active,u1_0.name,u1_0.profile_image,u1_0.pwd,u1_0.role,u1_0.tell from tb_users u1_0 where u1_0.email=?
2026-09-15T12:09:53.343+07:00 DEBUG 21060 --- [vehicles_rental] [nio-8080-exec-1] org.hibernate.SQL                        : select o1_0.id,o1_0.expiry_time,o1_0.otp,u1_0.id,u1_0.email,u1_0.gender,u1_0.is_active,u1_0.name,u1_0.profile_image,u1_0.pwd,u1_0.role,u1_0.tell,o1_0.verified from otp o1_0 left join tb_users u1_0 on u1_0.id=o1_0.user_id where o1_0.user_id=?
Hibernate: select o1_0.id,o1_0.expiry_time,o1_0.otp,u1_0.id,u1_0.email,u1_0.gender,u1_0.is_active,u1_0.name,u1_0.profile_image,u1_0.pwd,u1_0.role,u1_0.tell,o1_0.verified from otp o1_0 left join tb_users u1_0 on u1_0.id=o1_0.user_id where o1_0.user_id=?
2026-09-15T12:09:53.343+07:00 DEBUG 21060 --- [vehicles_rental] [nio-8080-exec-1] o.s.web.servlet.DispatcherServlet        : GET "/api/payments/bakong/scan-status?reference=0256dce21541c61edb0ee90674e30b3c&amount=0.4&currency=USD", parameters={masked}
2026-09-15T12:09:53.350+07:00 DEBUG 21060 --- [vehicles_rental] [nio-8080-exec-1] s.w.s.m.m.a.RequestMappingHandlerMapping : Mapped to org.example.vehicles_rental.controller.PaymentController#checkBakongScanPayment(String, BigDecimal, String)
2026-09-15T12:09:53.351+07:00 DEBUG 21060 --- [vehicles_rental] [nio-8080-exec-1] o.s.web.client.RestTemplate              : HTTP POST https://api-bakong.nbc.gov.kh/v1/check_transaction_by_md5
2026-09-15T12:09:53.351+07:00 DEBUG 21060 --- [vehicles_rental] [nio-8080-exec-1] o.s.web.client.RestTemplate              : Accept=[application/json, application/*+json]
2026-09-15T12:09:53.351+07:00 DEBUG 21060 --- [vehicles_rental] [nio-8080-exec-1] o.s.web.client.RestTemplate              : Writing [{md5=0256dce21541c61edb0ee90674e30b3c}] as "application/json"
2026-09-15T12:09:53.564+07:00 DEBUG 21060 --- [vehicles_rental] [nio-8080-exec-1] o.s.web.client.RestTemplate              : Response 200 OK
2026-09-15T12:09:53.565+07:00 DEBUG 21060 --- [vehicles_rental] [nio-8080-exec-1] o.s.web.client.RestTemplate              : Reading to [java.util.Map<java.lang.String, java.lang.Object>]
2026-09-15T12:09:53.565+07:00 DEBUG 21060 --- [vehicles_rental] [nio-8080-exec-1] o.s.w.s.m.m.a.HttpEntityMethodProcessor  : Using 'application/json', given [application/json, text/plain, */*] and supported [application/json, application/*+json]
2026-09-15T12:09:53.566+07:00 DEBUG 21060 --- [vehicles_rental] [nio-8080-exec-1] o.s.w.s.m.m.a.HttpEntityMethodProcessor  : Writing [BakongPaymentResponse(paymentId=null, bookingId=null, amount=null, currency=null, transactionId=null (truncated)...]
2026-09-15T12:09:53.567+07:00 DEBUG 21060 --- [vehicles_rental] [nio-8080-exec-1] o.s.web.servlet.DispatcherServlet        : Completed 200 OK
2026-09-15T12:09:58.356+07:00 DEBUG 21060 --- [vehicles_rental] [nio-8080-exec-4] org.hibernate.SQL                        : select u1_0.id,u1_0.email,u1_0.gender,u1_0.is_active,u1_0.name,u1_0.profile_image,u1_0.pwd,u1_0.role,u1_0.tell from tb_users u1_0 where u1_0.email=?
Hibernate: select u1_0.id,u1_0.email,u1_0.gender,u1_0.is_active,u1_0.name,u1_0.profile_image,u1_0.pwd,u1_0.role,u1_0.tell from tb_users u1_0 where u1_0.email=?
2026-09-15T12:09:58.357+07:00 DEBUG 21060 --- [vehicles_rental] [nio-8080-exec-4] org.hibernate.SQL                        : select o1_0.id,o1_0.expiry_time,o1_0.otp,u1_0.id,u1_0.email,u1_0.gender,u1_0.is_active,u1_0.name,u1_0.profile_image,u1_0.pwd,u1_0.role,u1_0.tell,o1_0.verified from otp o1_0 left join tb_users u1_0 on u1_0.id=o1_0.user_id where o1_0.user_id=?
Hibernate: select o1_0.id,o1_0.expiry_time,o1_0.otp,u1_0.id,u1_0.email,u1_0.gender,u1_0.is_active,u1_0.name,u1_0.profile_image,u1_0.pwd,u1_0.role,u1_0.tell,o1_0.verified from otp o1_0 left join tb_users u1_0 on u1_0.id=o1_0.user_id where o1_0.user_id=?
2026-09-15T12:09:58.359+07:00 DEBUG 21060 --- [vehicles_rental] [nio-8080-exec-4] o.s.web.servlet.DispatcherServlet        : GET "/api/payments/bakong/scan-status?reference=0256dce21541c61edb0ee90674e30b3c&amount=0.4&currency=USD", parameters={masked}
2026-09-15T12:09:58.359+07:00 DEBUG 21060 --- [vehicles_rental] [nio-8080-exec-4] s.w.s.m.m.a.RequestMappingHandlerMapping : Mapped to org.example.vehicles_rental.controller.PaymentController#checkBakongScanPayment(String, BigDecimal, String)
2026-09-15T12:09:58.360+07:00 DEBUG 21060 --- [vehicles_rental] [nio-8080-exec-4] o.s.web.client.RestTemplate              : HTTP POST https://api-bakong.nbc.gov.kh/v1/check_transaction_by_md5
2026-09-15T12:09:58.360+07:00 DEBUG 21060 --- [vehicles_rental] [nio-8080-exec-4] o.s.web.client.RestTemplate              : Accept=[application/json, application/*+json]
2026-09-15T12:09:58.360+07:00 DEBUG 21060 --- [vehicles_rental] [nio-8080-exec-4] o.s.web.client.RestTemplate              : Writing [{md5=0256dce21541c61edb0ee90674e30b3c}] as "application/json"
2026-09-15T12:09:58.636+07:00 DEBUG 21060 --- [vehicles_rental] [nio-8080-exec-4] o.s.web.client.RestTemplate              : Response 200 OK
2026-09-15T12:09:58.638+07:00 DEBUG 21060 --- [vehicles_rental] [nio-8080-exec-4] o.s.web.client.RestTemplate              : Reading to [java.util.Map<java.lang.String, java.lang.Object>]
2026-09-15T12:09:58.638+07:00 DEBUG 21060 --- [vehicles_rental] [nio-8080-exec-4] o.s.w.s.m.m.a.HttpEntityMethodProcessor  : Using 'application/json', given [application/json, text/plain, */*] and supported [application/json, application/*+json]
2026-09-15T12:09:58.639+07:00 DEBUG 21060 --- [vehicles_rental] [nio-8080-exec-4] o.s.w.s.m.m.a.HttpEntityMethodProcessor  : Writing [BakongPaymentResponse(paymentId=null, bookingId=null, amount=null, currency=null, transactionId=null (truncated)...]
2026-09-15T12:09:58.640+07:00 DEBUG 21060 --- [vehicles_rental] [nio-8080-exec-4] o.s.web.servlet.DispatcherServlet        : Completed 200 OK
2026-09-15T12:10:02.464+07:00 DEBUG 21060 --- [vehicles_rental] [nio-8080-exec-5] org.hibernate.SQL                        : select u1_0.id,u1_0.email,u1_0.gender,u1_0.is_active,u1_0.name,u1_0.profile_image,u1_0.pwd,u1_0.role,u1_0.tell from tb_users u1_0 where u1_0.email=?
Hibernate: select u1_0.id,u1_0.email,u1_0.gender,u1_0.is_active,u1_0.name,u1_0.profile_image,u1_0.pwd,u1_0.role,u1_0.tell from tb_users u1_0 where u1_0.email=?
2026-09-15T12:10:02.465+07:00 DEBUG 21060 --- [vehicles_rental] [nio-8080-exec-5] org.hibernate.SQL                        : select o1_0.id,o1_0.expiry_time,o1_0.otp,u1_0.id,u1_0.email,u1_0.gender,u1_0.is_active,u1_0.name,u1_0.profile_image,u1_0.pwd,u1_0.role,u1_0.tell,o1_0.verified from otp o1_0 left join tb_users u1_0 on u1_0.id=o1_0.user_id where o1_0.user_id=?
Hibernate: select o1_0.id,o1_0.expiry_time,o1_0.otp,u1_0.id,u1_0.email,u1_0.gender,u1_0.is_active,u1_0.name,u1_0.profile_image,u1_0.pwd,u1_0.role,u1_0.tell,o1_0.verified from otp o1_0 left join tb_users u1_0 on u1_0.id=o1_0.user_id where o1_0.user_id=?
2026-09-15T12:10:02.466+07:00 DEBUG 21060 --- [vehicles_rental] [nio-8080-exec-5] o.s.web.servlet.DispatcherServlet        : GET "/api/payments/bakong/scan-status?reference=0256dce21541c61edb0ee90674e30b3c&amount=0.4&currency=USD", parameters={masked}
2026-09-15T12:10:02.466+07:00 DEBUG 21060 --- [vehicles_rental] [nio-8080-exec-5] s.w.s.m.m.a.RequestMappingHandlerMapping : Mapped to org.example.vehicles_rental.controller.PaymentController#checkBakongScanPayment(String, BigDecimal, String)
2026-09-15T12:10:02.467+07:00 DEBUG 21060 --- [vehicles_rental] [nio-8080-exec-5] o.s.web.client.RestTemplate              : HTTP POST https://api-bakong.nbc.gov.kh/v1/check_transaction_by_md5
2026-09-15T12:10:02.467+07:00 DEBUG 21060 --- [vehicles_rental] [nio-8080-exec-5] o.s.web.client.RestTemplate              : Accept=[application/json, application/*+json]
2026-09-15T12:10:02.467+07:00 DEBUG 21060 --- [vehicles_rental] [nio-8080-exec-5] o.s.web.client.RestTemplate              : Writing [{md5=0256dce21541c61edb0ee90674e30b3c}] as "application/json"
2026-09-15T12:10:02.701+07:00 DEBUG 21060 --- [vehicles_rental] [nio-8080-exec-5] o.s.web.client.RestTemplate              : Response 200 OK
2026-09-15T12:10:02.701+07:00 DEBUG 21060 --- [vehicles_rental] [nio-8080-exec-5] o.s.web.client.RestTemplate              : Reading to [java.util.Map<java.lang.String, java.lang.Object>]
2026-09-15T12:10:02.702+07:00 DEBUG 21060 --- [vehicles_rental] [nio-8080-exec-5] o.s.w.s.m.m.a.HttpEntityMethodProcessor  : Using 'application/json', given [application/json, text/plain, */*] and supported [application/json, application/*+json]
2026-09-15T12:10:02.702+07:00 DEBUG 21060 --- [vehicles_rental] [nio-8080-exec-5] o.s.w.s.m.m.a.HttpEntityMethodProcessor  : Writing [BakongPaymentResponse(paymentId=null, bookingId=null, amount=null, currency=null, transactionId=null (truncated)...]
2026-09-15T12:10:02.702+07:00 DEBUG 21060 --- [vehicles_rental] [nio-8080-exec-5] o.s.web.servlet.DispatcherServlet        : Completed 200 OK
2026-09-15T12:10:08.341+07:00 DEBUG 21060 --- [vehicles_rental] [nio-8080-exec-3] org.hibernate.SQL                        : select u1_0.id,u1_0.email,u1_0.gender,u1_0.is_active,u1_0.name,u1_0.profile_image,u1_0.pwd,u1_0.role,u1_0.tell from tb_users u1_0 where u1_0.email=?
Hibernate: select u1_0.id,u1_0.email,u1_0.gender,u1_0.is_active,u1_0.name,u1_0.profile_image,u1_0.pwd,u1_0.role,u1_0.tell from tb_users u1_0 where u1_0.email=?
2026-09-15T12:10:08.341+07:00 DEBUG 21060 --- [vehicles_rental] [nio-8080-exec-3] org.hibernate.SQL                        : select o1_0.id,o1_0.expiry_time,o1_0.otp,u1_0.id,u1_0.email,u1_0.gender,u1_0.is_active,u1_0.name,u1_0.profile_image,u1_0.pwd,u1_0.role,u1_0.tell,o1_0.verified from otp o1_0 left join tb_users u1_0 on u1_0.id=o1_0.user_id where o1_0.user_id=?
Hibernate: select o1_0.id,o1_0.expiry_time,o1_0.otp,u1_0.id,u1_0.email,u1_0.gender,u1_0.is_active,u1_0.name,u1_0.profile_image,u1_0.pwd,u1_0.role,u1_0.tell,o1_0.verified from otp o1_0 left join tb_users u1_0 on u1_0.id=o1_0.user_id where o1_0.user_id=?
2026-09-15T12:10:08.346+07:00 DEBUG 21060 --- [vehicles_rental] [nio-8080-exec-3] o.s.web.servlet.DispatcherServlet        : GET "/api/payments/bakong/scan-status?reference=0256dce21541c61edb0ee90674e30b3c&amount=0.4&currency=USD", parameters={masked}
2026-09-15T12:10:08.346+07:00 DEBUG 21060 --- [vehicles_rental] [nio-8080-exec-3] s.w.s.m.m.a.RequestMappingHandlerMapping : Mapped to org.example.vehicles_rental.controller.PaymentController#checkBakongScanPayment(String, BigDecimal, String)
2026-09-15T12:10:08.346+07:00 DEBUG 21060 --- [vehicles_rental] [nio-8080-exec-3] o.s.web.client.RestTemplate              : HTTP POST https://api-bakong.nbc.gov.kh/v1/check_transaction_by_md5
2026-09-15T12:10:08.346+07:00 DEBUG 21060 --- [vehicles_rental] [nio-8080-exec-3] o.s.web.client.RestTemplate              : Accept=[application/json, application/*+json]
2026-09-15T12:10:08.346+07:00 DEBUG 21060 --- [vehicles_rental] [nio-8080-exec-3] o.s.web.client.RestTemplate              : Writing [{md5=0256dce21541c61edb0ee90674e30b3c}] as "application/json"
2026-09-15T12:10:08.787+07:00 DEBUG 21060 --- [vehicles_rental] [nio-8080-exec-3] o.s.web.client.RestTemplate              : Response 200 OK
2026-09-15T12:10:08.787+07:00 DEBUG 21060 --- [vehicles_rental] [nio-8080-exec-3] o.s.web.client.RestTemplate              : Reading to [java.util.Map<java.lang.String, java.lang.Object>]
2026-09-15T12:10:08.787+07:00 DEBUG 21060 --- [vehicles_rental] [nio-8080-exec-3] o.s.w.s.m.m.a.HttpEntityMethodProcessor  : Using 'application/json', given [application/json, text/plain, */*] and supported [application/json, application/*+json]
2026-09-15T12:10:08.787+07:00 DEBUG 21060 --- [vehicles_rental] [nio-8080-exec-3] o.s.w.s.m.m.a.HttpEntityMethodProcessor  : Writing [BakongPaymentResponse(paymentId=null, bookingId=null, amount=null, currency=null, transactionId=null (truncated)...]
2026-09-15T12:10:08.787+07:00 DEBUG 21060 --- [vehicles_rental] [nio-8080-exec-3] o.s.web.servlet.DispatcherServlet        : Completed 200 OK
2026-09-15T12:10:13.344+07:00 DEBUG 21060 --- [vehicles_rental] [nio-8080-exec-7] org.hibernate.SQL                        : select u1_0.id,u1_0.email,u1_0.gender,u1_0.is_active,u1_0.name,u1_0.profile_image,u1_0.pwd,u1_0.role,u1_0.tell from tb_users u1_0 where u1_0.email=?
Hibernate: select u1_0.id,u1_0.email,u1_0.gender,u1_0.is_active,u1_0.name,u1_0.profile_image,u1_0.pwd,u1_0.role,u1_0.tell from tb_users u1_0 where u1_0.email=?
2026-09-15T12:10:13.344+07:00 DEBUG 21060 --- [vehicles_rental] [nio-8080-exec-7] org.hibernate.SQL                        : select o1_0.id,o1_0.expiry_time,o1_0.otp,u1_0.id,u1_0.email,u1_0.gender,u1_0.is_active,u1_0.name,u1_0.profile_image,u1_0.pwd,u1_0.role,u1_0.tell,o1_0.verified from otp o1_0 left join tb_users u1_0 on u1_0.id=o1_0.user_id where o1_0.user_id=?
Hibernate: select o1_0.id,o1_0.expiry_time,o1_0.otp,u1_0.id,u1_0.email,u1_0.gender,u1_0.is_active,u1_0.name,u1_0.profile_image,u1_0.pwd,u1_0.role,u1_0.tell,o1_0.verified from otp o1_0 left join tb_users u1_0 on u1_0.id=o1_0.user_id where o1_0.user_id=?
2026-09-15T12:10:13.344+07:00 DEBUG 21060 --- [vehicles_rental] [nio-8080-exec-7] o.s.web.servlet.DispatcherServlet        : GET "/api/payments/bakong/scan-status?reference=0256dce21541c61edb0ee90674e30b3c&amount=0.4&currency=USD", parameters={masked}
2026-09-15T12:10:13.344+07:00 DEBUG 21060 --- [vehicles_rental] [nio-8080-exec-7] s.w.s.m.m.a.RequestMappingHandlerMapping : Mapped to org.example.vehicles_rental.controller.PaymentController#checkBakongScanPayment(String, BigDecimal, String)
2026-09-15T12:10:13.344+07:00 DEBUG 21060 --- [vehicles_rental] [nio-8080-exec-7] o.s.web.client.RestTemplate              : HTTP POST https://api-bakong.nbc.gov.kh/v1/check_transaction_by_md5
2026-09-15T12:10:13.344+07:00 DEBUG 21060 --- [vehicles_rental] [nio-8080-exec-7] o.s.web.client.RestTemplate              : Accept=[application/json, application/*+json]
2026-09-15T12:10:13.344+07:00 DEBUG 21060 --- [vehicles_rental] [nio-8080-exec-7] o.s.web.client.RestTemplate              : Writing [{md5=0256dce21541c61edb0ee90674e30b3c}] as "application/json"
2026-09-15T12:10:13.560+07:00 DEBUG 21060 --- [vehicles_rental] [nio-8080-exec-7] o.s.web.client.RestTemplate              : Response 200 OK
2026-09-15T12:10:13.560+07:00 DEBUG 21060 --- [vehicles_rental] [nio-8080-exec-7] o.s.web.client.RestTemplate              : Reading to [java.util.Map<java.lang.String, java.lang.Object>]
2026-09-15T12:10:13.560+07:00 DEBUG 21060 --- [vehicles_rental] [nio-8080-exec-7] o.s.w.s.m.m.a.HttpEntityMethodProcessor  : Using 'application/json', given [application/json, text/plain, */*] and supported [application/json, application/*+json]
2026-09-15T12:10:13.560+07:00 DEBUG 21060 --- [vehicles_rental] [nio-8080-exec-7] o.s.w.s.m.m.a.HttpEntityMethodProcessor  : Writing [BakongPaymentResponse(paymentId=null, bookingId=null, amount=null, currency=null, transactionId=null (truncated)...]
2026-09-15T12:10:13.560+07:00 DEBUG 21060 --- [vehicles_rental] [nio-8080-exec-7] o.s.web.servlet.DispatcherServlet        : Completed 200 OK
2026-09-15T12:10:18.344+07:00 DEBUG 21060 --- [vehicles_rental] [nio-8080-exec-6] org.hibernate.SQL                        : select u1_0.id,u1_0.email,u1_0.gender,u1_0.is_active,u1_0.name,u1_0.profile_image,u1_0.pwd,u1_0.role,u1_0.tell from tb_users u1_0 where u1_0.email=?
Hibernate: select u1_0.id,u1_0.email,u1_0.gender,u1_0.is_active,u1_0.name,u1_0.profile_image,u1_0.pwd,u1_0.role,u1_0.tell from tb_users u1_0 where u1_0.email=?
2026-09-15T12:10:18.344+07:00 DEBUG 21060 --- [vehicles_rental] [nio-8080-exec-6] org.hibernate.SQL                        : select o1_0.id,o1_0.expiry_time,o1_0.otp,u1_0.id,u1_0.email,u1_0.gender,u1_0.is_active,u1_0.name,u1_0.profile_image,u1_0.pwd,u1_0.role,u1_0.tell,o1_0.verified from otp o1_0 left join tb_users u1_0 on u1_0.id=o1_0.user_id where o1_0.user_id=?
Hibernate: select o1_0.id,o1_0.expiry_time,o1_0.otp,u1_0.id,u1_0.email,u1_0.gender,u1_0.is_active,u1_0.name,u1_0.profile_image,u1_0.pwd,u1_0.role,u1_0.tell,o1_0.verified from otp o1_0 left join tb_users u1_0 on u1_0.id=o1_0.user_id where o1_0.user_id=?
2026-09-15T12:10:18.352+07:00 DEBUG 21060 --- [vehicles_rental] [nio-8080-exec-6] o.s.web.servlet.DispatcherServlet        : GET "/api/payments/bakong/scan-status?reference=0256dce21541c61edb0ee90674e30b3c&amount=0.4&currency=USD", parameters={masked}
2026-09-15T12:10:18.352+07:00 DEBUG 21060 --- [vehicles_rental] [nio-8080-exec-6] s.w.s.m.m.a.RequestMappingHandlerMapping : Mapped to org.example.vehicles_rental.controller.PaymentController#checkBakongScanPayment(String, BigDecimal, String)
2026-09-15T12:10:18.352+07:00 DEBUG 21060 --- [vehicles_rental] [nio-8080-exec-6] o.s.web.client.RestTemplate              : HTTP POST https://api-bakong.nbc.gov.kh/v1/check_transaction_by_md5
2026-09-15T12:10:18.352+07:00 DEBUG 21060 --- [vehicles_rental] [nio-8080-exec-6] o.s.web.client.RestTemplate              : Accept=[application/json, application/*+json]
2026-09-15T12:10:18.352+07:00 DEBUG 21060 --- [vehicles_rental] [nio-8080-exec-6] o.s.web.client.RestTemplate              : Writing [{md5=0256dce21541c61edb0ee90674e30b3c}] as "application/json"
2026-09-15T12:10:18.565+07:00 DEBUG 21060 --- [vehicles_rental] [nio-8080-exec-6] o.s.web.client.RestTemplate              : Response 200 OK
2026-09-15T12:10:18.565+07:00 DEBUG 21060 --- [vehicles_rental] [nio-8080-exec-6] o.s.web.client.RestTemplate              : Reading to [java.util.Map<java.lang.String, java.lang.Object>]
2026-09-15T12:10:18.570+07:00 DEBUG 21060 --- [vehicles_rental] [nio-8080-exec-6] o.s.w.s.m.m.a.HttpEntityMethodProcessor  : Using 'application/json', given [application/json, text/plain, */*] and supported [application/json, application/*+json]
2026-09-15T12:10:18.570+07:00 DEBUG 21060 --- [vehicles_rental] [nio-8080-exec-6] o.s.w.s.m.m.a.HttpEntityMethodProcessor  : Writing [BakongPaymentResponse(paymentId=null, bookingId=null, amount=null, currency=null, transactionId=null (truncated)...]
2026-09-15T12:10:18.570+07:00 DEBUG 21060 --- [vehicles_rental] [nio-8080-exec-6] o.s.web.servlet.DispatcherServlet        : Completed 200 OK
2026-09-15T12:10:22.463+07:00 DEBUG 21060 --- [vehicles_rental] [nio-8080-exec-8] org.hibernate.SQL                        : select u1_0.id,u1_0.email,u1_0.gender,u1_0.is_active,u1_0.name,u1_0.profile_image,u1_0.pwd,u1_0.role,u1_0.tell from tb_users u1_0 where u1_0.email=?
Hibernate: select u1_0.id,u1_0.email,u1_0.gender,u1_0.is_active,u1_0.name,u1_0.profile_image,u1_0.pwd,u1_0.role,u1_0.tell from tb_users u1_0 where u1_0.email=?
2026-09-15T12:10:22.464+07:00 DEBUG 21060 --- [vehicles_rental] [nio-8080-exec-8] org.hibernate.SQL                        : select o1_0.id,o1_0.expiry_time,o1_0.otp,u1_0.id,u1_0.email,u1_0.gender,u1_0.is_active,u1_0.name,u1_0.profile_image,u1_0.pwd,u1_0.role,u1_0.tell,o1_0.verified from otp o1_0 left join tb_users u1_0 on u1_0.id=o1_0.user_id where o1_0.user_id=?
Hibernate: select o1_0.id,o1_0.expiry_time,o1_0.otp,u1_0.id,u1_0.email,u1_0.gender,u1_0.is_active,u1_0.name,u1_0.profile_image,u1_0.pwd,u1_0.role,u1_0.tell,o1_0.verified from otp o1_0 left join tb_users u1_0 on u1_0.id=o1_0.user_id where o1_0.user_id=?
2026-09-15T12:10:22.465+07:00 DEBUG 21060 --- [vehicles_rental] [nio-8080-exec-8] o.s.web.servlet.DispatcherServlet        : GET "/api/payments/bakong/scan-status?reference=0256dce21541c61edb0ee90674e30b3c&amount=0.4&currency=USD", parameters={masked}
2026-09-15T12:10:22.465+07:00 DEBUG 21060 --- [vehicles_rental] [nio-8080-exec-8] s.w.s.m.m.a.RequestMappingHandlerMapping : Mapped to org.example.vehicles_rental.controller.PaymentController#checkBakongScanPayment(String, BigDecimal, String)
2026-09-15T12:10:22.466+07:00 DEBUG 21060 --- [vehicles_rental] [nio-8080-exec-8] o.s.web.client.RestTemplate              : HTTP POST https://api-bakong.nbc.gov.kh/v1/check_transaction_by_md5
2026-09-15T12:10:22.466+07:00 DEBUG 21060 --- [vehicles_rental] [nio-8080-exec-8] o.s.web.client.RestTemplate              : Accept=[application/json, application/*+json]
2026-09-15T12:10:22.466+07:00 DEBUG 21060 --- [vehicles_rental] [nio-8080-exec-8] o.s.web.client.RestTemplate              : Writing [{md5=0256dce21541c61edb0ee90674e30b3c}] as "application/json"
2026-09-15T12:10:22.689+07:00 DEBUG 21060 --- [vehicles_rental] [nio-8080-exec-8] o.s.web.client.RestTemplate              : Response 200 OK
2026-09-15T12:10:22.689+07:00 DEBUG 21060 --- [vehicles_rental] [nio-8080-exec-8] o.s.web.client.RestTemplate              : Reading to [java.util.Map<java.lang.String, java.lang.Object>]
2026-09-15T12:10:22.690+07:00 DEBUG 21060 --- [vehicles_rental] [nio-8080-exec-8] o.s.w.s.m.m.a.HttpEntityMethodProcessor  : Using 'application/json', given [application/json, text/plain, */*] and supported [application/json, application/*+json]
2026-09-15T12:10:22.690+07:00 DEBUG 21060 --- [vehicles_rental] [nio-8080-exec-8] o.s.w.s.m.m.a.HttpEntityMethodProcessor  : Writing [BakongPaymentResponse(paymentId=null, bookingId=null, amount=null, currency=null, transactionId=null (truncated)...]
2026-09-15T12:10:22.693+07:00 DEBUG 21060 --- [vehicles_rental] [nio-8080-exec-8] o.s.web.servlet.DispatcherServlet        : Completed 200 OK
2026-09-15T12:10:28.345+07:00 DEBUG 21060 --- [vehicles_rental] [nio-8080-exec-9] org.hibernate.SQL                        : select u1_0.id,u1_0.email,u1_0.gender,u1_0.is_active,u1_0.name,u1_0.profile_image,u1_0.pwd,u1_0.role,u1_0.tell from tb_users u1_0 where u1_0.email=?
Hibernate: select u1_0.id,u1_0.email,u1_0.gender,u1_0.is_active,u1_0.name,u1_0.profile_image,u1_0.pwd,u1_0.role,u1_0.tell from tb_users u1_0 where u1_0.email=?
2026-09-15T12:10:28.345+07:00 DEBUG 21060 --- [vehicles_rental] [nio-8080-exec-9] org.hibernate.SQL                        : select o1_0.id,o1_0.expiry_time,o1_0.otp,u1_0.id,u1_0.email,u1_0.gender,u1_0.is_active,u1_0.name,u1_0.profile_image,u1_0.pwd,u1_0.role,u1_0.tell,o1_0.verified from otp o1_0 left join tb_users u1_0 on u1_0.id=o1_0.user_id where o1_0.user_id=?
Hibernate: select o1_0.id,o1_0.expiry_time,o1_0.otp,u1_0.id,u1_0.email,u1_0.gender,u1_0.is_active,u1_0.name,u1_0.profile_image,u1_0.pwd,u1_0.role,u1_0.tell,o1_0.verified from otp o1_0 left join tb_users u1_0 on u1_0.id=o1_0.user_id where o1_0.user_id=?
2026-09-15T12:10:28.346+07:00 DEBUG 21060 --- [vehicles_rental] [nio-8080-exec-9] o.s.web.servlet.DispatcherServlet        : GET "/api/payments/bakong/scan-status?reference=0256dce21541c61edb0ee90674e30b3c&amount=0.4&currency=USD", parameters={masked}
2026-09-15T12:10:28.346+07:00 DEBUG 21060 --- [vehicles_rental] [nio-8080-exec-9] s.w.s.m.m.a.RequestMappingHandlerMapping : Mapped to org.example.vehicles_rental.controller.PaymentController#checkBakongScanPayment(String, BigDecimal, String)
2026-09-15T12:10:28.347+07:00 DEBUG 21060 --- [vehicles_rental] [nio-8080-exec-9] o.s.web.client.RestTemplate              : HTTP POST https://api-bakong.nbc.gov.kh/v1/check_transaction_by_md5
2026-09-15T12:10:28.347+07:00 DEBUG 21060 --- [vehicles_rental] [nio-8080-exec-9] o.s.web.client.RestTemplate              : Accept=[application/json, application/*+json]
2026-09-15T12:10:28.347+07:00 DEBUG 21060 --- [vehicles_rental] [nio-8080-exec-9] o.s.web.client.RestTemplate              : Writing [{md5=0256dce21541c61edb0ee90674e30b3c}] as "application/json"
2026-09-15T12:10:28.673+07:00 DEBUG 21060 --- [vehicles_rental] [nio-8080-exec-9] o.s.web.client.RestTemplate              : Response 200 OK
2026-09-15T12:10:28.673+07:00 DEBUG 21060 --- [vehicles_rental] [nio-8080-exec-9] o.s.web.client.RestTemplate              : Reading to [java.util.Map<java.lang.String, java.lang.Object>]
2026-09-15T12:10:28.673+07:00 DEBUG 21060 --- [vehicles_rental] [nio-8080-exec-9] o.s.w.s.m.m.a.HttpEntityMethodProcessor  : Using 'application/json', given [application/json, text/plain, */*] and supported [application/json, application/*+json]
2026-09-15T12:10:28.673+07:00 DEBUG 21060 --- [vehicles_rental] [nio-8080-exec-9] o.s.w.s.m.m.a.HttpEntityMethodProcessor  : Writing [BakongPaymentResponse(paymentId=null, bookingId=null, amount=null, currency=null, transactionId=null (truncated)...]
2026-09-15T12:10:28.674+07:00 DEBUG 21060 --- [vehicles_rental] [nio-8080-exec-9] o.s.web.servlet.DispatcherServlet        : Completed 200 OK
2026-09-15T12:10:33.345+07:00 DEBUG 21060 --- [vehicles_rental] [io-8080-exec-10] org.hibernate.SQL                        : select u1_0.id,u1_0.email,u1_0.gender,u1_0.is_active,u1_0.name,u1_0.profile_image,u1_0.pwd,u1_0.role,u1_0.tell from tb_users u1_0 where u1_0.email=?
Hibernate: select u1_0.id,u1_0.email,u1_0.gender,u1_0.is_active,u1_0.name,u1_0.profile_image,u1_0.pwd,u1_0.role,u1_0.tell from tb_users u1_0 where u1_0.email=?
2026-09-15T12:10:33.346+07:00 DEBUG 21060 --- [vehicles_rental] [io-8080-exec-10] org.hibernate.SQL                        : select o1_0.id,o1_0.expiry_time,o1_0.otp,u1_0.id,u1_0.email,u1_0.gender,u1_0.is_active,u1_0.name,u1_0.profile_image,u1_0.pwd,u1_0.role,u1_0.tell,o1_0.verified from otp o1_0 left join tb_users u1_0 on u1_0.id=o1_0.user_id where o1_0.user_id=?
Hibernate: select o1_0.id,o1_0.expiry_time,o1_0.otp,u1_0.id,u1_0.email,u1_0.gender,u1_0.is_active,u1_0.name,u1_0.profile_image,u1_0.pwd,u1_0.role,u1_0.tell,o1_0.verified from otp o1_0 left join tb_users u1_0 on u1_0.id=o1_0.user_id where o1_0.user_id=?
2026-09-15T12:10:33.347+07:00 DEBUG 21060 --- [vehicles_rental] [io-8080-exec-10] o.s.web.servlet.DispatcherServlet        : GET "/api/payments/bakong/scan-status?reference=0256dce21541c61edb0ee90674e30b3c&amount=0.4&currency=USD", parameters={masked}
2026-09-15T12:10:33.347+07:00 DEBUG 21060 --- [vehicles_rental] [io-8080-exec-10] s.w.s.m.m.a.RequestMappingHandlerMapping : Mapped to org.example.vehicles_rental.controller.PaymentController#checkBakongScanPayment(String, BigDecimal, String)
2026-09-15T12:10:33.348+07:00 DEBUG 21060 --- [vehicles_rental] [io-8080-exec-10] o.s.web.client.RestTemplate              : HTTP POST https://api-bakong.nbc.gov.kh/v1/check_transaction_by_md5
2026-09-15T12:10:33.348+07:00 DEBUG 21060 --- [vehicles_rental] [io-8080-exec-10] o.s.web.client.RestTemplate              : Accept=[application/json, application/*+json]
2026-09-15T12:10:33.348+07:00 DEBUG 21060 --- [vehicles_rental] [io-8080-exec-10] o.s.web.client.RestTemplate              : Writing [{md5=0256dce21541c61edb0ee90674e30b3c}] as "application/json"
2026-09-15T12:10:33.557+07:00 DEBUG 21060 --- [vehicles_rental] [io-8080-exec-10] o.s.web.client.RestTemplate              : Response 200 OK
2026-09-15T12:10:33.557+07:00 DEBUG 21060 --- [vehicles_rental] [io-8080-exec-10] o.s.web.client.RestTemplate              : Reading to [java.util.Map<java.lang.String, java.lang.Object>]
2026-09-15T12:10:33.558+07:00 DEBUG 21060 --- [vehicles_rental] [io-8080-exec-10] o.s.w.s.m.m.a.HttpEntityMethodProcessor  : Using 'application/json', given [application/json, text/plain, */*] and supported [application/json, application/*+json]
2026-09-15T12:10:33.558+07:00 DEBUG 21060 --- [vehicles_rental] [io-8080-exec-10] o.s.w.s.m.m.a.HttpEntityMethodProcessor  : Writing [BakongPaymentResponse(paymentId=null, bookingId=null, amount=null, currency=null, transactionId=null (truncated)...]
2026-09-15T12:10:33.559+07:00 DEBUG 21060 --- [vehicles_rental] [io-8080-exec-10] o.s.web.servlet.DispatcherServlet        : Completed 200 OK
2026-09-15T12:10:38.340+07:00 DEBUG 21060 --- [vehicles_rental] [nio-8080-exec-2] org.hibernate.SQL                        : select u1_0.id,u1_0.email,u1_0.gender,u1_0.is_active,u1_0.name,u1_0.profile_image,u1_0.pwd,u1_0.role,u1_0.tell from tb_users u1_0 where u1_0.email=?
Hibernate: select u1_0.id,u1_0.email,u1_0.gender,u1_0.is_active,u1_0.name,u1_0.profile_image,u1_0.pwd,u1_0.role,u1_0.tell from tb_users u1_0 where u1_0.email=?
2026-09-15T12:10:38.340+07:00 DEBUG 21060 --- [vehicles_rental] [nio-8080-exec-2] org.hibernate.SQL                        : select o1_0.id,o1_0.expiry_time,o1_0.otp,u1_0.id,u1_0.email,u1_0.gender,u1_0.is_active,u1_0.name,u1_0.profile_image,u1_0.pwd,u1_0.role,u1_0.tell,o1_0.verified from otp o1_0 left join tb_users u1_0 on u1_0.id=o1_0.user_id where o1_0.user_id=?
Hibernate: select o1_0.id,o1_0.expiry_time,o1_0.otp,u1_0.id,u1_0.email,u1_0.gender,u1_0.is_active,u1_0.name,u1_0.profile_image,u1_0.pwd,u1_0.role,u1_0.tell,o1_0.verified from otp o1_0 left join tb_users u1_0 on u1_0.id=o1_0.user_id where o1_0.user_id=?
2026-09-15T12:10:38.345+07:00 DEBUG 21060 --- [vehicles_rental] [nio-8080-exec-2] o.s.web.servlet.DispatcherServlet        : GET "/api/payments/bakong/scan-status?reference=0256dce21541c61edb0ee90674e30b3c&amount=0.4&currency=USD", parameters={masked}
2026-09-15T12:10:38.345+07:00 DEBUG 21060 --- [vehicles_rental] [nio-8080-exec-2] s.w.s.m.m.a.RequestMappingHandlerMapping : Mapped to org.example.vehicles_rental.controller.PaymentController#checkBakongScanPayment(String, BigDecimal, String)
2026-09-15T12:10:38.346+07:00 DEBUG 21060 --- [vehicles_rental] [nio-8080-exec-2] o.s.web.client.RestTemplate              : HTTP POST https://api-bakong.nbc.gov.kh/v1/check_transaction_by_md5
2026-09-15T12:10:38.346+07:00 DEBUG 21060 --- [vehicles_rental] [nio-8080-exec-2] o.s.web.client.RestTemplate              : Accept=[application/json, application/*+json]
2026-09-15T12:10:38.346+07:00 DEBUG 21060 --- [vehicles_rental] [nio-8080-exec-2] o.s.web.client.RestTemplate              : Writing [{md5=0256dce21541c61edb0ee90674e30b3c}] as "application/json"
2026-09-15T12:10:38.560+07:00 DEBUG 21060 --- [vehicles_rental] [nio-8080-exec-2] o.s.web.client.RestTemplate              : Response 200 OK
2026-09-15T12:10:38.560+07:00 DEBUG 21060 --- [vehicles_rental] [nio-8080-exec-2] o.s.web.client.RestTemplate              : Reading to [java.util.Map<java.lang.String, java.lang.Object>]
2026-09-15T12:10:38.561+07:00 DEBUG 21060 --- [vehicles_rental] [nio-8080-exec-2] o.s.w.s.m.m.a.HttpEntityMethodProcessor  : Using 'application/json', given [application/json, text/plain, */*] and supported [application/json, application/*+json]
2026-09-15T12:10:38.561+07:00 DEBUG 21060 --- [vehicles_rental] [nio-8080-exec-2] o.s.w.s.m.m.a.HttpEntityMethodProcessor  : Writing [BakongPaymentResponse(paymentId=null, bookingId=null, amount=null, currency=null, transactionId=null (truncated)...]
2026-09-15T12:10:38.562+07:00 DEBUG 21060 --- [vehicles_rental] [nio-8080-exec-2] o.s.web.servlet.DispatcherServlet        : Completed 200 OK
2026-09-15T12:10:43.348+07:00 DEBUG 21060 --- [vehicles_rental] [nio-8080-exec-1] org.hibernate.SQL                        : select u1_0.id,u1_0.email,u1_0.gender,u1_0.is_active,u1_0.name,u1_0.profile_image,u1_0.pwd,u1_0.role,u1_0.tell from tb_users u1_0 where u1_0.email=?
Hibernate: select u1_0.id,u1_0.email,u1_0.gender,u1_0.is_active,u1_0.name,u1_0.profile_image,u1_0.pwd,u1_0.role,u1_0.tell from tb_users u1_0 where u1_0.email=?
2026-09-15T12:10:43.349+07:00 DEBUG 21060 --- [vehicles_rental] [nio-8080-exec-1] org.hibernate.SQL                        : select o1_0.id,o1_0.expiry_time,o1_0.otp,u1_0.id,u1_0.email,u1_0.gender,u1_0.is_active,u1_0.name,u1_0.profile_image,u1_0.pwd,u1_0.role,u1_0.tell,o1_0.verified from otp o1_0 left join tb_users u1_0 on u1_0.id=o1_0.user_id where o1_0.user_id=?
Hibernate: select o1_0.id,o1_0.expiry_time,o1_0.otp,u1_0.id,u1_0.email,u1_0.gender,u1_0.is_active,u1_0.name,u1_0.profile_image,u1_0.pwd,u1_0.role,u1_0.tell,o1_0.verified from otp o1_0 left join tb_users u1_0 on u1_0.id=o1_0.user_id where o1_0.user_id=?
2026-09-15T12:10:43.350+07:00 DEBUG 21060 --- [vehicles_rental] [nio-8080-exec-1] o.s.web.servlet.DispatcherServlet        : GET "/api/payments/bakong/scan-status?reference=0256dce21541c61edb0ee90674e30b3c&amount=0.4&currency=USD", parameters={masked}
2026-09-15T12:10:43.350+07:00 DEBUG 21060 --- [vehicles_rental] [nio-8080-exec-1] s.w.s.m.m.a.RequestMappingHandlerMapping : Mapped to org.example.vehicles_rental.controller.PaymentController#checkBakongScanPayment(String, BigDecimal, String)
2026-09-15T12:10:43.350+07:00 DEBUG 21060 --- [vehicles_rental] [nio-8080-exec-1] o.s.web.client.RestTemplate              : HTTP POST https://api-bakong.nbc.gov.kh/v1/check_transaction_by_md5
2026-09-15T12:10:43.350+07:00 DEBUG 21060 --- [vehicles_rental] [nio-8080-exec-1] o.s.web.client.RestTemplate              : Accept=[application/json, application/*+json]
2026-09-15T12:10:43.351+07:00 DEBUG 21060 --- [vehicles_rental] [nio-8080-exec-1] o.s.web.client.RestTemplate              : Writing [{md5=0256dce21541c61edb0ee90674e30b3c}] as "application/json"
2026-09-15T12:10:43.560+07:00 DEBUG 21060 --- [vehicles_rental] [nio-8080-exec-1] o.s.web.client.RestTemplate              : Response 200 OK
2026-09-15T12:10:43.560+07:00 DEBUG 21060 --- [vehicles_rental] [nio-8080-exec-1] o.s.web.client.RestTemplate              : Reading to [java.util.Map<java.lang.String, java.lang.Object>]
2026-09-15T12:10:43.560+07:00 DEBUG 21060 --- [vehicles_rental] [nio-8080-exec-1] o.s.w.s.m.m.a.HttpEntityMethodProcessor  : Using 'application/json', given [application/json, text/plain, */*] and supported [application/json, application/*+json]
2026-09-15T12:10:43.560+07:00 DEBUG 21060 --- [vehicles_rental] [nio-8080-exec-1] o.s.w.s.m.m.a.HttpEntityMethodProcessor  : Writing [BakongPaymentResponse(paymentId=null, bookingId=null, amount=null, currency=null, transactionId=null (truncated)...]
2026-09-15T12:10:43.560+07:00 DEBUG 21060 --- [vehicles_rental] [nio-8080-exec-1] o.s.web.servlet.DispatcherServlet        : Completed 200 OK
2026-09-15T12:10:48.356+07:00 DEBUG 21060 --- [vehicles_rental] [nio-8080-exec-4] org.hibernate.SQL                        : select u1_0.id,u1_0.email,u1_0.gender,u1_0.is_active,u1_0.name,u1_0.profile_image,u1_0.pwd,u1_0.role,u1_0.tell from tb_users u1_0 where u1_0.email=?
Hibernate: select u1_0.id,u1_0.email,u1_0.gender,u1_0.is_active,u1_0.name,u1_0.profile_image,u1_0.pwd,u1_0.role,u1_0.tell from tb_users u1_0 where u1_0.email=?
2026-09-15T12:10:48.356+07:00 DEBUG 21060 --- [vehicles_rental] [nio-8080-exec-4] org.hibernate.SQL                        : select o1_0.id,o1_0.expiry_time,o1_0.otp,u1_0.id,u1_0.email,u1_0.gender,u1_0.is_active,u1_0.name,u1_0.profile_image,u1_0.pwd,u1_0.role,u1_0.tell,o1_0.verified from otp o1_0 left join tb_users u1_0 on u1_0.id=o1_0.user_id where o1_0.user_id=?
Hibernate: select o1_0.id,o1_0.expiry_time,o1_0.otp,u1_0.id,u1_0.email,u1_0.gender,u1_0.is_active,u1_0.name,u1_0.profile_image,u1_0.pwd,u1_0.role,u1_0.tell,o1_0.verified from otp o1_0 left join tb_users u1_0 on u1_0.id=o1_0.user_id where o1_0.user_id=?
2026-09-15T12:10:48.357+07:00 DEBUG 21060 --- [vehicles_rental] [nio-8080-exec-4] o.s.web.servlet.DispatcherServlet        : GET "/api/payments/bakong/scan-status?reference=0256dce21541c61edb0ee90674e30b3c&amount=0.4&currency=USD", parameters={masked}
2026-09-15T12:10:48.358+07:00 DEBUG 21060 --- [vehicles_rental] [nio-8080-exec-4] s.w.s.m.m.a.RequestMappingHandlerMapping : Mapped to org.example.vehicles_rental.controller.PaymentController#checkBakongScanPayment(String, BigDecimal, String)
2026-09-15T12:10:48.359+07:00 DEBUG 21060 --- [vehicles_rental] [nio-8080-exec-4] o.s.web.client.RestTemplate              : HTTP POST https://api-bakong.nbc.gov.kh/v1/check_transaction_by_md5
2026-09-15T12:10:48.359+07:00 DEBUG 21060 --- [vehicles_rental] [nio-8080-exec-4] o.s.web.client.RestTemplate              : Accept=[application/json, application/*+json]
2026-09-15T12:10:48.359+07:00 DEBUG 21060 --- [vehicles_rental] [nio-8080-exec-4] o.s.web.client.RestTemplate              : Writing [{md5=0256dce21541c61edb0ee90674e30b3c}] as "application/json"
2026-09-15T12:10:48.568+07:00 DEBUG 21060 --- [vehicles_rental] [nio-8080-exec-4] o.s.web.client.RestTemplate              : Response 200 OK
2026-09-15T12:10:48.568+07:00 DEBUG 21060 --- [vehicles_rental] [nio-8080-exec-4] o.s.web.client.RestTemplate              : Reading to [java.util.Map<java.lang.String, java.lang.Object>]
2026-09-15T12:10:48.569+07:00 DEBUG 21060 --- [vehicles_rental] [nio-8080-exec-4] o.s.w.s.m.m.a.HttpEntityMethodProcessor  : Using 'application/json', given [application/json, text/plain, */*] and supported [application/json, application/*+json]
2026-09-15T12:10:48.570+07:00 DEBUG 21060 --- [vehicles_rental] [nio-8080-exec-4] o.s.w.s.m.m.a.HttpEntityMethodProcessor  : Writing [BakongPaymentResponse(paymentId=null, bookingId=null, amount=null, currency=null, transactionId=null (truncated)...]
2026-09-15T12:10:48.570+07:00 DEBUG 21060 --- [vehicles_rental] [nio-8080-exec-4] o.s.web.servlet.DispatcherServlet        : Completed 200 OK
2026-09-15T12:10:53.345+07:00 DEBUG 21060 --- [vehicles_rental] [nio-8080-exec-5] org.hibernate.SQL                        : select u1_0.id,u1_0.email,u1_0.gender,u1_0.is_active,u1_0.name,u1_0.profile_image,u1_0.pwd,u1_0.role,u1_0.tell from tb_users u1_0 where u1_0.email=?
Hibernate: select u1_0.id,u1_0.email,u1_0.gender,u1_0.is_active,u1_0.name,u1_0.profile_image,u1_0.pwd,u1_0.role,u1_0.tell from tb_users u1_0 where u1_0.email=?
2026-09-15T12:10:53.345+07:00 DEBUG 21060 --- [vehicles_rental] [nio-8080-exec-5] org.hibernate.SQL                        : select o1_0.id,o1_0.expiry_time,o1_0.otp,u1_0.id,u1_0.email,u1_0.gender,u1_0.is_active,u1_0.name,u1_0.profile_image,u1_0.pwd,u1_0.role,u1_0.tell,o1_0.verified from otp o1_0 left join tb_users u1_0 on u1_0.id=o1_0.user_id where o1_0.user_id=?
Hibernate: select o1_0.id,o1_0.expiry_time,o1_0.otp,u1_0.id,u1_0.email,u1_0.gender,u1_0.is_active,u1_0.name,u1_0.profile_image,u1_0.pwd,u1_0.role,u1_0.tell,o1_0.verified from otp o1_0 left join tb_users u1_0 on u1_0.id=o1_0.user_id where o1_0.user_id=?
2026-09-15T12:10:53.345+07:00 DEBUG 21060 --- [vehicles_rental] [nio-8080-exec-5] o.s.web.servlet.DispatcherServlet        : GET "/api/payments/bakong/scan-status?reference=0256dce21541c61edb0ee90674e30b3c&amount=0.4&currency=USD", parameters={masked}
2026-09-15T12:10:53.345+07:00 DEBUG 21060 --- [vehicles_rental] [nio-8080-exec-5] s.w.s.m.m.a.RequestMappingHandlerMapping : Mapped to org.example.vehicles_rental.controller.PaymentController#checkBakongScanPayment(String, BigDecimal, String)
2026-09-15T12:10:53.345+07:00 DEBUG 21060 --- [vehicles_rental] [nio-8080-exec-5] o.s.web.client.RestTemplate              : HTTP POST https://api-bakong.nbc.gov.kh/v1/check_transaction_by_md5
2026-09-15T12:10:53.345+07:00 DEBUG 21060 --- [vehicles_rental] [nio-8080-exec-5] o.s.web.client.RestTemplate              : Accept=[application/json, application/*+json]
2026-09-15T12:10:53.345+07:00 DEBUG 21060 --- [vehicles_rental] [nio-8080-exec-5] o.s.web.client.RestTemplate              : Writing [{md5=0256dce21541c61edb0ee90674e30b3c}] as "application/json"
2026-09-15T12:10:53.553+07:00 DEBUG 21060 --- [vehicles_rental] [nio-8080-exec-5] o.s.web.client.RestTemplate              : Response 200 OK
2026-09-15T12:10:53.553+07:00 DEBUG 21060 --- [vehicles_rental] [nio-8080-exec-5] o.s.web.client.RestTemplate              : Reading to [java.util.Map<java.lang.String, java.lang.Object>]
2026-09-15T12:10:53.553+07:00 DEBUG 21060 --- [vehicles_rental] [nio-8080-exec-5] o.s.w.s.m.m.a.HttpEntityMethodProcessor  : Using 'application/json', given [application/json, text/plain, */*] and supported [application/json, application/*+json]
2026-09-15T12:10:53.553+07:00 DEBUG 21060 --- [vehicles_rental] [nio-8080-exec-5] o.s.w.s.m.m.a.HttpEntityMethodProcessor  : Writing [BakongPaymentResponse(paymentId=null, bookingId=null, amount=null, currency=null, transactionId=null (truncated)...]
2026-09-15T12:10:53.553+07:00 DEBUG 21060 --- [vehicles_rental] [nio-8080-exec-5] o.s.web.servlet.DispatcherServlet        : Completed 200 OK
2026-09-15T12:10:58.342+07:00 DEBUG 21060 --- [vehicles_rental] [nio-8080-exec-3] org.hibernate.SQL                        : select u1_0.id,u1_0.email,u1_0.gender,u1_0.is_active,u1_0.name,u1_0.profile_image,u1_0.pwd,u1_0.role,u1_0.tell from tb_users u1_0 where u1_0.email=?
Hibernate: select u1_0.id,u1_0.email,u1_0.gender,u1_0.is_active,u1_0.name,u1_0.profile_image,u1_0.pwd,u1_0.role,u1_0.tell from tb_users u1_0 where u1_0.email=?
2026-09-15T12:10:58.346+07:00 DEBUG 21060 --- [vehicles_rental] [nio-8080-exec-3] org.hibernate.SQL                        : select o1_0.id,o1_0.expiry_time,o1_0.otp,u1_0.id,u1_0.email,u1_0.gender,u1_0.is_active,u1_0.name,u1_0.profile_image,u1_0.pwd,u1_0.role,u1_0.tell,o1_0.verified from otp o1_0 left join tb_users u1_0 on u1_0.id=o1_0.user_id where o1_0.user_id=?
Hibernate: select o1_0.id,o1_0.expiry_time,o1_0.otp,u1_0.id,u1_0.email,u1_0.gender,u1_0.is_active,u1_0.name,u1_0.profile_image,u1_0.pwd,u1_0.role,u1_0.tell,o1_0.verified from otp o1_0 left join tb_users u1_0 on u1_0.id=o1_0.user_id where o1_0.user_id=?
2026-09-15T12:10:58.348+07:00 DEBUG 21060 --- [vehicles_rental] [nio-8080-exec-3] o.s.web.servlet.DispatcherServlet        : GET "/api/payments/bakong/scan-status?reference=0256dce21541c61edb0ee90674e30b3c&amount=0.4&currency=USD", parameters={masked}
2026-09-15T12:10:58.348+07:00 DEBUG 21060 --- [vehicles_rental] [nio-8080-exec-3] s.w.s.m.m.a.RequestMappingHandlerMapping : Mapped to org.example.vehicles_rental.controller.PaymentController#checkBakongScanPayment(String, BigDecimal, String)
2026-09-15T12:10:58.349+07:00 DEBUG 21060 --- [vehicles_rental] [nio-8080-exec-3] o.s.web.client.RestTemplate              : HTTP POST https://api-bakong.nbc.gov.kh/v1/check_transaction_by_md5
2026-09-15T12:10:58.349+07:00 DEBUG 21060 --- [vehicles_rental] [nio-8080-exec-3] o.s.web.client.RestTemplate              : Accept=[application/json, application/*+json]
2026-09-15T12:10:58.349+07:00 DEBUG 21060 --- [vehicles_rental] [nio-8080-exec-3] o.s.web.client.RestTemplate              : Writing [{md5=0256dce21541c61edb0ee90674e30b3c}] as "application/json"
2026-09-15T12:10:58.564+07:00 DEBUG 21060 --- [vehicles_rental] [nio-8080-exec-3] o.s.web.client.RestTemplate              : Response 200 OK
2026-09-15T12:10:58.564+07:00 DEBUG 21060 --- [vehicles_rental] [nio-8080-exec-3] o.s.web.client.RestTemplate              : Reading to [java.util.Map<java.lang.String, java.lang.Object>]
2026-09-15T12:10:58.564+07:00 DEBUG 21060 --- [vehicles_rental] [nio-8080-exec-3] o.s.w.s.m.m.a.HttpEntityMethodProcessor  : Using 'application/json', given [application/json, text/plain, */*] and supported [application/json, application/*+json]
2026-09-15T12:10:58.564+07:00 DEBUG 21060 --- [vehicles_rental] [nio-8080-exec-3] o.s.w.s.m.m.a.HttpEntityMethodProcessor  : Writing [BakongPaymentResponse(paymentId=null, bookingId=null, amount=null, currency=null, transactionId=null (truncated)...]
2026-09-15T12:10:58.566+07:00 DEBUG 21060 --- [vehicles_rental] [nio-8080-exec-3] o.s.web.servlet.DispatcherServlet        : Completed 200 OK
2026-09-15T12:11:03.354+07:00 DEBUG 21060 --- [vehicles_rental] [nio-8080-exec-7] org.hibernate.SQL                        : select u1_0.id,u1_0.email,u1_0.gender,u1_0.is_active,u1_0.name,u1_0.profile_image,u1_0.pwd,u1_0.role,u1_0.tell from tb_users u1_0 where u1_0.email=?
Hibernate: select u1_0.id,u1_0.email,u1_0.gender,u1_0.is_active,u1_0.name,u1_0.profile_image,u1_0.pwd,u1_0.role,u1_0.tell from tb_users u1_0 where u1_0.email=?
2026-09-15T12:11:03.354+07:00 DEBUG 21060 --- [vehicles_rental] [nio-8080-exec-7] org.hibernate.SQL                        : select o1_0.id,o1_0.expiry_time,o1_0.otp,u1_0.id,u1_0.email,u1_0.gender,u1_0.is_active,u1_0.name,u1_0.profile_image,u1_0.pwd,u1_0.role,u1_0.tell,o1_0.verified from otp o1_0 left join tb_users u1_0 on u1_0.id=o1_0.user_id where o1_0.user_id=?
Hibernate: select o1_0.id,o1_0.expiry_time,o1_0.otp,u1_0.id,u1_0.email,u1_0.gender,u1_0.is_active,u1_0.name,u1_0.profile_image,u1_0.pwd,u1_0.role,u1_0.tell,o1_0.verified from otp o1_0 left join tb_users u1_0 on u1_0.id=o1_0.user_id where o1_0.user_id=?
2026-09-15T12:11:03.357+07:00 DEBUG 21060 --- [vehicles_rental] [nio-8080-exec-7] o.s.web.servlet.DispatcherServlet        : GET "/api/payments/bakong/scan-status?reference=0256dce21541c61edb0ee90674e30b3c&amount=0.4&currency=USD", parameters={masked}
2026-09-15T12:11:03.358+07:00 DEBUG 21060 --- [vehicles_rental] [nio-8080-exec-7] s.w.s.m.m.a.RequestMappingHandlerMapping : Mapped to org.example.vehicles_rental.controller.PaymentController#checkBakongScanPayment(String, BigDecimal, String)
2026-09-15T12:11:03.359+07:00 DEBUG 21060 --- [vehicles_rental] [nio-8080-exec-7] o.s.web.client.RestTemplate              : HTTP POST https://api-bakong.nbc.gov.kh/v1/check_transaction_by_md5
2026-09-15T12:11:03.359+07:00 DEBUG 21060 --- [vehicles_rental] [nio-8080-exec-7] o.s.web.client.RestTemplate              : Accept=[application/json, application/*+json]
2026-09-15T12:11:03.359+07:00 DEBUG 21060 --- [vehicles_rental] [nio-8080-exec-7] o.s.web.client.RestTemplate              : Writing [{md5=0256dce21541c61edb0ee90674e30b3c}] as "application/json"
2026-09-15T12:11:03.578+07:00 DEBUG 21060 --- [vehicles_rental] [nio-8080-exec-7] o.s.web.client.RestTemplate              : Response 200 OK
2026-09-15T12:11:03.578+07:00 DEBUG 21060 --- [vehicles_rental] [nio-8080-exec-7] o.s.web.client.RestTemplate              : Reading to [java.util.Map<java.lang.String, java.lang.Object>]
2026-09-15T12:11:03.579+07:00 DEBUG 21060 --- [vehicles_rental] [nio-8080-exec-7] o.s.w.s.m.m.a.HttpEntityMethodProcessor  : Using 'application/json', given [application/json, text/plain, */*] and supported [application/json, application/*+json]
2026-09-15T12:11:03.579+07:00 DEBUG 21060 --- [vehicles_rental] [nio-8080-exec-7] o.s.w.s.m.m.a.HttpEntityMethodProcessor  : Writing [BakongPaymentResponse(paymentId=null, bookingId=null, amount=null, currency=null, transactionId=null (truncated)...]
2026-09-15T12:11:03.579+07:00 DEBUG 21060 --- [vehicles_rental] [nio-8080-exec-7] o.s.web.servlet.DispatcherServlet        : Completed 200 OK
2026-09-15T12:11:08.351+07:00 DEBUG 21060 --- [vehicles_rental] [nio-8080-exec-6] org.hibernate.SQL                        : select u1_0.id,u1_0.email,u1_0.gender,u1_0.is_active,u1_0.name,u1_0.profile_image,u1_0.pwd,u1_0.role,u1_0.tell from tb_users u1_0 where u1_0.email=?
Hibernate: select u1_0.id,u1_0.email,u1_0.gender,u1_0.is_active,u1_0.name,u1_0.profile_image,u1_0.pwd,u1_0.role,u1_0.tell from tb_users u1_0 where u1_0.email=?
2026-09-15T12:11:08.351+07:00 DEBUG 21060 --- [vehicles_rental] [nio-8080-exec-6] org.hibernate.SQL                        : select o1_0.id,o1_0.expiry_time,o1_0.otp,u1_0.id,u1_0.email,u1_0.gender,u1_0.is_active,u1_0.name,u1_0.profile_image,u1_0.pwd,u1_0.role,u1_0.tell,o1_0.verified from otp o1_0 left join tb_users u1_0 on u1_0.id=o1_0.user_id where o1_0.user_id=?
Hibernate: select o1_0.id,o1_0.expiry_time,o1_0.otp,u1_0.id,u1_0.email,u1_0.gender,u1_0.is_active,u1_0.name,u1_0.profile_image,u1_0.pwd,u1_0.role,u1_0.tell,o1_0.verified from otp o1_0 left join tb_users u1_0 on u1_0.id=o1_0.user_id where o1_0.user_id=?
2026-09-15T12:11:08.353+07:00 DEBUG 21060 --- [vehicles_rental] [nio-8080-exec-6] o.s.web.servlet.DispatcherServlet        : GET "/api/payments/bakong/scan-status?reference=0256dce21541c61edb0ee90674e30b3c&amount=0.4&currency=USD", parameters={masked}
2026-09-15T12:11:08.353+07:00 DEBUG 21060 --- [vehicles_rental] [nio-8080-exec-6] s.w.s.m.m.a.RequestMappingHandlerMapping : Mapped to org.example.vehicles_rental.controller.PaymentController#checkBakongScanPayment(String, BigDecimal, String)
2026-09-15T12:11:08.354+07:00 DEBUG 21060 --- [vehicles_rental] [nio-8080-exec-6] o.s.web.client.RestTemplate              : HTTP POST https://api-bakong.nbc.gov.kh/v1/check_transaction_by_md5
2026-09-15T12:11:08.354+07:00 DEBUG 21060 --- [vehicles_rental] [nio-8080-exec-6] o.s.web.client.RestTemplate              : Accept=[application/json, application/*+json]
2026-09-15T12:11:08.354+07:00 DEBUG 21060 --- [vehicles_rental] [nio-8080-exec-6] o.s.web.client.RestTemplate              : Writing [{md5=0256dce21541c61edb0ee90674e30b3c}] as "application/json"
2026-09-15T12:11:08.574+07:00 DEBUG 21060 --- [vehicles_rental] [nio-8080-exec-6] o.s.web.client.RestTemplate              : Response 200 OK
2026-09-15T12:11:08.574+07:00 DEBUG 21060 --- [vehicles_rental] [nio-8080-exec-6] o.s.web.client.RestTemplate              : Reading to [java.util.Map<java.lang.String, java.lang.Object>]
2026-09-15T12:11:08.575+07:00 DEBUG 21060 --- [vehicles_rental] [nio-8080-exec-6] o.s.w.s.m.m.a.HttpEntityMethodProcessor  : Using 'application/json', given [application/json, text/plain, */*] and supported [application/json, application/*+json]
2026-09-15T12:11:08.575+07:00 DEBUG 21060 --- [vehicles_rental] [nio-8080-exec-6] o.s.w.s.m.m.a.HttpEntityMethodProcessor  : Writing [BakongPaymentResponse(paymentId=null, bookingId=null, amount=null, currency=null, transactionId=null (truncated)...]
2026-09-15T12:11:08.576+07:00 DEBUG 21060 --- [vehicles_rental] [nio-8080-exec-6] o.s.web.servlet.DispatcherServlet        : Completed 200 OK
2026-09-15T12:11:13.347+07:00 DEBUG 21060 --- [vehicles_rental] [nio-8080-exec-8] org.hibernate.SQL                        : select u1_0.id,u1_0.email,u1_0.gender,u1_0.is_active,u1_0.name,u1_0.profile_image,u1_0.pwd,u1_0.role,u1_0.tell from tb_users u1_0 where u1_0.email=?
Hibernate: select u1_0.id,u1_0.email,u1_0.gender,u1_0.is_active,u1_0.name,u1_0.profile_image,u1_0.pwd,u1_0.role,u1_0.tell from tb_users u1_0 where u1_0.email=?
2026-09-15T12:11:13.347+07:00 DEBUG 21060 --- [vehicles_rental] [nio-8080-exec-8] org.hibernate.SQL                        : select o1_0.id,o1_0.expiry_time,o1_0.otp,u1_0.id,u1_0.email,u1_0.gender,u1_0.is_active,u1_0.name,u1_0.profile_image,u1_0.pwd,u1_0.role,u1_0.tell,o1_0.verified from otp o1_0 left join tb_users u1_0 on u1_0.id=o1_0.user_id where o1_0.user_id=?
Hibernate: select o1_0.id,o1_0.expiry_time,o1_0.otp,u1_0.id,u1_0.email,u1_0.gender,u1_0.is_active,u1_0.name,u1_0.profile_image,u1_0.pwd,u1_0.role,u1_0.tell,o1_0.verified from otp o1_0 left join tb_users u1_0 on u1_0.id=o1_0.user_id where o1_0.user_id=?
2026-09-15T12:11:13.347+07:00 DEBUG 21060 --- [vehicles_rental] [nio-8080-exec-8] o.s.web.servlet.DispatcherServlet        : GET "/api/payments/bakong/scan-status?reference=0256dce21541c61edb0ee90674e30b3c&amount=0.4&currency=USD", parameters={masked}
2026-09-15T12:11:13.347+07:00 DEBUG 21060 --- [vehicles_rental] [nio-8080-exec-8] s.w.s.m.m.a.RequestMappingHandlerMapping : Mapped to org.example.vehicles_rental.controller.PaymentController#checkBakongScanPayment(String, BigDecimal, String)
2026-09-15T12:11:13.347+07:00 DEBUG 21060 --- [vehicles_rental] [nio-8080-exec-8] o.s.web.client.RestTemplate              : HTTP POST https://api-bakong.nbc.gov.kh/v1/check_transaction_by_md5
2026-09-15T12:11:13.355+07:00 DEBUG 21060 --- [vehicles_rental] [nio-8080-exec-8] o.s.web.client.RestTemplate              : Accept=[application/json, application/*+json]
2026-09-15T12:11:13.355+07:00 DEBUG 21060 --- [vehicles_rental] [nio-8080-exec-8] o.s.web.client.RestTemplate              : Writing [{md5=0256dce21541c61edb0ee90674e30b3c}] as "application/json"
2026-09-15T12:11:13.562+07:00 DEBUG 21060 --- [vehicles_rental] [nio-8080-exec-8] o.s.web.client.RestTemplate              : Response 200 OK
2026-09-15T12:11:13.562+07:00 DEBUG 21060 --- [vehicles_rental] [nio-8080-exec-8] o.s.web.client.RestTemplate              : Reading to [java.util.Map<java.lang.String, java.lang.Object>]
2026-09-15T12:11:13.562+07:00 DEBUG 21060 --- [vehicles_rental] [nio-8080-exec-8] o.s.w.s.m.m.a.HttpEntityMethodProcessor  : Using 'application/json', given [application/json, text/plain, */*] and supported [application/json, application/*+json]
2026-09-15T12:11:13.562+07:00 DEBUG 21060 --- [vehicles_rental] [nio-8080-exec-8] o.s.w.s.m.m.a.HttpEntityMethodProcessor  : Writing [BakongPaymentResponse(paymentId=null, bookingId=null, amount=null, currency=null, transactionId=null (truncated)...]
2026-09-15T12:11:13.567+07:00 DEBUG 21060 --- [vehicles_rental] [nio-8080-exec-8] o.s.web.servlet.DispatcherServlet        : Completed 200 OK
2026-09-15T12:11:18.347+07:00 DEBUG 21060 --- [vehicles_rental] [nio-8080-exec-9] org.hibernate.SQL                        : select u1_0.id,u1_0.email,u1_0.gender,u1_0.is_active,u1_0.name,u1_0.profile_image,u1_0.pwd,u1_0.role,u1_0.tell from tb_users u1_0 where u1_0.email=?
Hibernate: select u1_0.id,u1_0.email,u1_0.gender,u1_0.is_active,u1_0.name,u1_0.profile_image,u1_0.pwd,u1_0.role,u1_0.tell from tb_users u1_0 where u1_0.email=?
2026-09-15T12:11:18.348+07:00 DEBUG 21060 --- [vehicles_rental] [nio-8080-exec-9] org.hibernate.SQL                        : select o1_0.id,o1_0.expiry_time,o1_0.otp,u1_0.id,u1_0.email,u1_0.gender,u1_0.is_active,u1_0.name,u1_0.profile_image,u1_0.pwd,u1_0.role,u1_0.tell,o1_0.verified from otp o1_0 left join tb_users u1_0 on u1_0.id=o1_0.user_id where o1_0.user_id=?
Hibernate: select o1_0.id,o1_0.expiry_time,o1_0.otp,u1_0.id,u1_0.email,u1_0.gender,u1_0.is_active,u1_0.name,u1_0.profile_image,u1_0.pwd,u1_0.role,u1_0.tell,o1_0.verified from otp o1_0 left join tb_users u1_0 on u1_0.id=o1_0.user_id where o1_0.user_id=?
2026-09-15T12:11:18.348+07:00 DEBUG 21060 --- [vehicles_rental] [nio-8080-exec-9] o.s.web.servlet.DispatcherServlet        : GET "/api/payments/bakong/scan-status?reference=0256dce21541c61edb0ee90674e30b3c&amount=0.4&currency=USD", parameters={masked}
2026-09-15T12:11:18.348+07:00 DEBUG 21060 --- [vehicles_rental] [nio-8080-exec-9] s.w.s.m.m.a.RequestMappingHandlerMapping : Mapped to org.example.vehicles_rental.controller.PaymentController#checkBakongScanPayment(String, BigDecimal, String)
2026-09-15T12:11:18.349+07:00 DEBUG 21060 --- [vehicles_rental] [nio-8080-exec-9] o.s.web.client.RestTemplate              : HTTP POST https://api-bakong.nbc.gov.kh/v1/check_transaction_by_md5
2026-09-15T12:11:18.349+07:00 DEBUG 21060 --- [vehicles_rental] [nio-8080-exec-9] o.s.web.client.RestTemplate              : Accept=[application/json, application/*+json]
2026-09-15T12:11:18.349+07:00 DEBUG 21060 --- [vehicles_rental] [nio-8080-exec-9] o.s.web.client.RestTemplate              : Writing [{md5=0256dce21541c61edb0ee90674e30b3c}] as "application/json"
2026-09-15T12:11:18.562+07:00 DEBUG 21060 --- [vehicles_rental] [nio-8080-exec-9] o.s.web.client.RestTemplate              : Response 200 OK
2026-09-15T12:11:18.562+07:00 DEBUG 21060 --- [vehicles_rental] [nio-8080-exec-9] o.s.web.client.RestTemplate              : Reading to [java.util.Map<java.lang.String, java.lang.Object>]
2026-09-15T12:11:18.562+07:00 DEBUG 21060 --- [vehicles_rental] [nio-8080-exec-9] o.s.w.s.m.m.a.HttpEntityMethodProcessor  : Using 'application/json', given [application/json, text/plain, */*] and supported [application/json, application/*+json]
2026-09-15T12:11:18.562+07:00 DEBUG 21060 --- [vehicles_rental] [nio-8080-exec-9] o.s.w.s.m.m.a.HttpEntityMethodProcessor  : Writing [BakongPaymentResponse(paymentId=null, bookingId=null, amount=null, currency=null, transactionId=null (truncated)...]
2026-09-15T12:11:18.562+07:00 DEBUG 21060 --- [vehicles_rental] [nio-8080-exec-9] o.s.web.servlet.DispatcherServlet        : Completed 200 OK
2026-09-15T12:11:23.347+07:00 DEBUG 21060 --- [vehicles_rental] [io-8080-exec-10] org.hibernate.SQL                        : select u1_0.id,u1_0.email,u1_0.gender,u1_0.is_active,u1_0.name,u1_0.profile_image,u1_0.pwd,u1_0.role,u1_0.tell from tb_users u1_0 where u1_0.email=?
Hibernate: select u1_0.id,u1_0.email,u1_0.gender,u1_0.is_active,u1_0.name,u1_0.profile_image,u1_0.pwd,u1_0.role,u1_0.tell from tb_users u1_0 where u1_0.email=?
2026-09-15T12:11:23.347+07:00 DEBUG 21060 --- [vehicles_rental] [io-8080-exec-10] org.hibernate.SQL                        : select o1_0.id,o1_0.expiry_time,o1_0.otp,u1_0.id,u1_0.email,u1_0.gender,u1_0.is_active,u1_0.name,u1_0.profile_image,u1_0.pwd,u1_0.role,u1_0.tell,o1_0.verified from otp o1_0 left join tb_users u1_0 on u1_0.id=o1_0.user_id where o1_0.user_id=?
Hibernate: select o1_0.id,o1_0.expiry_time,o1_0.otp,u1_0.id,u1_0.email,u1_0.gender,u1_0.is_active,u1_0.name,u1_0.profile_image,u1_0.pwd,u1_0.role,u1_0.tell,o1_0.verified from otp o1_0 left join tb_users u1_0 on u1_0.id=o1_0.user_id where o1_0.user_id=?
2026-09-15T12:11:23.348+07:00 DEBUG 21060 --- [vehicles_rental] [io-8080-exec-10] o.s.web.servlet.DispatcherServlet        : GET "/api/payments/bakong/scan-status?reference=0256dce21541c61edb0ee90674e30b3c&amount=0.4&currency=USD", parameters={masked}
2026-09-15T12:11:23.348+07:00 DEBUG 21060 --- [vehicles_rental] [io-8080-exec-10] s.w.s.m.m.a.RequestMappingHandlerMapping : Mapped to org.example.vehicles_rental.controller.PaymentController#checkBakongScanPayment(String, BigDecimal, String)
2026-09-15T12:11:23.349+07:00 DEBUG 21060 --- [vehicles_rental] [io-8080-exec-10] o.s.web.client.RestTemplate              : HTTP POST https://api-bakong.nbc.gov.kh/v1/check_transaction_by_md5
2026-09-15T12:11:23.349+07:00 DEBUG 21060 --- [vehicles_rental] [io-8080-exec-10] o.s.web.client.RestTemplate              : Accept=[application/json, application/*+json]
2026-09-15T12:11:23.349+07:00 DEBUG 21060 --- [vehicles_rental] [io-8080-exec-10] o.s.web.client.RestTemplate              : Writing [{md5=0256dce21541c61edb0ee90674e30b3c}] as "application/json"
2026-09-15T12:11:23.562+07:00 DEBUG 21060 --- [vehicles_rental] [io-8080-exec-10] o.s.web.client.RestTemplate              : Response 200 OK
2026-09-15T12:11:23.565+07:00 DEBUG 21060 --- [vehicles_rental] [io-8080-exec-10] o.s.web.client.RestTemplate              : Reading to [java.util.Map<java.lang.String, java.lang.Object>]
2026-09-15T12:11:23.565+07:00 DEBUG 21060 --- [vehicles_rental] [io-8080-exec-10] o.s.w.s.m.m.a.HttpEntityMethodProcessor  : Using 'application/json', given [application/json, text/plain, */*] and supported [application/json, application/*+json]
2026-09-15T12:11:23.565+07:00 DEBUG 21060 --- [vehicles_rental] [io-8080-exec-10] o.s.w.s.m.m.a.HttpEntityMethodProcessor  : Writing [BakongPaymentResponse(paymentId=null, bookingId=null, amount=null, currency=null, transactionId=null (truncated)...]
2026-09-15T12:11:23.565+07:00 DEBUG 21060 --- [vehicles_rental] [io-8080-exec-10] o.s.web.servlet.DispatcherServlet        : Completed 200 OK
2026-09-15T12:12:00.350+07:00 DEBUG 21060 --- [vehicles_rental] [nio-8080-exec-2] org.hibernate.SQL                        : select u1_0.id,u1_0.email,u1_0.gender,u1_0.is_active,u1_0.name,u1_0.profile_image,u1_0.pwd,u1_0.role,u1_0.tell from tb_users u1_0 where u1_0.email=?
Hibernate: select u1_0.id,u1_0.email,u1_0.gender,u1_0.is_active,u1_0.name,u1_0.profile_image,u1_0.pwd,u1_0.role,u1_0.tell from tb_users u1_0 where u1_0.email=?
2026-09-15T12:12:00.351+07:00 DEBUG 21060 --- [vehicles_rental] [nio-8080-exec-2] org.hibernate.SQL                        : select o1_0.id,o1_0.expiry_time,o1_0.otp,u1_0.id,u1_0.email,u1_0.gender,u1_0.is_active,u1_0.name,u1_0.profile_image,u1_0.pwd,u1_0.role,u1_0.tell,o1_0.verified from otp o1_0 left join tb_users u1_0 on u1_0.id=o1_0.user_id where o1_0.user_id=?
Hibernate: select o1_0.id,o1_0.expiry_time,o1_0.otp,u1_0.id,u1_0.email,u1_0.gender,u1_0.is_active,u1_0.name,u1_0.profile_image,u1_0.pwd,u1_0.role,u1_0.tell,o1_0.verified from otp o1_0 left join tb_users u1_0 on u1_0.id=o1_0.user_id where o1_0.user_id=?
2026-09-15T12:12:00.352+07:00 DEBUG 21060 --- [vehicles_rental] [nio-8080-exec-2] o.s.web.servlet.DispatcherServlet        : GET "/api/payments/bakong/scan-status?reference=0256dce21541c61edb0ee90674e30b3c&amount=0.4&currency=USD", parameters={masked}
2026-09-15T12:12:00.352+07:00 DEBUG 21060 --- [vehicles_rental] [nio-8080-exec-2] s.w.s.m.m.a.RequestMappingHandlerMapping : Mapped to org.example.vehicles_rental.controller.PaymentController#checkBakongScanPayment(String, BigDecimal, String)
2026-09-15T12:12:00.352+07:00 DEBUG 21060 --- [vehicles_rental] [nio-8080-exec-2] o.s.web.client.RestTemplate              : HTTP POST https://api-bakong.nbc.gov.kh/v1/check_transaction_by_md5
2026-09-15T12:12:00.352+07:00 DEBUG 21060 --- [vehicles_rental] [nio-8080-exec-2] o.s.web.client.RestTemplate              : Accept=[application/json, application/*+json]
2026-09-15T12:12:00.352+07:00 DEBUG 21060 --- [vehicles_rental] [nio-8080-exec-2] o.s.web.client.RestTemplate              : Writing [{md5=0256dce21541c61edb0ee90674e30b3c}] as "application/json"
2026-09-15T12:12:00.759+07:00 DEBUG 21060 --- [vehicles_rental] [nio-8080-exec-2] o.s.web.client.RestTemplate              : Response 200 OK
2026-09-15T12:12:00.759+07:00 DEBUG 21060 --- [vehicles_rental] [nio-8080-exec-2] o.s.web.client.RestTemplate              : Reading to [java.util.Map<java.lang.String, java.lang.Object>]
2026-09-15T12:12:00.760+07:00 DEBUG 21060 --- [vehicles_rental] [nio-8080-exec-2] o.s.w.s.m.m.a.HttpEntityMethodProcessor  : Using 'application/json', given [application/json, text/plain, */*] and supported [application/json, application/*+json]
2026-09-15T12:12:00.760+07:00 DEBUG 21060 --- [vehicles_rental] [nio-8080-exec-2] o.s.w.s.m.m.a.HttpEntityMethodProcessor  : Writing [BakongPaymentResponse(paymentId=null, bookingId=null, amount=null, currency=null, transactionId=null (truncated)...]
2026-09-15T12:12:00.761+07:00 DEBUG 21060 --- [vehicles_rental] [nio-8080-exec-2] o.s.web.servlet.DispatcherServlet        : Completed 200 OK
2026-09-15T12:13:00.346+07:00 DEBUG 21060 --- [vehicles_rental] [nio-8080-exec-1] org.hibernate.SQL                        : select u1_0.id,u1_0.email,u1_0.gender,u1_0.is_active,u1_0.name,u1_0.profile_image,u1_0.pwd,u1_0.role,u1_0.tell from tb_users u1_0 where u1_0.email=?
Hibernate: select u1_0.id,u1_0.email,u1_0.gender,u1_0.is_active,u1_0.name,u1_0.profile_image,u1_0.pwd,u1_0.role,u1_0.tell from tb_users u1_0 where u1_0.email=?
2026-09-15T12:13:00.346+07:00 DEBUG 21060 --- [vehicles_rental] [nio-8080-exec-1] org.hibernate.SQL                        : select o1_0.id,o1_0.expiry_time,o1_0.otp,u1_0.id,u1_0.email,u1_0.gender,u1_0.is_active,u1_0.name,u1_0.profile_image,u1_0.pwd,u1_0.role,u1_0.tell,o1_0.verified from otp o1_0 left join tb_users u1_0 on u1_0.id=o1_0.user_id where o1_0.user_id=?
Hibernate: select o1_0.id,o1_0.expiry_time,o1_0.otp,u1_0.id,u1_0.email,u1_0.gender,u1_0.is_active,u1_0.name,u1_0.profile_image,u1_0.pwd,u1_0.role,u1_0.tell,o1_0.verified from otp o1_0 left join tb_users u1_0 on u1_0.id=o1_0.user_id where o1_0.user_id=?
2026-09-15T12:13:00.348+07:00 DEBUG 21060 --- [vehicles_rental] [nio-8080-exec-1] o.s.web.servlet.DispatcherServlet        : GET "/api/payments/bakong/scan-status?reference=0256dce21541c61edb0ee90674e30b3c&amount=0.4&currency=USD", parameters={masked}
2026-09-15T12:13:00.348+07:00 DEBUG 21060 --- [vehicles_rental] [nio-8080-exec-1] s.w.s.m.m.a.RequestMappingHandlerMapping : Mapped to org.example.vehicles_rental.controller.PaymentController#checkBakongScanPayment(String, BigDecimal, String)
2026-09-15T12:13:00.349+07:00 DEBUG 21060 --- [vehicles_rental] [nio-8080-exec-1] o.s.web.client.RestTemplate              : HTTP POST https://api-bakong.nbc.gov.kh/v1/check_transaction_by_md5
2026-09-15T12:13:00.349+07:00 DEBUG 21060 --- [vehicles_rental] [nio-8080-exec-1] o.s.web.client.RestTemplate              : Accept=[application/json, application/*+json]
2026-09-15T12:13:00.349+07:00 DEBUG 21060 --- [vehicles_rental] [nio-8080-exec-1] o.s.web.client.RestTemplate              : Writing [{md5=0256dce21541c61edb0ee90674e30b3c}] as "application/json"
2026-09-15T12:13:00.694+07:00 DEBUG 21060 --- [vehicles_rental] [nio-8080-exec-1] o.s.web.client.RestTemplate              : Response 200 OK
2026-09-15T12:13:00.694+07:00 DEBUG 21060 --- [vehicles_rental] [nio-8080-exec-1] o.s.web.client.RestTemplate              : Reading to [java.util.Map<java.lang.String, java.lang.Object>]
2026-09-15T12:13:00.696+07:00 DEBUG 21060 --- [vehicles_rental] [nio-8080-exec-1] o.s.w.s.m.m.a.HttpEntityMethodProcessor  : Using 'application/json', given [application/json, text/plain, */*] and supported [application/json, application/*+json]
2026-09-15T12:13:00.696+07:00 DEBUG 21060 --- [vehicles_rental] [nio-8080-exec-1] o.s.w.s.m.m.a.HttpEntityMethodProcessor  : Writing [BakongPaymentResponse(paymentId=null, bookingId=null, amount=null, currency=null, transactionId=null (truncated)...]
2026-09-15T12:13:00.699+07:00 DEBUG 21060 --- [vehicles_rental] [nio-8080-exec-1] o.s.web.servlet.DispatcherServlet        : Completed 200 OK
2026-09-15T12:14:00.347+07:00 DEBUG 21060 --- [vehicles_rental] [nio-8080-exec-4] org.hibernate.SQL                        : select u1_0.id,u1_0.email,u1_0.gender,u1_0.is_active,u1_0.name,u1_0.profile_image,u1_0.pwd,u1_0.role,u1_0.tell from tb_users u1_0 where u1_0.email=?
Hibernate: select u1_0.id,u1_0.email,u1_0.gender,u1_0.is_active,u1_0.name,u1_0.profile_image,u1_0.pwd,u1_0.role,u1_0.tell from tb_users u1_0 where u1_0.email=?
2026-09-15T12:14:00.348+07:00 DEBUG 21060 --- [vehicles_rental] [nio-8080-exec-4] org.hibernate.SQL                        : select o1_0.id,o1_0.expiry_time,o1_0.otp,u1_0.id,u1_0.email,u1_0.gender,u1_0.is_active,u1_0.name,u1_0.profile_image,u1_0.pwd,u1_0.role,u1_0.tell,o1_0.verified from otp o1_0 left join tb_users u1_0 on u1_0.id=o1_0.user_id where o1_0.user_id=?
Hibernate: select o1_0.id,o1_0.expiry_time,o1_0.otp,u1_0.id,u1_0.email,u1_0.gender,u1_0.is_active,u1_0.name,u1_0.profile_image,u1_0.pwd,u1_0.role,u1_0.tell,o1_0.verified from otp o1_0 left join tb_users u1_0 on u1_0.id=o1_0.user_id where o1_0.user_id=?
2026-09-15T12:14:00.349+07:00 DEBUG 21060 --- [vehicles_rental] [nio-8080-exec-4] o.s.web.servlet.DispatcherServlet        : GET "/api/payments/bakong/scan-status?reference=0256dce21541c61edb0ee90674e30b3c&amount=0.4&currency=USD", parameters={masked}
2026-09-15T12:14:00.349+07:00 DEBUG 21060 --- [vehicles_rental] [nio-8080-exec-4] s.w.s.m.m.a.RequestMappingHandlerMapping : Mapped to org.example.vehicles_rental.controller.PaymentController#checkBakongScanPayment(String, BigDecimal, String)
2026-09-15T12:14:00.350+07:00 DEBUG 21060 --- [vehicles_rental] [nio-8080-exec-4] o.s.web.client.RestTemplate              : HTTP POST https://api-bakong.nbc.gov.kh/v1/check_transaction_by_md5
2026-09-15T12:14:00.350+07:00 DEBUG 21060 --- [vehicles_rental] [nio-8080-exec-4] o.s.web.client.RestTemplate              : Accept=[application/json, application/*+json]
2026-09-15T12:14:00.350+07:00 DEBUG 21060 --- [vehicles_rental] [nio-8080-exec-4] o.s.web.client.RestTemplate              : Writing [{md5=0256dce21541c61edb0ee90674e30b3c}] as "application/json"
2026-09-15T12:14:00.824+07:00 DEBUG 21060 --- [vehicles_rental] [nio-8080-exec-4] o.s.web.client.RestTemplate              : Response 200 OK
2026-09-15T12:14:00.824+07:00 DEBUG 21060 --- [vehicles_rental] [nio-8080-exec-4] o.s.web.client.RestTemplate              : Reading to [java.util.Map<java.lang.String, java.lang.Object>]
2026-09-15T12:14:00.824+07:00 DEBUG 21060 --- [vehicles_rental] [nio-8080-exec-4] o.s.w.s.m.m.a.HttpEntityMethodProcessor  : Using 'application/json', given [application/json, text/plain, */*] and supported [application/json, application/*+json]
2026-09-15T12:14:00.824+07:00 DEBUG 21060 --- [vehicles_rental] [nio-8080-exec-4] o.s.w.s.m.m.a.HttpEntityMethodProcessor  : Writing [BakongPaymentResponse(paymentId=null, bookingId=null, amount=null, currency=null, transactionId=null (truncated)...]
2026-09-15T12:14:00.825+07:00 DEBUG 21060 --- [vehicles_rental] [nio-8080-exec-4] o.s.web.servlet.DispatcherServlet        : Completed 200 OK
2026-09-15T12:15:00.345+07:00 DEBUG 21060 --- [vehicles_rental] [nio-8080-exec-5] org.hibernate.SQL                        : select u1_0.id,u1_0.email,u1_0.gender,u1_0.is_active,u1_0.name,u1_0.profile_image,u1_0.pwd,u1_0.role,u1_0.tell from tb_users u1_0 where u1_0.email=?
Hibernate: select u1_0.id,u1_0.email,u1_0.gender,u1_0.is_active,u1_0.name,u1_0.profile_image,u1_0.pwd,u1_0.role,u1_0.tell from tb_users u1_0 where u1_0.email=?
2026-09-15T12:15:00.345+07:00 DEBUG 21060 --- [vehicles_rental] [nio-8080-exec-5] org.hibernate.SQL                        : select o1_0.id,o1_0.expiry_time,o1_0.otp,u1_0.id,u1_0.email,u1_0.gender,u1_0.is_active,u1_0.name,u1_0.profile_image,u1_0.pwd,u1_0.role,u1_0.tell,o1_0.verified from otp o1_0 left join tb_users u1_0 on u1_0.id=o1_0.user_id where o1_0.user_id=?
Hibernate: select o1_0.id,o1_0.expiry_time,o1_0.otp,u1_0.id,u1_0.email,u1_0.gender,u1_0.is_active,u1_0.name,u1_0.profile_image,u1_0.pwd,u1_0.role,u1_0.tell,o1_0.verified from otp o1_0 left join tb_users u1_0 on u1_0.id=o1_0.user_id where o1_0.user_id=?
2026-09-15T12:15:00.347+07:00 DEBUG 21060 --- [vehicles_rental] [nio-8080-exec-5] o.s.web.servlet.DispatcherServlet        : GET "/api/payments/bakong/scan-status?reference=0256dce21541c61edb0ee90674e30b3c&amount=0.4&currency=USD", parameters={masked}
2026-09-15T12:15:00.347+07:00 DEBUG 21060 --- [vehicles_rental] [nio-8080-exec-5] s.w.s.m.m.a.RequestMappingHandlerMapping : Mapped to org.example.vehicles_rental.controller.PaymentController#checkBakongScanPayment(String, BigDecimal, String)
2026-09-15T12:15:00.347+07:00 DEBUG 21060 --- [vehicles_rental] [nio-8080-exec-5] o.s.web.client.RestTemplate              : HTTP POST https://api-bakong.nbc.gov.kh/v1/check_transaction_by_md5
2026-09-15T12:15:00.347+07:00 DEBUG 21060 --- [vehicles_rental] [nio-8080-exec-5] o.s.web.client.RestTemplate              : Accept=[application/json, application/*+json]
2026-09-15T12:15:00.347+07:00 DEBUG 21060 --- [vehicles_rental] [nio-8080-exec-5] o.s.web.client.RestTemplate              : Writing [{md5=0256dce21541c61edb0ee90674e30b3c}] as "application/json"
2026-09-15T12:15:00.725+07:00 DEBUG 21060 --- [vehicles_rental] [nio-8080-exec-5] o.s.web.client.RestTemplate              : Response 200 OK
2026-09-15T12:15:00.726+07:00 DEBUG 21060 --- [vehicles_rental] [nio-8080-exec-5] o.s.web.client.RestTemplate              : Reading to [java.util.Map<java.lang.String, java.lang.Object>]
2026-09-15T12:15:00.727+07:00 DEBUG 21060 --- [vehicles_rental] [nio-8080-exec-5] o.s.w.s.m.m.a.HttpEntityMethodProcessor  : Using 'application/json', given [application/json, text/plain, */*] and supported [application/json, application/*+json]
2026-09-15T12:15:00.727+07:00 DEBUG 21060 --- [vehicles_rental] [nio-8080-exec-5] o.s.w.s.m.m.a.HttpEntityMethodProcessor  : Writing [BakongPaymentResponse(paymentId=null, bookingId=null, amount=null, currency=null, transactionId=null (truncated)...]
2026-09-15T12:15:00.727+07:00 DEBUG 21060 --- [vehicles_rental] [nio-8080-exec-5] o.s.web.servlet.DispatcherServlet        : Completed 200 OK
2026-09-15T12:16:00.357+07:00 DEBUG 21060 --- [vehicles_rental] [nio-8080-exec-3] org.hibernate.SQL                        : select u1_0.id,u1_0.email,u1_0.gender,u1_0.is_active,u1_0.name,u1_0.profile_image,u1_0.pwd,u1_0.role,u1_0.tell from tb_users u1_0 where u1_0.email=?
Hibernate: select u1_0.id,u1_0.email,u1_0.gender,u1_0.is_active,u1_0.name,u1_0.profile_image,u1_0.pwd,u1_0.role,u1_0.tell from tb_users u1_0 where u1_0.email=?
2026-09-15T12:16:00.358+07:00 DEBUG 21060 --- [vehicles_rental] [nio-8080-exec-3] org.hibernate.SQL                        : select o1_0.id,o1_0.expiry_time,o1_0.otp,u1_0.id,u1_0.email,u1_0.gender,u1_0.is_active,u1_0.name,u1_0.profile_image,u1_0.pwd,u1_0.role,u1_0.tell,o1_0.verified from otp o1_0 left join tb_users u1_0 on u1_0.id=o1_0.user_id where o1_0.user_id=?
Hibernate: select o1_0.id,o1_0.expiry_time,o1_0.otp,u1_0.id,u1_0.email,u1_0.gender,u1_0.is_active,u1_0.name,u1_0.profile_image,u1_0.pwd,u1_0.role,u1_0.tell,o1_0.verified from otp o1_0 left join tb_users u1_0 on u1_0.id=o1_0.user_id where o1_0.user_id=?
2026-09-15T12:16:00.359+07:00 DEBUG 21060 --- [vehicles_rental] [nio-8080-exec-3] o.s.web.servlet.DispatcherServlet        : GET "/api/payments/bakong/scan-status?reference=0256dce21541c61edb0ee90674e30b3c&amount=0.4&currency=USD", parameters={masked}
2026-09-15T12:16:00.360+07:00 DEBUG 21060 --- [vehicles_rental] [nio-8080-exec-3] s.w.s.m.m.a.RequestMappingHandlerMapping : Mapped to org.example.vehicles_rental.controller.PaymentController#checkBakongScanPayment(String, BigDecimal, String)
2026-09-15T12:16:00.360+07:00 DEBUG 21060 --- [vehicles_rental] [nio-8080-exec-3] o.s.web.client.RestTemplate              : HTTP POST https://api-bakong.nbc.gov.kh/v1/check_transaction_by_md5
2026-09-15T12:16:00.361+07:00 DEBUG 21060 --- [vehicles_rental] [nio-8080-exec-3] o.s.web.client.RestTemplate              : Accept=[application/json, application/*+json]
2026-09-15T12:16:00.361+07:00 DEBUG 21060 --- [vehicles_rental] [nio-8080-exec-3] o.s.web.client.RestTemplate              : Writing [{md5=0256dce21541c61edb0ee90674e30b3c}] as "application/json"
2026-09-15T12:16:00.872+07:00 DEBUG 21060 --- [vehicles_rental] [nio-8080-exec-3] o.s.web.client.RestTemplate              : Response 200 OK
2026-09-15T12:16:00.872+07:00 DEBUG 21060 --- [vehicles_rental] [nio-8080-exec-3] o.s.web.client.RestTemplate              : Reading to [java.util.Map<java.lang.String, java.lang.Object>]
2026-09-15T12:16:00.873+07:00 DEBUG 21060 --- [vehicles_rental] [nio-8080-exec-3] o.s.w.s.m.m.a.HttpEntityMethodProcessor  : Using 'application/json', given [application/json, text/plain, */*] and supported [application/json, application/*+json]
2026-09-15T12:16:00.873+07:00 DEBUG 21060 --- [vehicles_rental] [nio-8080-exec-3] o.s.w.s.m.m.a.HttpEntityMethodProcessor  : Writing [BakongPaymentResponse(paymentId=null, bookingId=null, amount=null, currency=null, transactionId=null (truncated)...]
2026-09-15T12:16:00.874+07:00 DEBUG 21060 --- [vehicles_rental] [nio-8080-exec-3] o.s.web.servlet.DispatcherServlet        : Completed 200 OK
2026-09-15T12:17:00.357+07:00 DEBUG 21060 --- [vehicles_rental] [nio-8080-exec-7] org.hibernate.SQL                        : select u1_0.id,u1_0.email,u1_0.gender,u1_0.is_active,u1_0.name,u1_0.profile_image,u1_0.pwd,u1_0.role,u1_0.tell from tb_users u1_0 where u1_0.email=?
Hibernate: select u1_0.id,u1_0.email,u1_0.gender,u1_0.is_active,u1_0.name,u1_0.profile_image,u1_0.pwd,u1_0.role,u1_0.tell from tb_users u1_0 where u1_0.email=?
2026-09-15T12:17:00.358+07:00 DEBUG 21060 --- [vehicles_rental] [nio-8080-exec-7] org.hibernate.SQL                        : select o1_0.id,o1_0.expiry_time,o1_0.otp,u1_0.id,u1_0.email,u1_0.gender,u1_0.is_active,u1_0.name,u1_0.profile_image,u1_0.pwd,u1_0.role,u1_0.tell,o1_0.verified from otp o1_0 left join tb_users u1_0 on u1_0.id=o1_0.user_id where o1_0.user_id=?
Hibernate: select o1_0.id,o1_0.expiry_time,o1_0.otp,u1_0.id,u1_0.email,u1_0.gender,u1_0.is_active,u1_0.name,u1_0.profile_image,u1_0.pwd,u1_0.role,u1_0.tell,o1_0.verified from otp o1_0 left join tb_users u1_0 on u1_0.id=o1_0.user_id where o1_0.user_id=?
2026-09-15T12:17:00.359+07:00 DEBUG 21060 --- [vehicles_rental] [nio-8080-exec-7] o.s.web.servlet.DispatcherServlet        : GET "/api/payments/bakong/scan-status?reference=0256dce21541c61edb0ee90674e30b3c&amount=0.4&currency=USD", parameters={masked}
2026-09-15T12:17:00.359+07:00 DEBUG 21060 --- [vehicles_rental] [nio-8080-exec-7] s.w.s.m.m.a.RequestMappingHandlerMapping : Mapped to org.example.vehicles_rental.controller.PaymentController#checkBakongScanPayment(String, BigDecimal, String)
2026-09-15T12:17:00.360+07:00 DEBUG 21060 --- [vehicles_rental] [nio-8080-exec-7] o.s.web.client.RestTemplate              : HTTP POST https://api-bakong.nbc.gov.kh/v1/check_transaction_by_md5
2026-09-15T12:17:00.360+07:00 DEBUG 21060 --- [vehicles_rental] [nio-8080-exec-7] o.s.web.client.RestTemplate              : Accept=[application/json, application/*+json]
2026-09-15T12:17:00.360+07:00 DEBUG 21060 --- [vehicles_rental] [nio-8080-exec-7] o.s.web.client.RestTemplate              : Writing [{md5=0256dce21541c61edb0ee90674e30b3c}] as "application/json"
2026-09-15T12:17:01.691+07:00 DEBUG 21060 --- [vehicles_rental] [nio-8080-exec-7] o.s.web.client.RestTemplate              : Response 200 OK
2026-09-15T12:17:01.691+07:00 DEBUG 21060 --- [vehicles_rental] [nio-8080-exec-7] o.s.web.client.RestTemplate              : Reading to [java.util.Map<java.lang.String, java.lang.Object>]
2026-09-15T12:17:01.692+07:00 DEBUG 21060 --- [vehicles_rental] [nio-8080-exec-7] o.s.w.s.m.m.a.HttpEntityMethodProcessor  : Using 'application/json', given [application/json, text/plain, */*] and supported [application/json, application/*+json]
2026-09-15T12:17:01.692+07:00 DEBUG 21060 --- [vehicles_rental] [nio-8080-exec-7] o.s.w.s.m.m.a.HttpEntityMethodProcessor  : Writing [BakongPaymentResponse(paymentId=null, bookingId=null, amount=null, currency=null, transactionId=null (truncated)...]
2026-09-15T12:17:01.693+07:00 DEBUG 21060 --- [vehicles_rental] [nio-8080-exec-7] o.s.web.servlet.DispatcherServlet        : Completed 200 OK
2026-09-15T12:17:47.719+07:00 DEBUG 21060 --- [vehicles_rental] [nio-8080-exec-6] org.hibernate.SQL                        : select u1_0.id,u1_0.email,u1_0.gender,u1_0.is_active,u1_0.name,u1_0.profile_image,u1_0.pwd,u1_0.role,u1_0.tell from tb_users u1_0 where u1_0.email=?
Hibernate: select u1_0.id,u1_0.email,u1_0.gender,u1_0.is_active,u1_0.name,u1_0.profile_image,u1_0.pwd,u1_0.role,u1_0.tell from tb_users u1_0 where u1_0.email=?
2026-09-15T12:17:47.720+07:00 DEBUG 21060 --- [vehicles_rental] [nio-8080-exec-6] org.hibernate.SQL                        : select o1_0.id,o1_0.expiry_time,o1_0.otp,u1_0.id,u1_0.email,u1_0.gender,u1_0.is_active,u1_0.name,u1_0.profile_image,u1_0.pwd,u1_0.role,u1_0.tell,o1_0.verified from otp o1_0 left join tb_users u1_0 on u1_0.id=o1_0.user_id where o1_0.user_id=?
Hibernate: select o1_0.id,o1_0.expiry_time,o1_0.otp,u1_0.id,u1_0.email,u1_0.gender,u1_0.is_active,u1_0.name,u1_0.profile_image,u1_0.pwd,u1_0.role,u1_0.tell,o1_0.verified from otp o1_0 left join tb_users u1_0 on u1_0.id=o1_0.user_id where o1_0.user_id=?
2026-09-15T12:17:47.721+07:00 DEBUG 21060 --- [vehicles_rental] [nio-8080-exec-6] o.s.web.servlet.DispatcherServlet        : GET "/api/payments/bakong/scan-status?reference=0256dce21541c61edb0ee90674e30b3c&amount=0.4&currency=USD", parameters={masked}
2026-09-15T12:17:47.721+07:00 DEBUG 21060 --- [vehicles_rental] [nio-8080-exec-6] s.w.s.m.m.a.RequestMappingHandlerMapping : Mapped to org.example.vehicles_rental.controller.PaymentController#checkBakongScanPayment(String, BigDecimal, String)
2026-09-15T12:17:47.721+07:00 DEBUG 21060 --- [vehicles_rental] [nio-8080-exec-6] o.s.web.client.RestTemplate              : HTTP POST https://api-bakong.nbc.gov.kh/v1/check_transaction_by_md5
2026-09-15T12:17:47.721+07:00 DEBUG 21060 --- [vehicles_rental] [nio-8080-exec-6] o.s.web.client.RestTemplate              : Accept=[application/json, application/*+json]
2026-09-15T12:17:47.721+07:00 DEBUG 21060 --- [vehicles_rental] [nio-8080-exec-6] o.s.web.client.RestTemplate              : Writing [{md5=0256dce21541c61edb0ee90674e30b3c}] as "application/json"
2026-09-15T12:17:48.249+07:00 DEBUG 21060 --- [vehicles_rental] [nio-8080-exec-6] o.s.web.client.RestTemplate              : Response 200 OK
2026-09-15T12:17:48.250+07:00 DEBUG 21060 --- [vehicles_rental] [nio-8080-exec-6] o.s.web.client.RestTemplate              : Reading to [java.util.Map<java.lang.String, java.lang.Object>]
2026-09-15T12:17:48.250+07:00 DEBUG 21060 --- [vehicles_rental] [nio-8080-exec-6] o.s.w.s.m.m.a.HttpEntityMethodProcessor  : Using 'application/json', given [application/json, text/plain, */*] and supported [application/json, application/*+json]
2026-09-15T12:17:48.250+07:00 DEBUG 21060 --- [vehicles_rental] [nio-8080-exec-6] o.s.w.s.m.m.a.HttpEntityMethodProcessor  : Writing [BakongPaymentResponse(paymentId=null, bookingId=null, amount=null, currency=null, transactionId=null (truncated)...]
2026-09-15T12:17:48.250+07:00 DEBUG 21060 --- [vehicles_rental] [nio-8080-exec-6] o.s.web.servlet.DispatcherServlet        : Completed 200 OK
